customer_id,churn_probability,monthly_bill,expected_profit_of_offer,decision,main_reason,second_reason
6496-SLWHQ,0.846,105.0,131.96,send offer,Tenure: 3 months,Internet service: Fiber optic
1400-MMYXY,0.836,105.9,131.33,send offer,Tenure: 3 months,Internet service: Fiber optic
3389-YGYAI,0.83,105.5,129.21,send offer,Tenure: 8 months,Internet service: Fiber optic
7216-EWTRS,0.868,100.8,128.97,send offer,Tenure: 1 months,Internet service: Fiber optic
5419-JPRRN,0.844,101.45,124.97,send offer,Tenure: 1 months,Internet service: Fiber optic
3606-TWKGI,0.801,106.9,124.94,send offer,Tenure: 13 months,Internet service: Fiber optic
8884-ADFVN,0.837,101.95,124.34,send offer,Tenure: 7 months,Internet service: Fiber optic
0781-LKXBR,0.842,100.5,122.83,send offer,Tenure: 9 months,Internet service: Fiber optic
4822-RVYBB,0.834,100.6,121.15,send offer,Tenure: 8 months,Internet service: Fiber optic
4587-VVTOX,0.796,105.3,120.99,send offer,Tenure: 6 months,Internet service: Fiber optic
9221-OTIVJ,0.798,104.85,120.76,send offer,Tenure: 14 months,Internet service: Fiber optic
3292-PBZEJ,0.751,111.4,120.66,send offer,Tenure: 11 months,Internet service: Fiber optic
2027-FECZV,0.782,106.7,120.13,send offer,Tenure: 12 months,Internet service: Fiber optic
6861-XWTWQ,0.834,99.25,118.85,send offer,Tenure: 7 months,Internet service: Fiber optic
5178-LMXOP,0.869,95.1,118.47,send offer,Tenure: 1 months,Internet service: Fiber optic
7024-OHCCK,0.877,93.85,117.77,send offer,Tenure: 2 months,Internet service: Fiber optic
6023-YEBUP,0.815,100.95,117.74,send offer,Tenure: 3 months,Internet service: Fiber optic
5567-WSELE,0.869,94.6,117.57,send offer,Tenure: 3 months,Internet service: Fiber optic
5150-ITWWB,0.866,94.85,117.51,send offer,Tenure: 3 months,Internet service: Fiber optic
0107-YHINA,0.823,99.75,117.26,send offer,Tenure: 1 months,Internet service: Fiber optic
9300-AGZNL,0.873,94.0,117.23,send offer,Tenure: 1 months,Internet service: Fiber optic
9305-CDSKC,0.821,99.65,116.67,send offer,Tenure: 8 months,Internet service: Fiber optic
8098-LLAZX,0.856,95.45,116.39,send offer,Tenure: 4 months,Internet service: Fiber optic
2012-NWRPA,0.818,99.55,115.81,send offer,Tenure: 11 months,Internet service: Fiber optic
2656-TABEH,0.811,100.2,115.57,send offer,Tenure: 4 months,Internet service: Fiber optic
9681-OXGVC,0.808,100.5,115.43,send offer,Tenure: 5 months,Internet service: Fiber optic
2720-WGKHP,0.864,94.0,115.42,send offer,Tenure: 2 months,Internet service: Fiber optic
2446-BEGGB,0.826,98.25,115.36,send offer,Tenure: 6 months,Internet service: Fiber optic
0702-PGIBZ,0.795,101.7,114.54,send offer,Tenure: 4 months,Internet service: Fiber optic
7450-NWRTR,0.812,99.45,114.35,send offer,Tenure: 12 months,Internet service: Fiber optic
9057-SIHCH,0.835,96.6,114.23,send offer,Tenure: 3 months,Internet service: Fiber optic
2265-CYWIV,0.809,99.6,114.05,send offer,Tenure: 4 months,Internet service: Fiber optic
3902-FOIGH,0.793,101.35,113.55,send offer,Tenure: 12 months,Internet service: Fiber optic
5052-PNLOS,0.763,105.35,113.52,send offer,Tenure: 3 months,Internet service: Fiber optic
2968-SSGAA,0.798,100.6,113.41,send offer,Tenure: 10 months,Internet service: Fiber optic
4424-TKOPW,0.853,93.85,113.01,send offer,Tenure: 2 months,Internet service: Fiber optic
0295-PPHDO,0.838,95.45,112.71,send offer,Tenure: 1 months,Internet service: Fiber optic
9497-QCMMS,0.854,93.55,112.6,send offer,Tenure: 1 months,Internet service: Fiber optic
2660-EMUBI,0.838,95.35,112.59,send offer,Tenure: 10 months,Internet service: Fiber optic
1374-DMZUI,0.847,94.3,112.47,send offer,Tenure: 4 months,Internet service: Fiber optic
4078-SAYYN,0.792,100.75,112.39,send offer,Tenure: 11 months,Internet service: Fiber optic
1875-QIVME,0.763,104.4,112.14,send offer,Tenure: 2 months,Internet service: Fiber optic
7851-WZEKY,0.837,95.15,112.1,send offer,Tenure: 2 months,Internet service: Fiber optic
3158-MOERK,0.829,96.0,111.97,send offer,Tenure: 2 months,Internet service: Fiber optic
3811-VBYBZ,0.796,99.8,111.61,send offer,Tenure: 7 months,Internet service: Fiber optic
0897-FEGMU,0.798,99.5,111.58,send offer,Tenure: 11 months,Internet service: Fiber optic
5299-SJCZT,0.782,101.55,111.57,send offer,Tenure: 3 months,Internet service: Fiber optic
7234-FECYN,0.783,101.35,111.42,send offer,Tenure: 8 months,Internet service: Fiber optic
6688-UZPWD,0.776,102.0,111.06,send offer,Tenure: 11 months,Internet service: Fiber optic
3621-CEOVK,0.789,100.2,110.71,send offer,Tenure: 14 months,Internet service: Fiber optic
4910-GMJOT,0.835,94.6,110.64,send offer,Tenure: 1 months,Internet service: Fiber optic
2081-VEYEH,0.731,107.95,110.43,send offer,Tenure: 3 months,Internet service: Fiber optic
8149-RSOUN,0.84,93.85,110.27,send offer,Tenure: 1 months,Internet service: Fiber optic
1455-UGQVH,0.798,98.5,109.88,send offer,Tenure: 10 months,Internet service: Fiber optic
1075-BGWOH,0.795,98.75,109.49,send offer,Tenure: 16 months,Internet service: Fiber optic
3049-SOLAY,0.824,95.2,109.45,send offer,Tenure: 3 months,Internet service: Fiber optic
3320-VEOYC,0.82,95.6,109.24,send offer,Tenure: 14 months,Internet service: Fiber optic
7181-BQYBV,0.763,102.45,108.74,send offer,Tenure: 1 months,Internet service: Fiber optic
5956-YHHRX,0.748,104.35,108.55,send offer,Internet service: Fiber optic,Contract type: Month-to-month
3178-FESZO,0.778,100.25,108.52,send offer,Tenure: 1 months,Internet service: Fiber optic
0680-DFNNY,0.769,101.1,107.95,send offer,Tenure: 15 months,Internet service: Fiber optic
3793-MMFUH,0.814,95.05,107.11,send offer,Tenure: 13 months,Internet service: Fiber optic
8245-UMPYT,0.801,96.4,106.76,send offer,Tenure: 16 months,Internet service: Fiber optic
6108-OQZDQ,0.786,97.95,106.28,send offer,Tenure: 4 months,Internet service: Fiber optic
6350-XFYGW,0.811,94.75,106.01,send offer,Tenure: 4 months,Internet service: Fiber optic
0564-JJHGS,0.803,95.5,105.71,send offer,Tenure: 9 months,Internet service: Fiber optic
8161-QYMTT,0.815,94.1,105.63,send offer,Tenure: 7 months,Internet service: Fiber optic
5565-FILXA,0.797,96.15,105.5,send offer,Tenure: 16 months,Internet service: Fiber optic
3319-DWOEP,0.8,95.75,105.47,send offer,Tenure: 6 months,Internet service: Fiber optic
4626-GYCZP,0.816,93.85,105.37,send offer,Tenure: 7 months,Internet service: Fiber optic
6734-GMPVK,0.727,105.3,105.33,send offer,Tenure: 5 months,Internet service: Fiber optic
9061-TIHDA,0.803,95.25,105.25,send offer,Tenure: 13 months,Internet service: Fiber optic
7225-CBZPL,0.807,94.8,105.24,send offer,Tenure: 17 months,Internet service: Fiber optic
8510-AWCXC,0.759,100.8,105.22,send offer,Tenure: 13 months,Internet service: Fiber optic
6521-YYTYI,0.818,93.3,104.87,send offer,Tenure: 1 months,Internet service: Fiber optic
5935-FCCNB,0.81,94.2,104.77,send offer,Tenure: 17 months,Internet service: Fiber optic
6615-NGGZJ,0.757,100.55,104.5,send offer,Tenure: 14 months,Internet service: Fiber optic
3988-RQIXO,0.834,91.3,104.42,send offer,Tenure: 1 months,Internet service: Fiber optic
0880-TKATG,0.752,101.15,104.23,send offer,Tenure: 4 months,Internet service: Fiber optic
7145-FEJWU,0.722,105.3,104.23,send offer,Tenure: 12 months,Internet service: Fiber optic
0916-QOFDP,0.794,95.8,104.2,send offer,Tenure: 14 months,Internet service: Fiber optic
8118-LSUEL,0.714,106.4,104.0,send offer,Internet service: Fiber optic,Contract type: Month-to-month
7943-RQCHR,0.801,94.75,103.96,send offer,Tenure: 9 months,Internet service: Fiber optic
6683-VLCTZ,0.768,98.55,103.51,send offer,Internet service: Fiber optic,Contract type: Month-to-month
6326-MTTXK,0.749,100.85,103.18,send offer,Tenure: 8 months,Internet service: Fiber optic
4695-WJZUE,0.851,88.55,102.76,send offer,Tenure: 2 months,Internet service: Fiber optic
9809-IMGCQ,0.779,96.7,102.74,send offer,Internet service: Fiber optic,Contract type: Month-to-month
4145-UQXUQ,0.818,92.1,102.68,send offer,Tenure: 8 months,Internet service: Fiber optic
5995-SNNEW,0.721,104.45,102.63,send offer,Internet service: Fiber optic,Contract type: Month-to-month
0754-UKWQP,0.783,95.85,102.2,send offer,Tenure: 2 months,Internet service: Fiber optic
3643-AHCFP,0.785,95.6,102.01,send offer,Tenure: 7 months,Internet service: Fiber optic
2982-VPSGI,0.796,94.0,101.64,send offer,Tenure: 11 months,Internet service: Fiber optic
1273-MTETI,0.842,88.85,101.53,send offer,Tenure: 4 months,Internet service: Fiber optic
9094-AZPHK,0.747,100.15,101.49,send offer,Tenure: 15 months,Internet service: Fiber optic
5519-NPHVG,0.793,94.2,101.42,send offer,Tenure: 12 months,Internet service: Fiber optic
1658-BYGOY,0.782,95.45,101.23,send offer,Internet service: Fiber optic,Tenure: 18 months
7668-XCFYV,0.806,92.55,101.04,send offer,Tenure: 17 months,Internet service: Fiber optic
9290-SHCMB,0.769,96.85,100.93,send offer,Tenure: 13 months,Internet service: Fiber optic
6892-XPFPU,0.714,104.25,100.82,send offer,Internet service: Fiber optic,Contract type: Month-to-month
4132-KALRO,0.738,100.85,100.7,send offer,Tenure: 4 months,Internet service: Fiber optic
8357-EQXFO,0.778,95.35,100.17,send offer,Tenure: 7 months,Internet service: Fiber optic
1415-YFWLT,0.83,89.3,100.07,send offer,Tenure: 1 months,Internet service: Fiber optic
2612-RANWT,0.739,100.15,99.97,send offer,Tenure: 12 months,Internet service: Fiber optic
3452-GWUIN,0.779,94.95,99.67,send offer,Internet service: Fiber optic,Contract type: Month-to-month
7398-SKNQZ,0.778,94.9,99.49,send offer,Tenure: 3 months,Internet service: Fiber optic
3629-ZNKXA,0.723,101.8,99.08,send offer,Tenure: 17 months,Internet service: Fiber optic
3473-XIIIT,0.736,100.0,99.05,send offer,Tenure: 16 months,Internet service: Fiber optic
3001-UNBTL,0.708,103.95,99.04,send offer,Internet service: Fiber optic,Contract type: Month-to-month
8414-MYSHR,0.805,91.4,98.87,send offer,Tenure: 5 months,Internet service: Fiber optic
6210-KBBPI,0.74,99.45,98.87,send offer,Tenure: 9 months,Internet service: Fiber optic
4192-GORJT,0.778,94.45,98.8,send offer,Tenure: 5 months,Internet service: Fiber optic
4060-LDNLU,0.764,96.2,98.78,send offer,Tenure: 7 months,Internet service: Fiber optic
0365-BZUWY,0.717,102.55,98.72,send offer,Tenure: 17 months,Internet service: Fiber optic
7029-RPUAV,0.731,100.45,98.69,send offer,Tenure: 17 months,Internet service: Fiber optic
0655-RBDUG,0.749,98.05,98.65,send offer,Tenure: 7 months,Internet service: Fiber optic
7526-BEZQB,0.765,96.05,98.63,send offer,Tenure: 12 months,Internet service: Fiber optic
9944-HKVVB,0.772,95.1,98.62,send offer,Tenure: 3 months,Internet service: Fiber optic
5760-IFJOZ,0.679,107.95,98.33,send offer,Tenure: 3 months,Internet service: Fiber optic
0871-URUWO,0.717,102.25,98.27,send offer,Tenure: 13 months,Internet service: Fiber optic
8775-LHDJH,0.808,90.6,98.2,send offer,Tenure: 1 months,Internet service: Fiber optic
1626-ERCMM,0.774,94.55,98.17,send offer,Internet service: Fiber optic,Contract type: Month-to-month
5293-WXJAK,0.704,104.05,98.11,send offer,Tenure: 11 months,Internet service: Fiber optic
6328-ZPBGN,0.769,95.15,98.08,send offer,Tenure: 11 months,Internet service: Fiber optic
1393-IMKZG,0.763,95.85,97.98,send offer,Tenure: 1 months,Internet service: Fiber optic
3068-OMWZA,0.822,88.8,97.68,send offer,Tenure: 1 months,Internet service: Fiber optic
4597-NUCQV,0.72,101.25,97.54,send offer,Internet service: Fiber optic,Contract type: Month-to-month
2454-RPBRZ,0.743,98.1,97.43,send offer,Tenure: 12 months,Internet service: Fiber optic
2107-FBPTK,0.7,104.1,97.4,send offer,Internet service: Fiber optic,Contract type: Month-to-month
4298-OYIFC,0.704,103.45,97.2,send offer,Tenure: 15 months,Internet service: Fiber optic
3957-LXOLK,0.685,106.15,97.0,send offer,Internet service: Fiber optic,Contract type: Month-to-month
3992-YWPKO,0.661,109.9,96.94,send offer,Tenure: 6 months,Internet service: Fiber optic
5380-AFSSK,0.773,93.9,96.82,send offer,Tenure: 5 months,Internet service: Fiber optic
1450-GALXR,0.736,98.5,96.62,send offer,Tenure: 10 months,Internet service: Fiber optic
9223-UCPVT,0.768,94.4,96.51,send offer,Tenure: 1 months,Internet service: Fiber optic
3318-NMQXL,0.787,92.0,96.47,send offer,Tenure: 3 months,Internet service: Fiber optic
1624-NALOJ,0.806,89.8,96.38,send offer,Tenure: 5 months,Internet service: Fiber optic
7938-OUHIO,0.733,98.7,96.36,send offer,Tenure: 3 months,Internet service: Fiber optic
3387-VATUS,0.763,94.85,96.34,send offer,Tenure: 5 months,Internet service: Fiber optic
3006-XIMLN,0.768,94.2,96.29,send offer,Tenure: 2 months,Internet service: Fiber optic
2865-TCHJW,0.811,89.2,96.26,send offer,Tenure: 4 months,Internet service: Fiber optic
7274-RTAPZ,0.799,90.55,96.19,send offer,Tenure: 1 months,Internet service: Fiber optic
4826-XTSOH,0.84,86.05,96.1,send offer,Tenure: 1 months,Internet service: Fiber optic
4927-WWOOZ,0.789,91.45,95.92,send offer,Tenure: 2 months,Internet service: Fiber optic
5883-GTGVD,0.722,99.95,95.83,send offer,Internet service: Fiber optic,Contract type: Month-to-month
2357-COQEK,0.698,103.3,95.81,send offer,Internet service: Fiber optic,Contract type: Month-to-month
9546-CQJSU,0.789,91.4,95.74,send offer,Tenure: 2 months,Internet service: Fiber optic
2725-KXXWT,0.794,90.75,95.64,send offer,Tenure: 1 months,Internet service: Fiber optic
4094-NSEDU,0.764,94.25,95.52,send offer,Internet service: Fiber optic,Contract type: Month-to-month
0722-SVSFK,0.717,100.4,95.52,send offer,Tenure: 7 months,Internet service: Fiber optic
7079-QRCBC,0.728,98.75,95.32,send offer,Internet service: Fiber optic,Contract type: Month-to-month
0187-QSXOE,0.807,89.0,95.21,send offer,Tenure: 7 months,Internet service: Fiber optic
9330-IJWIO,0.716,100.35,95.2,send offer,Tenure: 13 months,Internet service: Fiber optic
4847-TAJYI,0.804,89.35,95.12,send offer,Tenure: 6 months,Internet service: Fiber optic
7969-AULMZ,0.737,97.35,94.97,send offer,Internet service: Fiber optic,Contract type: Month-to-month
6969-MVBAI,0.794,90.1,94.57,send offer,Tenure: 9 months,Internet service: Fiber optic
5277-ZLOOR,0.836,85.55,94.56,send offer,Tenure: 2 months,Internet service: Fiber optic
1069-XAIEM,0.841,85.05,94.54,send offer,Tenure: 1 months,Internet service: Fiber optic
3027-ZTDHO,0.795,89.9,94.42,send offer,Tenure: 1 months,Internet service: Fiber optic
7548-SEPYI,0.743,96.25,94.42,send offer,Tenure: 5 months,Internet service: Fiber optic
2754-SDJRD,0.714,100.15,94.42,send offer,Tenure: 8 months,Internet service: Fiber optic
2462-XIIJB,0.773,92.5,94.37,send offer,Tenure: 5 months,Internet service: Fiber optic
1455-ESIQH,0.802,89.1,94.36,send offer,Tenure: 1 months,Internet service: Fiber optic
0970-ETWGE,0.797,89.55,94.12,send offer,Tenure: 1 months,Internet service: Fiber optic
3096-GKWEB,0.753,94.75,94.08,send offer,Internet service: Fiber optic,Tenure: 18 months
6030-REHUX,0.643,110.85,94.0,send offer,Internet service: Fiber optic,Contract type: Month-to-month
7209-JCUDS,0.751,94.9,93.94,send offer,Tenure: 10 months,Internet service: Fiber optic
2545-EBUPK,0.848,84.05,93.92,send offer,Tenure: 2 months,Internet service: Fiber optic
0011-IGKFF,0.727,98.0,93.92,send offer,Tenure: 13 months,Internet service: Fiber optic
1724-BQUHA,0.796,89.5,93.84,send offer,Tenure: 5 months,Internet service: Fiber optic
9134-CEQMF,0.795,89.5,93.73,send offer,Tenure: 7 months,Internet service: Fiber optic
2430-USGXP,0.704,101.05,93.6,send offer,Internet service: Fiber optic,Contract type: Month-to-month
1567-DSCIC,0.755,94.0,93.24,send offer,Tenure: 8 months,Internet service: Fiber optic
8313-NDOIA,0.681,104.15,93.2,send offer,Internet service: Fiber optic,Contract type: Month-to-month
4750-ZRXIU,0.838,84.6,93.14,send offer,Tenure: 4 months,Internet service: Fiber optic
5192-EBGOV,0.827,85.7,93.06,send offer,Tenure: 1 months,Internet service: Fiber optic
0094-OIFMO,0.746,95.0,93.01,send offer,Tenure: 11 months,Internet service: Fiber optic
0325-XBFAC,0.748,94.7,92.97,send offer,Tenure: 8 months,Internet service: Fiber optic
7577-SWIFR,0.793,89.25,92.94,send offer,Tenure: 1 months,Internet service: Fiber optic
6356-ELRKD,0.74,95.6,92.89,send offer,Tenure: 1 months,Internet service: Fiber optic
2034-GDRCN,0.782,90.4,92.72,send offer,Tenure: 2 months,Internet service: Fiber optic
5419-CONWX,0.708,99.8,92.71,send offer,Tenure: 4 months,Internet service: Fiber optic
7392-YYPYJ,0.702,100.65,92.69,send offer,Internet service: Fiber optic,Contract type: Month-to-month
9611-CTWIH,0.79,89.45,92.67,send offer,Tenure: 3 months,Internet service: Fiber optic
0236-HFWSV,0.757,93.35,92.59,send offer,Tenure: 15 months,Internet service: Fiber optic
6857-VWJDT,0.736,95.65,92.13,send offer,Tenure: 1 months,Internet service: Fiber optic
1583-IHQZE,0.623,112.95,92.09,send offer,Tenure: 12 months,Internet service: Fiber optic
4115-NZRKS,0.79,89.15,92.06,send offer,Tenure: 7 months,Internet service: Fiber optic
9172-ANCRX,0.713,98.7,92.03,send offer,Tenure: 10 months,Internet service: Fiber optic
4929-XIHVW,0.736,95.5,91.83,send offer,Tenure: 2 months,Internet service: Fiber optic
8625-AZYZY,0.67,104.65,91.56,send offer,Internet service: Fiber optic,Contract type: Month-to-month
7402-EYFXX,0.75,93.6,91.53,send offer,Internet service: Fiber optic,Contract type: Month-to-month
1579-KLYDT,0.775,90.45,91.48,send offer,Tenure: 7 months,Internet service: Fiber optic
4021-RQSNY,0.711,98.5,91.36,send offer,Internet service: Fiber optic,Contract type: Month-to-month
9025-AOMKI,0.749,93.55,91.32,send offer,Tenure: 6 months,Internet service: Fiber optic
2984-AFWNC,0.734,95.4,91.23,send offer,Tenure: 3 months,Internet service: Fiber optic
7779-LGOVN,0.808,86.65,91.14,send offer,Tenure: 10 months,Internet service: Fiber optic
3722-WPXTK,0.792,88.35,91.07,send offer,Tenure: 1 months,Internet service: Fiber optic
0329-GTIAJ,0.714,97.9,90.99,send offer,Tenure: 3 months,Internet service: Fiber optic
7218-HKQFK,0.742,94.2,90.97,send offer,Tenure: 2 months,Internet service: Fiber optic
5955-ERIHD,0.738,94.7,90.89,send offer,Internet service: Fiber optic,Tenure: 18 months
0115-TFERT,0.628,111.2,90.85,send offer,Internet service: Fiber optic,Contract type: Month-to-month
8087-LGYHQ,0.742,94.05,90.81,send offer,Tenure: 9 months,Internet service: Fiber optic
9725-SCPZG,0.768,90.85,90.77,send offer,Tenure: 1 months,Internet service: Fiber optic
8168-UQWWF,0.713,97.85,90.74,send offer,Tenure: 11 months,Internet service: Fiber optic
1389-CXMLU,0.765,91.05,90.53,send offer,Tenure: 3 months,Internet service: Fiber optic
2180-DXNEG,0.725,96.0,90.37,send offer,Tenure: 12 months,Internet service: Fiber optic
9253-QXKBE,0.737,94.45,90.29,send offer,Internet service: Fiber optic,Contract type: Month-to-month
2672-HUYVI,0.764,91.1,90.28,send offer,Tenure: 6 months,Internet service: Fiber optic
4958-XCBDQ,0.685,101.4,90.11,send offer,Internet service: Fiber optic,Contract type: Month-to-month
5698-BQJOH,0.736,94.4,90.04,send offer,Tenure: 9 months,Internet service: Fiber optic
6892-EZDTG,0.757,91.65,89.9,send offer,Tenure: 4 months,Internet service: Fiber optic
9547-ITEFG,0.675,102.6,89.55,send offer,Tenure: 9 months,Internet service: Fiber optic
4445-ZJNMU,0.697,99.3,89.47,send offer,Tenure: 9 months,Internet service: Fiber optic
6851-WEFYX,0.686,100.8,89.44,send offer,Internet service: Fiber optic,Contract type: Month-to-month
2645-QTLMB,0.734,94.25,89.38,send offer,Tenure: 7 months,Internet service: Fiber optic
5519-YLDGW,0.665,103.9,89.34,send offer,Internet service: Fiber optic,Contract type: Month-to-month
2990-HWIML,0.772,89.5,89.28,send offer,Tenure: 6 months,Internet service: Fiber optic
2929-ERCFZ,0.734,94.2,89.27,send offer,Tenure: 8 months,Internet service: Fiber optic
3045-XETSH,0.728,94.85,89.24,send offer,Tenure: 10 months,Internet service: Fiber optic
6583-KQJLK,0.73,94.65,89.18,send offer,Tenure: 15 months,Internet service: Fiber optic
3097-NQYSN,0.795,86.85,89.17,send offer,Tenure: 2 months,Internet service: Fiber optic
3398-FSHON,0.755,91.3,88.96,send offer,Tenure: 12 months,Internet service: Fiber optic
3338-CVVEH,0.729,94.55,88.95,send offer,Tenure: 12 months,Internet service: Fiber optic
9279-CJEOJ,0.723,95.4,88.93,send offer,Internet service: Fiber optic,Contract type: Month-to-month
5382-SOYZL,0.725,95.1,88.87,send offer,Internet service: Fiber optic,Contract type: Month-to-month
8337-UPOAQ,0.767,89.8,88.84,send offer,Tenure: 10 months,Internet service: Fiber optic
3393-FMZPV,0.687,100.25,88.77,send offer,Internet service: Fiber optic,Contract type: Month-to-month
1941-HOSAM,0.764,90.1,88.65,send offer,Tenure: 1 months,Internet service: Fiber optic
1960-UYCNN,0.722,95.25,88.63,send offer,Tenure: 10 months,Internet service: Fiber optic
8058-JMEQO,0.814,84.45,88.44,send offer,Tenure: 9 months,Internet service: Fiber optic
6630-UJZMY,0.824,83.25,88.18,send offer,Tenure: 4 months,Internet service: Fiber optic
8868-WOZGU,0.649,105.7,88.15,send offer,Internet service: Fiber optic,Contract type: Month-to-month
5299-RULOA,0.683,100.25,87.94,send offer,Tenure: 10 months,Internet service: Fiber optic
8603-IJWDN,0.791,86.6,87.89,send offer,Tenure: 1 months,Internet service: Fiber optic
2642-DTVCO,0.805,85.05,87.84,send offer,Tenure: 9 months,Internet service: Fiber optic
5168-MSWXT,0.722,94.75,87.8,send offer,Tenure: 8 months,Internet service: Fiber optic
2985-FMWYF,0.732,93.5,87.76,send offer,Internet service: Fiber optic,Contract type: Month-to-month
8622-ZLFKO,0.754,90.75,87.71,send offer,Tenure: 6 months,Internet service: Fiber optic
5349-IECLD,0.72,94.95,87.71,send offer,Tenure: 2 months,Internet service: Fiber optic
9189-JWSHV,0.731,93.55,87.68,send offer,Internet service: Fiber optic,Contract type: Month-to-month
5383-MMTWC,0.813,84.0,87.49,send offer,Tenure: 8 months,Internet service: Fiber optic
7156-MHUGY,0.754,90.5,87.41,send offer,Tenure: 13 months,Internet service: Fiber optic
9402-ORRAH,0.746,91.5,87.39,send offer,Tenure: 15 months,Internet service: Fiber optic
6100-QQHEB,0.737,92.55,87.25,send offer,Tenure: 17 months,Internet service: Fiber optic
4273-MBHYA,0.763,89.35,87.25,send offer,Tenure: 1 months,Internet service: Fiber optic
0259-GBZSH,0.795,85.65,87.01,send offer,Tenure: 2 months,Internet service: Fiber optic
7330-WZLNC,0.749,90.8,86.89,send offer,Tenure: 5 months,Internet service: Fiber optic
2754-VDLTR,0.714,95.2,86.83,send offer,Tenure: 10 months,Internet service: Fiber optic
3336-JORSO,0.615,110.45,86.68,send offer,Internet service: Fiber optic,Contract type: Month-to-month
1254-IZEYF,0.679,99.95,86.64,send offer,Internet service: Fiber optic,Contract type: Month-to-month
9282-IZGQK,0.799,85.0,86.62,send offer,Tenure: 1 months,Internet service: Fiber optic
0196-VULGZ,0.805,84.35,86.61,send offer,Tenure: 6 months,Internet service: Fiber optic
6543-XRMYR,0.681,99.7,86.6,send offer,Internet service: Fiber optic,Contract type: Month-to-month
3663-MITLP,0.67,101.25,86.59,send offer,Tenure: 15 months,Internet service: Fiber optic
5644-PDMZC,0.758,89.5,86.58,send offer,Tenure: 2 months,Internet service: Fiber optic
4912-PIGUY,0.802,84.6,86.51,send offer,Tenure: 1 months,Internet service: Fiber optic
4951-UKAAQ,0.763,88.95,86.51,send offer,Tenure: 4 months,Internet service: Fiber optic
4228-ZGYUW,0.753,90.05,86.51,send offer,Tenure: 4 months,Internet service: Fiber optic
2369-UAPKZ,0.651,104.1,86.45,send offer,Tenure: 5 months,Internet service: Fiber optic
0697-ZMSWS,0.791,85.65,86.37,send offer,Tenure: 4 months,Internet service: Fiber optic
8413-VONUO,0.708,95.65,86.34,send offer,Tenure: 2 months,Internet service: Fiber optic
5609-CEBID,0.72,94.1,86.33,send offer,Internet service: Fiber optic,Contract type: Month-to-month
0684-AOSIH,0.713,95.0,86.26,send offer,Tenure: 1 months,Internet service: Fiber optic
1143-NMNQJ,0.789,85.7,86.06,send offer,Tenure: 2 months,Internet service: Fiber optic
1104-TNLZA,0.639,105.8,85.96,send offer,Internet service: Fiber optic,Contract type: Month-to-month
8780-IXSTS,0.75,90.1,85.88,send offer,Tenure: 6 months,Internet service: Fiber optic
9919-KNPOO,0.714,94.3,85.49,send offer,Internet service: Fiber optic,Contract type: Month-to-month
3462-BJQQA,0.75,89.75,85.45,send offer,Tenure: 6 months,Internet service: Fiber optic
3585-ISXZP,0.703,95.65,85.32,send offer,Tenure: 8 months,Internet service: Fiber optic
2665-NPTGL,0.686,98.1,85.28,send offer,Internet service: Fiber optic,Contract type: Month-to-month
3874-EQOEP,0.708,95.0,85.27,send offer,Tenure: 7 months,Internet service: Fiber optic
7228-OMTPN,0.76,88.45,85.19,send offer,Tenure: 4 months,Internet service: Fiber optic
2205-YMZZJ,0.792,84.8,85.14,send offer,Tenure: 7 months,Internet service: Fiber optic
5244-IRFIH,0.71,94.5,84.98,send offer,Internet service: Fiber optic,Contract type: Month-to-month
1309-BXVOQ,0.632,106.1,84.91,send offer,Internet service: Fiber optic,Contract type: Month-to-month
1465-VINDH,0.657,102.1,84.87,send offer,Tenure: 10 months,Internet service: Fiber optic
0306-JAELE,0.697,96.1,84.66,send offer,Tenure: 5 months,Internet service: Fiber optic
4112-LUEIZ,0.748,89.5,84.6,send offer,Tenure: 10 months,Internet service: Fiber optic
6230-BSUXY,0.787,85.0,84.58,send offer,Tenure: 1 months,Internet service: Fiber optic
6979-ZNSFF,0.768,87.05,84.46,send offer,Tenure: 8 months,Internet service: Fiber optic
9360-OMDZZ,0.71,94.1,84.22,send offer,Internet service: Fiber optic,Contract type: Month-to-month
4566-NECEV,0.691,96.55,84.19,send offer,Tenure: 5 months,Internet service: Fiber optic
3217-FZDMN,0.707,94.45,84.16,send offer,Tenure: 8 months,Internet service: Fiber optic
6474-FVJLC,0.776,86.0,84.06,send offer,Tenure: 2 months,Internet service: Fiber optic
4548-SDBKE,0.782,85.2,83.99,send offer,Tenure: 5 months,Internet service: Fiber optic
1925-TIBLE,0.771,86.5,83.99,send offer,Tenure: 7 months,Internet service: Fiber optic
9874-QLCLH,0.639,104.2,83.74,send offer,Tenure: 17 months,Internet service: Fiber optic
5947-SGKCL,0.631,105.35,83.69,send offer,Tenure: 15 months,Internet service: Fiber optic
2371-JQHZZ,0.715,93.0,83.69,send offer,Internet service: Fiber optic,Contract type: Month-to-month
2034-CGRHZ,0.646,102.95,83.62,send offer,Internet service: Fiber optic,Contract type: Month-to-month
6215-NQCPY,0.666,99.7,83.41,send offer,Tenure: 15 months,Internet service: Fiber optic
6986-IXNDM,0.714,92.9,83.29,send offer,Tenure: 14 months,Internet service: Fiber optic
8111-SLLHI,0.627,105.65,83.17,send offer,Internet service: Fiber optic,Contract type: Month-to-month
7294-TMAOP,0.731,90.55,83.04,send offer,Tenure: 1 months,Internet service: Fiber optic
0302-JOIVN,0.654,101.15,82.96,send offer,Tenure: 8 months,Internet service: Fiber optic
3318-OSATS,0.693,95.45,82.94,send offer,Internet service: Fiber optic,Contract type: Month-to-month
7488-MXJIV,0.771,85.65,82.73,send offer,Tenure: 4 months,Internet service: Fiber optic
8382-SHQEH,0.778,84.9,82.7,send offer,Tenure: 8 months,Internet service: Fiber optic
8972-HJWNV,0.781,84.55,82.56,send offer,Tenure: 7 months,Internet service: Fiber optic
5923-GXUOC,0.632,104.4,82.48,send offer,Tenure: 10 months,Internet service: Fiber optic
5797-APWZC,0.728,90.6,82.42,send offer,Tenure: 1 months,Internet service: Fiber optic
3489-HHPFY,0.784,84.05,82.38,send offer,Tenure: 2 months,Internet service: Fiber optic
0771-WLCLA,0.583,112.95,82.15,send offer,Tenure: 16 months,Internet service: Fiber optic
1731-TVIUK,0.703,93.5,82.01,send offer,Tenure: 4 months,Internet service: Fiber optic
7780-OTDSO,0.661,99.4,81.9,send offer,Internet service: Fiber optic,Tenure: 18 months
6900-PXRMS,0.621,105.75,81.77,send offer,Internet service: Fiber optic,Contract type: Month-to-month
4140-MUHUG,0.756,86.85,81.73,send offer,Tenure: 3 months,Internet service: Fiber optic
5937-EORGB,0.679,96.5,81.55,send offer,Tenure: 15 months,Internet service: Fiber optic
9734-YWGEX,0.667,98.3,81.52,send offer,Tenure: 9 months,Internet service: Fiber optic
8593-WHYHV,0.768,85.3,81.52,send offer,Tenure: 3 months,Internet service: Fiber optic
0480-BIXDE,0.677,96.8,81.51,send offer,Internet service: Fiber optic,Contract type: Month-to-month
4844-JJWUY,0.762,86.0,81.49,send offer,Tenure: 1 months,Internet service: Fiber optic
8739-XNIKG,0.78,84.0,81.46,send offer,Tenure: 5 months,Internet service: Fiber optic
4952-YSOGZ,0.762,85.95,81.46,send offer,Tenure: 4 months,Internet service: Fiber optic
4598-XLKNJ,0.665,98.5,81.38,send offer,Internet service: Fiber optic,Contract type: Month-to-month
4716-HHKQH,0.611,107.05,81.27,send offer,Internet service: Fiber optic,Contract type: Month-to-month
9129-UXERG,0.631,103.6,81.12,send offer,Internet service: Fiber optic,Tenure: 18 months
0654-HMSHN,0.625,104.4,80.93,send offer,Internet service: Fiber optic,Contract type: Month-to-month
3372-KWFBM,0.753,86.6,80.83,send offer,Tenure: 16 months,Internet service: Fiber optic
9965-YOKZB,0.776,83.85,80.49,send offer,Tenure: 9 months,Internet service: Fiber optic
4735-ASGMA,0.66,98.35,80.3,send offer,Internet service: Fiber optic,Contract type: Month-to-month
4514-GFCFI,0.766,84.75,80.21,send offer,Tenure: 16 months,Internet service: Fiber optic
6029-WTIPC,0.642,101.1,80.15,send offer,Internet service: Fiber optic,Contract type: Month-to-month
7315-WYOAW,0.644,100.75,80.11,send offer,Tenure: 13 months,Internet service: Fiber optic
9451-LPGOO,0.746,86.8,79.85,send offer,Tenure: 7 months,Internet service: Fiber optic
6507-ZJSUR,0.715,90.45,79.65,send offer,Internet service: Fiber optic,Contract type: Month-to-month
7858-GTZSP,0.747,86.55,79.64,send offer,Tenure: 12 months,Internet service: Fiber optic
8017-LXHFA,0.682,94.75,79.63,send offer,Internet service: Fiber optic,Contract type: Month-to-month
7028-DVOIQ,0.652,99.05,79.56,send offer,Internet service: Fiber optic,Contract type: Month-to-month
6116-RFVHN,0.643,100.45,79.52,send offer,Internet service: Fiber optic,Contract type: Month-to-month
5348-CAGXB,0.721,89.55,79.49,send offer,Tenure: 12 months,Internet service: Fiber optic
8443-WVPSS,0.645,99.85,79.16,send offer,Tenure: 10 months,Internet service: Fiber optic
4395-PZMSN,0.753,85.55,79.12,send offer,Tenure: 5 months,Internet service: Fiber optic
2215-ZAFGX,0.753,85.5,79.11,send offer,Tenure: 9 months,Internet service: Fiber optic
6198-RTPMF,0.695,92.6,79.02,send offer,Tenure: 17 months,Internet service: Fiber optic
2439-LYPMQ,0.627,102.6,78.97,send offer,Internet service: Fiber optic,Contract type: Month-to-month
7249-WBIYX,0.752,85.6,78.97,send offer,Tenure: 10 months,Internet service: Fiber optic
2809-ZMYOQ,0.635,101.35,78.95,send offer,Internet service: Fiber optic,Contract type: Month-to-month
2691-NZETQ,0.754,85.35,78.92,send offer,Tenure: 9 months,Internet service: Fiber optic
5429-LWCMV,0.721,89.15,78.82,send offer,Tenure: 12 months,Internet service: Fiber optic
1195-OIYEJ,0.705,91.1,78.79,send offer,Tenure: 13 months,Internet service: Fiber optic
5380-WJKOV,0.604,106.35,78.78,send offer,Internet service: Fiber optic,Contract type: Month-to-month
2840-XANRC,0.69,93.15,78.74,send offer,Internet service: Fiber optic,Contract type: Month-to-month
2080-CAZNM,0.615,104.4,78.71,send offer,Internet service: Fiber optic,Contract type: Month-to-month
9124-LHCJQ,0.751,85.45,78.68,send offer,Tenure: 1 months,Internet service: Fiber optic
5590-BYNII,0.637,100.75,78.58,send offer,Internet service: Fiber optic,Contract type: Month-to-month
0345-HKJVM,0.717,89.3,78.31,send offer,Tenure: 6 months,Internet service: Fiber optic
5229-PRWKT,0.739,86.55,78.12,send offer,Tenure: 8 months,Internet service: Fiber optic
0420-HLGXF,0.639,99.75,77.71,send offer,Internet service: Fiber optic,Contract type: Month-to-month
4813-HQMGZ,0.706,90.25,77.71,send offer,Tenure: 8 months,Internet service: Fiber optic
2123-AGEEN,0.756,84.35,77.68,send offer,Tenure: 7 months,Internet service: Fiber optic
2876-GZYZC,0.741,85.95,77.64,send offer,Tenure: 13 months,Internet service: Fiber optic
1571-SAVHK,0.638,99.95,77.63,send offer,Tenure: 12 months,Internet service: Fiber optic
1866-RZZQS,0.647,98.4,77.51,send offer,Internet service: Fiber optic,Contract type: Month-to-month
4817-VYYWS,0.635,100.2,77.48,send offer,Internet service: Fiber optic,Contract type: Month-to-month
6567-HOOPW,0.803,79.2,77.43,send offer,Tenure: 1 months,Internet service: Fiber optic
1173-XZPYF,0.712,89.2,77.24,send offer,Tenure: 11 months,Internet service: Fiber optic
0220-EBGCE,0.74,85.85,77.18,send offer,Tenure: 2 months,Internet service: Fiber optic
6137-NICCO,0.675,94.05,77.11,send offer,Tenure: 6 months,Internet service: Fiber optic
8242-SOQUO,0.748,84.7,76.82,send offer,Tenure: 5 months,Internet service: Fiber optic
1200-TUZHR,0.743,85.2,76.81,send offer,Tenure: 8 months,Internet service: Fiber optic
2249-YPRNG,0.598,105.85,76.71,send offer,Internet service: Fiber optic,Contract type: Month-to-month
2074-GKOWZ,0.707,89.55,76.66,send offer,Tenure: 2 months,Internet service: Fiber optic
6899-PPEEA,0.655,96.55,76.53,send offer,Internet service: Fiber optic,Contract type: Month-to-month
3727-RJMEO,0.763,82.85,76.51,send offer,Tenure: 6 months,Internet service: Fiber optic
3565-UNOCC,0.638,99.05,76.48,send offer,Internet service: Fiber optic,Contract type: Month-to-month
0576-WNXXC,0.661,95.55,76.45,send offer,Internet service: Fiber optic,Contract type: Month-to-month
6015-VVHHE,0.759,83.15,76.4,send offer,Tenure: 5 months,Internet service: Fiber optic
3001-CBHLQ,0.601,104.9,76.26,send offer,Internet service: Fiber optic,Contract type: Month-to-month
1028-FFNJK,0.621,101.5,76.13,send offer,Internet service: Fiber optic,Contract type: Month-to-month
2202-CUYXZ,0.743,84.85,76.11,send offer,Tenure: 1 months,Internet service: Fiber optic
9846-GKXAS,0.694,90.8,76.11,send offer,Tenure: 9 months,Internet service: Fiber optic
2657-VPXTA,0.709,88.85,76.07,send offer,Tenure: 10 months,Internet service: Fiber optic
5597-GLBUC,0.737,85.45,76.06,send offer,Tenure: 1 months,Internet service: Fiber optic
1641-RQDAY,0.627,100.4,75.87,send offer,Internet service: Fiber optic,Contract type: Month-to-month
8397-MVTAZ,0.629,100.05,75.83,send offer,Internet service: Fiber optic,Contract type: Month-to-month
5167-ZFFMM,0.692,90.85,75.78,send offer,Tenure: 1 months,Internet service: Fiber optic
8290-YWKHZ,0.673,93.2,75.39,send offer,Internet service: Fiber optic,Contract type: Month-to-month
8118-TJAFG,0.618,101.5,75.39,send offer,Tenure: 9 months,Internet service: Fiber optic
4713-LZDRV,0.787,79.6,75.29,send offer,Tenure: 2 months,Internet service: Fiber optic
0125-LZQXK,0.618,101.35,75.29,send offer,Tenure: 15 months,Internet service: Fiber optic
2472-OVKUP,0.688,91.0,75.24,send offer,Tenure: 6 months,Internet service: Fiber optic
7394-FKDNK,0.7,89.45,75.2,send offer,Tenure: 9 months,Internet service: Fiber optic
0939-YAPAF,0.624,100.25,75.11,send offer,Internet service: Fiber optic,Contract type: Month-to-month
5357-TZHPP,0.741,84.4,75.07,send offer,Tenure: 9 months,Internet service: Fiber optic
4385-GZQXV,0.662,94.45,74.97,send offer,Tenure: 16 months,Internet service: Fiber optic
2018-PZKMU,0.606,103.1,74.94,send offer,Tenure: 9 months,Internet service: Fiber optic
8580-AECUZ,0.789,79.1,74.8,send offer,Tenure: 1 months,Internet service: Fiber optic
6502-HCJTI,0.659,94.7,74.77,send offer,Tenure: 7 months,Internet service: Fiber optic
0334-GDDSO,0.767,81.35,74.77,send offer,Tenure: 3 months,Internet service: Fiber optic
7120-RFMVS,0.738,84.5,74.76,send offer,Tenure: 1 months,Internet service: Fiber optic
8931-GJJIQ,0.749,83.3,74.76,send offer,Tenure: 9 months,Internet service: Fiber optic
5219-YIPTK,0.597,104.4,74.73,send offer,Internet service: Fiber optic,Contract type: Month-to-month
6087-MVHJH,0.705,88.45,74.71,send offer,Tenure: 16 months,Internet service: Fiber optic
5442-UTCVD,0.679,91.85,74.68,send offer,Tenure: 3 months,Internet service: Fiber optic
9647-ERGBE,0.622,100.05,74.47,send offer,Internet service: Fiber optic,Contract type: Month-to-month
3254-YRILK,0.706,88.2,74.46,send offer,Internet service: Fiber optic,Contract type: Month-to-month
1564-NTYXF,0.758,82.0,74.29,send offer,Tenure: 13 months,Internet service: Fiber optic
4124-MMETB,0.657,94.65,74.25,send offer,Internet service: Fiber optic,Contract type: Month-to-month
6645-MXQJT,0.64,97.1,74.23,send offer,Tenure: 2 months,Internet service: Fiber optic
0195-IESCP,0.729,85.25,74.23,send offer,Tenure: 10 months,Internet service: Fiber optic
7503-ZGUZJ,0.734,84.65,74.19,send offer,Tenure: 1 months,Internet service: Fiber optic
4633-MKHYU,0.702,88.4,74.04,send offer,Tenure: 9 months,Internet service: Fiber optic
1628-BIZYP,0.73,85.0,74.0,send offer,Tenure: 1 months,Internet service: Fiber optic
7479-NITWS,0.694,89.35,73.94,send offer,Tenure: 7 months,Internet service: Fiber optic
5095-AESKG,0.677,91.5,73.85,send offer,Tenure: 3 months,Internet service: Fiber optic
4285-GYRQC,0.718,86.25,73.81,send offer,Tenure: 7 months,Internet service: Fiber optic
4884-ZTHVF,0.711,87.1,73.72,send offer,Tenure: 8 months,Internet service: Fiber optic
6161-UUUTA,0.774,79.9,73.62,send offer,Tenure: 3 months,Internet service: Fiber optic
9961-JBNMK,0.639,96.8,73.59,send offer,Internet service: Fiber optic,Contract type: Month-to-month
4686-UXDML,0.619,99.85,73.57,send offer,Internet service: Fiber optic,Contract type: Month-to-month
1932-UEDCX,0.615,100.6,73.53,send offer,Internet service: Fiber optic,Contract type: Month-to-month
9190-MFJLN,0.645,95.9,73.51,send offer,Internet service: Fiber optic,Contract type: Month-to-month
9957-YODKZ,0.764,80.8,73.42,send offer,Tenure: 6 months,Internet service: Fiber optic
6712-OAWRH,0.677,91.25,73.37,send offer,Internet service: Fiber optic,Contract type: Month-to-month
4086-YQSNZ,0.768,80.4,73.31,send offer,Tenure: 3 months,Internet service: Fiber optic
5868-YWPDW,0.733,84.2,73.27,send offer,Tenure: 6 months,Internet service: Fiber optic
6393-WRYZE,0.632,97.65,73.21,send offer,Internet service: Fiber optic,Contract type: Month-to-month
3247-ZVOUO,0.721,85.55,73.19,send offer,Tenure: 10 months,Internet service: Fiber optic
7613-LLQFO,0.73,84.45,73.16,send offer,Tenure: 12 months,Internet service: Fiber optic
1304-NECVQ,0.784,78.55,73.09,send offer,Tenure: 2 months,Internet service: Fiber optic
0447-RXSGD,0.618,99.65,73.07,send offer,Internet service: Fiber optic,Contract type: Month-to-month
4391-RESHN,0.592,104.05,73.07,send offer,Internet service: Fiber optic,Contract type: Month-to-month
9231-ZJYAM,0.781,78.85,73.06,send offer,Tenure: 4 months,Internet service: Fiber optic
9912-GVSEQ,0.656,93.85,72.89,send offer,Internet service: Fiber optic,Contract type: Month-to-month
8875-AKBYH,0.728,84.35,72.57,send offer,Internet service: Fiber optic,Contract type: Month-to-month
2568-OIADY,0.616,99.5,72.47,send offer,Internet service: Fiber optic,Contract type: Month-to-month
8709-KRDVL,0.613,100.0,72.46,send offer,Internet service: Fiber optic,Contract type: Month-to-month
4123-DVHPH,0.696,88.05,72.4,send offer,Tenure: 9 months,Internet service: Fiber optic
2004-OCQXK,0.748,81.95,72.37,send offer,Tenure: 1 months,Internet service: Fiber optic
4853-OITSN,0.687,89.15,72.3,send offer,Tenure: 5 months,Internet service: Fiber optic
4039-HEUNW,0.634,96.5,72.22,send offer,Internet service: Fiber optic,Contract type: Month-to-month
4803-AXVYP,0.614,99.55,72.11,send offer,Internet service: Fiber optic,Contract type: Month-to-month
9248-OJYKK,0.799,76.45,72.02,send offer,Tenure: 1 months,Internet service: Fiber optic
5138-WVKYJ,0.62,98.55,72.02,send offer,Tenure: 10 months,Internet service: Fiber optic
7508-MYBOG,0.71,86.1,72.0,send offer,Tenure: 14 months,Internet service: Fiber optic
7379-FNIUJ,0.609,100.2,71.89,send offer,Tenure: 2 months,Internet service: Fiber optic
1891-UAWWU,0.672,90.8,71.86,send offer,Internet service: Fiber optic,Contract type: Month-to-month
2025-JKFWI,0.616,99.0,71.72,send offer,Tenure: 13 months,Internet service: Fiber optic
4433-JCGCG,0.604,101.0,71.69,send offer,Internet service: Fiber optic,Contract type: Month-to-month
2952-QAYZF,0.714,85.3,71.61,send offer,Tenure: 5 months,Internet service: Fiber optic
4009-ALQFH,0.612,99.5,71.57,send offer,Internet service: Fiber optic,Contract type: Month-to-month
1704-NRWYE,0.753,80.85,71.57,send offer,Tenure: 9 months,Internet service: Fiber optic
8922-LIEGH,0.679,89.7,71.51,send offer,Internet service: Fiber optic,Contract type: Month-to-month
8808-ELEHO,0.749,81.25,71.37,send offer,Tenure: 8 months,Internet service: Fiber optic
7714-YXSMB,0.605,100.5,71.28,send offer,Internet service: Fiber optic,Contract type: Month-to-month
5494-HECPR,0.757,80.25,71.22,send offer,Tenure: 1 months,Internet service: Fiber optic
2845-AFFTX,0.608,99.8,71.02,send offer,Internet service: Fiber optic,Contract type: Month-to-month
5091-HFAZW,0.665,91.15,71.02,send offer,Tenure: 2 months,Internet service: Fiber optic
1010-DIAUQ,0.628,96.5,70.99,send offer,Tenure: 5 months,Internet service: Fiber optic
5889-LFOLL,0.717,84.6,70.97,send offer,Tenure: 13 months,Internet service: Fiber optic
7892-POOKP,0.578,104.8,70.79,send offer,Internet service: Fiber optic,Contract type: Month-to-month
9801-GDWGV,0.585,103.45,70.75,send offer,Internet service: Fiber optic,Contract type: Month-to-month
6894-LFHLY,0.799,75.75,70.7,send offer,Tenure: 1 months,Internet service: Fiber optic
3597-MVHJT,0.633,95.6,70.65,send offer,Internet service: Fiber optic,Contract type: Month-to-month
4998-IKFSE,0.602,100.45,70.63,send offer,Internet service: Fiber optic,Contract type: Month-to-month
4795-KTRTH,0.747,81.0,70.61,send offer,Tenure: 5 months,Internet service: Fiber optic
3211-AAPKX,0.613,98.55,70.54,send offer,Internet service: Fiber optic,Contract type: Month-to-month
4529-CKBCL,0.753,80.2,70.42,send offer,Tenure: 2 months,Internet service: Fiber optic
3440-JPSCL,0.604,99.95,70.42,send offer,Tenure: 6 months,Internet service: Fiber optic
3644-QXEHN,0.622,97.0,70.36,send offer,Tenure: 13 months,Internet service: Fiber optic
8739-WWKDU,0.674,89.5,70.28,send offer,Internet service: Fiber optic,Contract type: Month-to-month
4614-NUVZD,0.743,81.1,70.23,send offer,Tenure: 1 months,Internet service: Fiber optic
0318-QUUOB,0.748,80.55,70.22,send offer,Tenure: 1 months,Internet service: Fiber optic
6956-SMUCM,0.609,99.0,70.18,send offer,Tenure: 3 months,Internet service: Fiber optic
2868-MZAGQ,0.76,79.25,70.12,send offer,Tenure: 1 months,Internet service: Fiber optic
5130-IEKQT,0.568,105.95,70.01,send offer,Internet service: Fiber optic,Contract type: Month-to-month
6833-JMZYP,0.64,94.0,69.92,send offer,Tenure: 15 months,Internet service: Fiber optic
6127-ISGTU,0.708,84.95,69.92,send offer,Tenure: 16 months,Internet service: Fiber optic
7089-IVVAZ,0.582,103.35,69.91,send offer,Tenure: 8 months,Internet service: Fiber optic
1112-CUNAO,0.669,89.85,69.8,send offer,Tenure: 15 months,Internet service: Fiber optic
3198-VELRD,0.709,84.75,69.71,send offer,Tenure: 3 months,Internet service: Fiber optic
1379-FRVEB,0.66,91.0,69.68,send offer,Tenure: 15 months,Internet service: Fiber optic
3834-XUIFC,0.705,85.2,69.67,send offer,Tenure: 7 months,Internet service: Fiber optic
8086-OVPWV,0.749,80.2,69.67,send offer,Tenure: 2 months,Internet service: Fiber optic
9601-BRXPO,0.572,104.95,69.63,send offer,Internet service: Fiber optic,Contract type: Month-to-month
7439-DKZTW,0.745,80.55,69.54,send offer,Tenure: 1 months,Internet service: Fiber optic
8818-DOPVL,0.574,104.45,69.48,send offer,Internet service: Fiber optic,Contract type: Month-to-month
2789-HQBOU,0.745,80.35,69.34,send offer,Tenure: 3 months,Internet service: Fiber optic
6357-JJPQT,0.743,80.5,69.15,send offer,Tenure: 3 months,Internet service: Fiber optic
1981-INRFU,0.75,79.75,69.12,send offer,Tenure: 2 months,Internet service: Fiber optic
8861-HGGKB,0.691,86.45,69.04,send offer,Tenure: 10 months,Internet service: Fiber optic
6457-USBER,0.738,80.8,68.87,send offer,Tenure: 1 months,Internet service: Fiber optic
2688-BHGOG,0.75,79.55,68.85,send offer,Tenure: 9 months,Internet service: Fiber optic
7314-OXENN,0.727,82.0,68.77,send offer,Tenure: 2 months,Internet service: Fiber optic
0148-DCDOS,0.629,94.7,68.7,send offer,Internet service: Fiber optic,Contract type: Month-to-month
1761-AEZZR,0.749,79.55,68.67,send offer,Tenure: 1 months,Internet service: Fiber optic
7074-IEVOJ,0.75,79.4,68.65,send offer,Tenure: 3 months,Internet service: Fiber optic
4102-OQUPX,0.8,74.4,68.64,send offer,Tenure: 1 months,Internet service: Fiber optic
4706-AXVKM,0.702,84.8,68.63,send offer,Tenure: 11 months,Internet service: Fiber optic
8949-JTMAY,0.604,98.6,68.59,send offer,Internet service: Fiber optic,Contract type: Month-to-month
1771-OADNZ,0.62,95.9,68.46,send offer,Internet service: Fiber optic,Contract type: Month-to-month
4210-QFJMF,0.751,79.15,68.4,send offer,Tenure: 4 months,Internet service: Fiber optic
4971-PUYQO,0.629,94.55,68.39,send offer,Internet service: Fiber optic,Contract type: Month-to-month
5960-WPXQM,0.752,79.05,68.37,send offer,Tenure: 1 months,Internet service: Fiber optic
0168-XZKBB,0.683,86.85,68.13,send offer,Internet service: Fiber optic,Contract type: Month-to-month
2612-RRIDN,0.732,81.0,68.13,send offer,Tenure: 4 months,Internet service: Fiber optic
8429-XIBUM,0.585,101.35,68.12,send offer,Internet service: Fiber optic,Contract type: Month-to-month
7760-OYPDY,0.735,80.65,68.11,send offer,Tenure: 2 months,Internet service: Fiber optic
9851-KIELU,0.538,110.1,68.03,send offer,Tenure: 10 months,Internet service: Fiber optic
0886-QGENL,0.585,101.25,68.0,send offer,Internet service: Fiber optic,Contract type: Month-to-month
9878-TNQGW,0.732,80.95,68.0,send offer,Tenure: 2 months,Internet service: Fiber optic
6907-NZZIJ,0.598,99.15,67.97,send offer,Internet service: Fiber optic,Contract type: Month-to-month
2845-HSJCY,0.679,87.25,67.94,send offer,Tenure: 14 months,Internet service: Fiber optic
1666-JXLKU,0.592,100.05,67.93,send offer,Internet service: Fiber optic,Contract type: Month-to-month
8473-VUVJN,0.804,73.65,67.93,send offer,Tenure: 1 months,Internet service: Fiber optic
9185-TQCVP,0.695,85.15,67.87,send offer,Tenure: 14 months,Internet service: Fiber optic
0495-RVCBF,0.743,79.7,67.86,send offer,Tenure: 1 months,Internet service: Fiber optic
9689-PTNPG,0.737,80.25,67.8,send offer,Tenure: 2 months,Internet service: Fiber optic
2603-HVKCG,0.583,101.4,67.78,send offer,Internet service: Fiber optic,Contract type: Month-to-month
1751-NCDLI,0.598,98.85,67.65,send offer,Internet service: Fiber optic,Contract type: Month-to-month
4647-MUZON,0.615,95.95,67.52,send offer,Internet service: Fiber optic,Tenure: 18 months
6821-BUXUX,0.611,96.65,67.51,send offer,Tenure: 13 months,Internet service: Fiber optic
6005-OBZPH,0.662,89.15,67.5,send offer,Internet service: Fiber optic,Contract type: Month-to-month
8374-XGEJJ,0.584,101.0,67.46,send offer,Internet service: Fiber optic,Contract type: Month-to-month
6242-MBHPK,0.62,95.1,67.44,send offer,Internet service: Fiber optic,Contract type: Month-to-month
8063-RJYNF,0.626,94.25,67.41,send offer,Tenure: 16 months,Internet service: Fiber optic
6402-ZFPPI,0.574,102.8,67.4,send offer,Internet service: Fiber optic,Contract type: Month-to-month
6229-LSCKB,0.74,79.7,67.35,send offer,Tenure: 6 months,Internet service: Fiber optic
1302-UHBDD,0.655,89.95,67.29,send offer,Internet service: Fiber optic,Contract type: Month-to-month
9317-WZPGV,0.739,79.75,67.25,send offer,Tenure: 2 months,Internet service: Fiber optic
9300-RENDD,0.737,79.95,67.22,send offer,Tenure: 1 months,Internet service: Fiber optic
5240-IJOQT,0.788,74.7,67.22,send offer,Tenure: 1 months,Internet service: Fiber optic
8784-CGILN,0.59,99.85,67.2,send offer,Internet service: Fiber optic,Tenure: 18 months
1342-JPNKI,0.684,86.05,67.13,send offer,Tenure: 10 months,Internet service: Fiber optic
0135-NMXAP,0.656,89.75,67.11,send offer,Tenure: 12 months,Internet service: Fiber optic
5449-FIBXJ,0.57,103.3,67.07,send offer,Internet service: Fiber optic,Contract type: Month-to-month
4423-YLHDV,0.563,104.4,67.04,send offer,Internet service: Fiber optic,Contract type: Month-to-month
7576-OYWBN,0.773,76.05,67.01,send offer,Tenure: 3 months,Internet service: Fiber optic
1678-FYZOW,0.74,79.4,66.99,send offer,Tenure: 3 months,Internet service: Fiber optic
2057-ZBLPD,0.679,86.5,66.91,send offer,Internet service: Fiber optic,Contract type: Month-to-month
4234-XTNEA,0.735,79.95,66.91,send offer,Tenure: 2 months,Internet service: Fiber optic
8800-JOOCF,0.699,84.05,66.85,send offer,Tenure: 12 months,Internet service: Fiber optic
3990-QYKBE,0.635,92.5,66.79,send offer,Internet service: Fiber optic,Contract type: Month-to-month
8844-TONUD,0.607,96.65,66.76,send offer,Tenure: 13 months,Internet service: Fiber optic
5561-NWEVX,0.741,79.2,66.74,send offer,Tenure: 2 months,Internet service: Fiber optic
9692-TUSXH,0.611,96.05,66.73,send offer,Internet service: Fiber optic,Tenure: 18 months
6941-PMGEP,0.733,80.0,66.67,send offer,Tenure: 5 months,Internet service: Fiber optic
6513-EECDB,0.797,73.55,66.65,send offer,Tenure: 1 months,Internet service: Fiber optic
2514-GINMM,0.738,79.5,66.65,send offer,Tenure: 1 months,Internet service: Fiber optic
0637-YLETY,0.613,95.6,66.64,send offer,Tenure: 16 months,Internet service: Fiber optic
3551-HUAZH,0.788,74.4,66.62,send offer,Tenure: 1 months,Internet service: Fiber optic
5366-IJEQJ,0.661,88.7,66.61,send offer,Internet service: Fiber optic,Contract type: Month-to-month
6407-UTSLV,0.699,83.8,66.59,send offer,Tenure: 2 months,Internet service: Fiber optic
8258-GSTJK,0.761,77.0,66.55,send offer,Tenure: 3 months,Internet service: Fiber optic
4806-KEXQR,0.733,79.9,66.55,send offer,Tenure: 4 months,Internet service: Fiber optic
9133-AYJZG,0.593,98.7,66.49,send offer,Internet service: Fiber optic,Contract type: Month-to-month
7748-UMTRK,0.578,101.3,66.42,send offer,Internet service: Fiber optic,Contract type: Month-to-month
5339-PXDVH,0.646,90.65,66.41,send offer,Tenure: 4 months,Internet service: Fiber optic
4236-XPXAV,0.59,99.15,66.29,send offer,Tenure: 5 months,Internet service: Fiber optic
3951-NJCVI,0.615,95.05,66.27,send offer,Internet service: Fiber optic,Contract type: Month-to-month
2038-OEQZH,0.679,86.05,66.22,send offer,Tenure: 4 months,Internet service: Fiber optic
2114-MGINA,0.651,89.8,66.2,send offer,Tenure: 14 months,Internet service: Fiber optic
2609-IAICY,0.757,77.15,66.19,send offer,Tenure: 1 months,Internet service: Fiber optic
6877-TJMBR,0.688,84.8,66.09,send offer,Tenure: 1 months,Internet service: Fiber optic
4873-ILOLJ,0.646,90.35,66.06,send offer,Internet service: Fiber optic,Contract type: Month-to-month
3427-GGZZI,0.655,89.1,65.96,send offer,Internet service: Fiber optic,Contract type: Month-to-month
8740-CRYFY,0.739,78.95,65.94,send offer,Tenure: 1 months,Internet service: Fiber optic
7142-HVGBG,0.566,103.0,65.91,send offer,Internet service: Fiber optic,Contract type: Month-to-month
9314-IJWSQ,0.687,84.8,65.84,send offer,Tenure: 14 months,Internet service: Fiber optic
8481-YYXWG,0.652,89.35,65.78,send offer,Tenure: 5 months,Internet service: Fiber optic
9971-ZWPBF,0.534,108.9,65.66,send offer,Internet service: Fiber optic,Contract type: Month-to-month
2832-KJCRD,0.561,103.65,65.65,send offer,Internet service: Fiber optic,Contract type: Month-to-month
0848-ZGQIJ,0.614,94.65,65.63,send offer,Tenure: 16 months,Internet service: Fiber optic
8035-PWSEV,0.651,89.25,65.57,send offer,Tenure: 6 months,Internet service: Fiber optic
1197-BVMVG,0.781,74.45,65.55,send offer,Tenure: 4 months,Internet service: Fiber optic
0396-YCHWO,0.609,95.4,65.47,send offer,Internet service: Fiber optic,Contract type: Month-to-month
8266-VBFQL,0.642,90.4,65.43,send offer,Tenure: 4 months,Internet service: Fiber optic
8752-STIVR,0.735,79.0,65.37,send offer,Tenure: 4 months,Internet service: Fiber optic
6595-YGXIT,0.652,88.95,65.28,send offer,Internet service: Fiber optic,Contract type: Month-to-month
4988-IQIGL,0.77,75.35,65.28,send offer,Tenure: 1 months,Internet service: Fiber optic
8058-INTPH,0.728,79.65,65.27,send offer,Tenure: 1 months,Internet service: Fiber optic
9102-IAYHT,0.679,85.45,65.24,send offer,Tenure: 17 months,Internet service: Fiber optic
6088-BXMRG,0.587,98.85,65.23,send offer,Internet service: Fiber optic,Contract type: Month-to-month
0235-KGSLC,0.678,85.55,65.22,send offer,Tenure: 1 months,Internet service: Fiber optic
5569-OUICF,0.572,101.3,65.16,send offer,Internet service: Fiber optic,Contract type: Month-to-month
7426-RHZGU,0.604,95.9,65.1,send offer,Tenure: 9 months,Internet service: Fiber optic
2959-MJHIC,0.721,80.35,65.06,send offer,Tenure: 4 months,Internet service: Fiber optic
3138-BKYAV,0.678,85.35,65.04,send offer,Tenure: 6 months,Internet service: Fiber optic
6060-DRTNL,0.682,84.85,64.99,send offer,Tenure: 5 months,Internet service: Fiber optic
7831-QGOXH,0.679,85.2,64.89,send offer,Internet service: Fiber optic,Tenure: 18 months
6275-YDUVO,0.671,86.2,64.85,send offer,Tenure: 2 months,Internet service: Fiber optic
1251-STYSZ,0.72,80.25,64.85,send offer,Tenure: 4 months,Internet service: Fiber optic
2379-ENZGV,0.681,84.85,64.8,send offer,Tenure: 6 months,Internet service: Fiber optic
3049-NDXFL,0.673,85.8,64.8,send offer,Tenure: 1 months,Internet service: Fiber optic
7563-BIUPC,0.717,80.6,64.75,send offer,Tenure: 5 months,Internet service: Fiber optic
8816-VXNZD,0.769,75.1,64.69,send offer,Tenure: 1 months,Internet service: Fiber optic
4143-OOBWZ,0.709,81.3,64.59,send offer,Tenure: 5 months,Internet service: Fiber optic
5956-VKDTT,0.776,74.35,64.58,send offer,Tenure: 5 months,Internet service: Fiber optic
7005-CCBKV,0.683,84.4,64.56,send offer,Tenure: 6 months,Internet service: Fiber optic
3186-BAXNB,0.628,91.7,64.41,send offer,Tenure: 1 months,Internet service: Fiber optic
7493-TPUWZ,0.727,79.15,64.34,send offer,Tenure: 1 months,Internet service: Fiber optic
4325-NFSKC,0.635,90.6,64.33,send offer,Internet service: Fiber optic,Contract type: Month-to-month
9837-BMCLM,0.733,78.5,64.33,send offer,Tenure: 3 months,Internet service: Fiber optic
6331-EWIEB,0.675,85.25,64.23,send offer,Internet service: Fiber optic,Contract type: Month-to-month
7994-UYIVZ,0.671,85.65,64.13,send offer,Tenure: 8 months,Internet service: Fiber optic
9334-GWGOW,0.768,74.85,64.12,send offer,Tenure: 7 months,Internet service: Fiber optic
0021-IKXGC,0.797,72.1,64.12,send offer,Tenure: 1 months,Internet service: Fiber optic
0723-DRCLG,0.772,74.45,64.09,send offer,Tenure: 1 months,Internet service: Fiber optic
8059-UDZFY,0.545,105.35,64.07,send offer,Internet service: Fiber optic,Contract type: Month-to-month
9121-PHQSR,0.675,85.05,64.03,send offer,Tenure: 16 months,Internet service: Fiber optic
7279-BUYWN,0.507,113.2,64.02,send offer,Internet service: Fiber optic,Contract type: Month-to-month
1833-VGRUM,0.774,74.2,63.99,send offer,Tenure: 1 months,Internet service: Fiber optic
3422-GALYP,0.722,79.45,63.98,send offer,Tenure: 2 months,Internet service: Fiber optic
5919-TMRGD,0.723,79.35,63.95,send offer,Tenure: 1 months,Internet service: Fiber optic
8999-BOHSE,0.64,89.7,63.91,send offer,Tenure: 11 months,Internet service: Fiber optic
9436-ZBZCT,0.637,89.95,63.77,send offer,Tenure: 14 months,Internet service: Fiber optic
5628-FCGYG,0.681,84.1,63.66,send offer,Internet service: Fiber optic,Contract type: Month-to-month
0432-CAJZV,0.631,90.7,63.63,send offer,Tenure: 3 months,Internet service: Fiber optic
9897-KXHCM,0.713,80.3,63.62,send offer,Tenure: 3 months,Internet service: Fiber optic
4581-SSPWD,0.755,75.8,63.61,send offer,Tenure: 3 months,Internet service: Fiber optic
5835-BEQEU,0.743,76.95,63.47,send offer,Tenure: 3 months,Internet service: Fiber optic
0023-XUOPT,0.607,94.1,63.46,send offer,Tenure: 13 months,Internet service: Fiber optic
2860-RANUS,0.666,85.8,63.37,send offer,Internet service: Fiber optic,Contract type: Month-to-month
9208-OLGAQ,0.672,84.95,63.33,send offer,Internet service: Fiber optic,Tenure: 18 months
1618-CFHME,0.752,75.9,63.3,send offer,Tenure: 2 months,Internet service: Fiber optic
0709-TVGUR,0.765,74.55,63.24,send offer,Tenure: 9 months,Internet service: Fiber optic
0872-NXJYS,0.717,79.55,63.19,send offer,Tenure: 9 months,Internet service: Fiber optic
5834-ASPWA,0.756,75.45,63.15,send offer,Tenure: 1 months,Internet service: Fiber optic
1268-ASBGA,0.668,85.35,63.14,send offer,Tenure: 16 months,Internet service: Fiber optic
5649-ANRML,0.599,95.1,63.1,send offer,Tenure: 2 months,Internet service: Fiber optic
8225-BTJAU,0.719,79.25,63.07,send offer,Tenure: 10 months,Internet service: Fiber optic
2018-QKYGT,0.703,81.05,63.05,send offer,Tenure: 1 months,Internet service: Fiber optic
7594-RQHXR,0.716,79.6,63.03,send offer,Tenure: 1 months,Internet service: Fiber optic
8063-GBATB,0.668,85.25,62.97,send offer,Internet service: Fiber optic,Contract type: Month-to-month
2077-MPJQO,0.755,75.4,62.91,send offer,Tenure: 7 months,Internet service: Fiber optic
6437-UKHMV,0.714,79.7,62.89,send offer,Tenure: 7 months,Internet service: Fiber optic
5288-AHOUP,0.725,78.5,62.89,send offer,Tenure: 11 months,Internet service: Fiber optic
6559-PDZLR,0.576,98.65,62.8,send offer,Internet service: Fiber optic,Contract type: Month-to-month
6000-APYLU,0.703,80.8,62.78,send offer,Tenure: 9 months,Internet service: Fiber optic
0495-ZBNGW,0.71,79.9,62.55,send offer,Tenure: 5 months,Internet service: Fiber optic
9787-XVQIU,0.753,75.3,62.5,send offer,Tenure: 1 months,Internet service: Fiber optic
7240-FQLHE,0.568,99.75,62.46,send offer,Internet service: Fiber optic,Tenure: 18 months
0722-TROQR,0.757,74.9,62.4,send offer,Tenure: 4 months,Internet service: Fiber optic
9851-QXEEQ,0.541,104.7,62.4,send offer,Internet service: Fiber optic,Contract type: Month-to-month
9050-QLROH,0.625,90.7,62.39,send offer,Internet service: Fiber optic,Tenure: 18 months
3191-CSNMG,0.702,80.7,62.38,send offer,Tenure: 3 months,Internet service: Fiber optic
6319-IEJWJ,0.628,90.2,62.37,send offer,Internet service: Fiber optic,Contract type: Month-to-month
6101-IMRMM,0.599,94.5,62.24,send offer,Tenure: 6 months,Internet service: Fiber optic
3269-ATYWD,0.592,95.65,62.22,send offer,Internet service: Fiber optic,Contract type: Month-to-month
1723-HKXJQ,0.556,101.75,62.13,send offer,Internet service: Fiber optic,Contract type: Month-to-month
2692-BUCFV,0.557,101.45,62.03,send offer,Internet service: Fiber optic,Contract type: Month-to-month
0337-CNPZE,0.531,106.3,62.0,send offer,Internet service: Fiber optic,Contract type: Month-to-month
0637-KVDLV,0.738,76.5,61.96,send offer,Tenure: 2 months,Internet service: Fiber optic
6358-LYNGM,0.754,74.9,61.96,send offer,Tenure: 1 months,Internet service: Fiber optic
5445-UTODQ,0.696,81.1,61.91,send offer,Tenure: 7 months,Internet service: Fiber optic
3588-WSTTJ,0.569,99.05,61.79,send offer,Internet service: Fiber optic,Contract type: Month-to-month
9524-EGPJC,0.626,90.1,61.75,send offer,Internet service: Fiber optic,Tenure: 18 months
0875-CABNR,0.666,84.6,61.71,send offer,Tenure: 10 months,Internet service: Fiber optic
7295-JOMMD,0.574,98.1,61.7,send offer,Tenure: 4 months,Internet service: Fiber optic
1320-HTRDR,0.746,75.5,61.69,send offer,Tenure: 3 months,Internet service: Fiber optic
9306-CPCBC,0.758,74.25,61.57,send offer,Tenure: 3 months,Internet service: Fiber optic
7638-QVMVY,0.712,79.0,61.54,send offer,Tenure: 7 months,Internet service: Fiber optic
8634-MPHTR,0.562,100.05,61.52,send offer,Internet service: Fiber optic,Contract type: Month-to-month
9093-FPDLG,0.596,94.2,61.3,send offer,Tenure: 11 months,Internet service: Fiber optic
0674-DGMAQ,0.6,93.5,61.25,send offer,Internet service: Fiber optic,Contract type: Month-to-month
7817-BOQPW,0.743,75.55,61.23,send offer,Tenure: 2 months,Internet service: Fiber optic
8519-IMDHU,0.656,85.6,61.23,send offer,Tenure: 15 months,Internet service: Fiber optic
0147-ESWWR,0.554,101.25,61.16,send offer,Internet service: Fiber optic,Contract type: Month-to-month
6860-YRJZP,0.757,74.05,61.06,send offer,Tenure: 9 months,Internet service: Fiber optic
4415-IJZTP,0.752,74.5,60.98,send offer,Tenure: 1 months,Internet service: Fiber optic
5183-SNMJQ,0.589,95.1,60.91,send offer,Tenure: 10 months,Internet service: Fiber optic
7903-CMPEY,0.696,80.3,60.79,send offer,Tenure: 1 months,Internet service: Fiber optic
8734-DKSTZ,0.65,85.95,60.69,send offer,Tenure: 10 months,Internet service: Fiber optic
3519-ZKXGG,0.737,75.85,60.68,send offer,Tenure: 3 months,Internet service: Fiber optic
6267-DCFFZ,0.62,90.05,60.66,send offer,Internet service: Fiber optic,Contract type: Month-to-month
5569-KGJHX,0.654,85.35,60.62,send offer,Tenure: 9 months,Internet service: Fiber optic
0114-PEGZZ,0.519,107.55,60.48,send offer,Internet service: Fiber optic,Contract type: Month-to-month
0258-NOKBL,0.617,90.4,60.46,send offer,Tenure: 3 months,Internet service: Fiber optic
1965-AKTSX,0.706,78.95,60.41,send offer,Tenure: 14 months,Internet service: Fiber optic
8393-DLHGA,0.581,95.9,60.38,send offer,Internet service: Fiber optic,Contract type: Month-to-month
1452-VOQCH,0.742,75.1,60.31,send offer,Tenure: 1 months,Internet service: Fiber optic
5685-IIXLY,0.666,83.6,60.19,send offer,Tenure: 5 months,Internet service: Fiber optic
1792-UXAFY,0.624,89.15,60.12,send offer,Tenure: 17 months,Internet service: Fiber optic
5216-WASFJ,0.655,84.85,60.06,send offer,Internet service: Fiber optic,Contract type: Month-to-month
1157-BQCUW,0.741,74.95,60.01,send offer,Tenure: 1 months,Internet service: Fiber optic
7517-LDMPS,0.657,84.6,59.99,send offer,Tenure: 12 months,Internet service: Fiber optic
9885-CSMWE,0.707,78.45,59.82,send offer,Tenure: 1 months,Internet service: Fiber optic
7130-VTEWQ,0.732,75.75,59.82,send offer,Tenure: 8 months,Internet service: Fiber optic
4090-KPJIP,0.74,74.95,59.76,send offer,Tenure: 3 months,Internet service: Fiber optic
2824-MYYBN,0.582,95.25,59.75,send offer,Internet service: Fiber optic,Contract type: Month-to-month
2737-YNGYW,0.687,80.55,59.59,send offer,Tenure: 2 months,Internet service: Fiber optic
2026-TGDHM,0.698,79.3,59.56,send offer,Tenure: 7 months,Internet service: Fiber optic
9391-EOYLI,0.688,80.45,59.55,send offer,Tenure: 12 months,Internet service: Fiber optic
5701-YVSVF,0.667,82.9,59.52,send offer,Tenure: 11 months,Internet service: Fiber optic
8010-EZLOU,0.689,80.2,59.38,send offer,Tenure: 15 months,Internet service: Fiber optic
8903-WMRNW,0.543,101.75,59.29,send offer,Tenure: 15 months,Internet service: Fiber optic
3753-TSEMP,0.626,88.15,59.27,send offer,Tenure: 15 months,Internet service: Fiber optic
6772-KSATR,0.675,81.7,59.17,send offer,Tenure: 1 months,Internet service: Fiber optic
4289-DTDKW,0.545,101.3,59.17,send offer,Internet service: Fiber optic,Contract type: Month-to-month
9054-FOWNV,0.622,88.75,59.16,send offer,Internet service: Fiber optic,Contract type: Month-to-month
7341-LXCAF,0.738,74.65,58.97,send offer,Tenure: 4 months,Internet service: Fiber optic
8443-ZRDBZ,0.724,76.05,58.87,send offer,Tenure: 4 months,Internet service: Fiber optic
5692-ICXLW,0.607,90.7,58.87,send offer,Internet service: Fiber optic,Contract type: Month-to-month
5318-IXUZF,0.631,87.15,58.82,send offer,Tenure: 2 months,Internet service: Fiber optic
9019-QVLZD,0.691,79.55,58.79,send offer,Tenure: 1 months,Internet service: Fiber optic
0840-DFEZH,0.73,75.35,58.78,send offer,Tenure: 7 months,Internet service: Fiber optic
4583-PARNH,0.601,91.55,58.78,send offer,Tenure: 16 months,Internet service: Fiber optic
3106-ULWFW,0.645,85.2,58.71,send offer,Tenure: 8 months,Internet service: Fiber optic
5940-NFXKV,0.657,83.65,58.71,send offer,Internet service: Fiber optic,Contract type: Month-to-month
0611-DFXKO,0.617,89.0,58.71,send offer,Internet service: Fiber optic,Contract type: Month-to-month
8621-MNIHH,0.583,94.25,58.66,send offer,Internet service: Fiber optic,Contract type: Month-to-month
8800-ZKRFW,0.511,107.5,58.61,send offer,Internet service: Fiber optic,Contract type: Month-to-month
9658-WYUFB,0.581,94.4,58.57,send offer,Tenure: 17 months,Internet service: Fiber optic
6689-TCZHQ,0.695,78.95,58.53,send offer,Tenure: 5 months,Internet service: Fiber optic
6818-DJXAA,0.602,91.1,58.45,send offer,Tenure: 10 months,Internet service: Fiber optic
4749-OJKQU,0.725,75.65,58.4,send offer,Tenure: 4 months,Internet service: Fiber optic
1219-NNDDO,0.713,76.85,58.33,send offer,Tenure: 9 months,Internet service: Fiber optic
4521-YEEHE,0.616,88.85,58.25,send offer,Internet service: Fiber optic,Tenure: 18 months
4659-NZRUF,0.575,95.15,58.23,send offer,Internet service: Fiber optic,Contract type: Month-to-month
4902-OHLSK,0.555,98.65,58.21,send offer,Internet service: Fiber optic,Contract type: Month-to-month
6661-HBGWL,0.522,104.75,58.2,send offer,Internet service: Fiber optic,Contract type: Month-to-month
1597-LHYNC,0.576,95.0,58.18,send offer,Internet service: Fiber optic,Contract type: Month-to-month
3143-JQEGI,0.619,88.35,58.06,send offer,Tenure: 13 months,Internet service: Fiber optic
7928-VJYAB,0.603,90.6,58.03,send offer,Tenure: 11 months,Internet service: Fiber optic
6786-OBWQR,0.676,80.85,58.02,send offer,Tenure: 5 months,Internet service: Fiber optic
4373-MAVJG,0.601,90.9,57.96,send offer,Tenure: 14 months,Internet service: Fiber optic
5949-XIKAE,0.653,83.55,57.88,send offer,Tenure: 8 months,Internet service: Fiber optic
3647-GMGDH,0.576,94.7,57.87,send offer,Internet service: Fiber optic,Contract type: Month-to-month
1754-GKYPY,0.608,89.75,57.82,send offer,Internet service: Fiber optic,Contract type: Month-to-month
7363-QTBIW,0.684,79.75,57.81,send offer,Tenure: 9 months,Internet service: Fiber optic
1508-DFXCU,0.669,81.45,57.75,send offer,Tenure: 12 months,Internet service: Fiber optic
5393-RXQSZ,0.685,79.6,57.72,send offer,Tenure: 1 months,Internet service: Fiber optic
8775-ERLNB,0.733,74.3,57.71,send offer,Tenure: 1 months,Internet service: Fiber optic
0772-GYEQQ,0.617,88.35,57.66,send offer,Tenure: 3 months,Internet service: Fiber optic
9992-RRAMN,0.64,85.1,57.63,send offer,Internet service: Fiber optic,Contract type: Month-to-month
9050-IKDZA,0.668,81.5,57.59,send offer,Tenure: 2 months,Internet service: Fiber optic
8943-URTMR,0.683,79.65,57.55,send offer,Tenure: 2 months,Internet service: Fiber optic
0952-KMEEH,0.554,98.15,57.54,send offer,Tenure: 13 months,Internet service: Fiber optic
1569-TTNYJ,0.691,78.75,57.5,send offer,Tenure: 5 months,Internet service: Fiber optic
8183-ONMXC,0.673,80.75,57.47,send offer,Tenure: 2 months,Internet service: Fiber optic
9606-PBKBQ,0.639,85.0,57.3,send offer,Internet service: Fiber optic,Contract type: Month-to-month
9274-CNFMO,0.724,74.95,57.25,send offer,Tenure: 4 months,Internet service: Fiber optic
2685-SREOM,0.609,89.1,57.23,send offer,Internet service: Fiber optic,Contract type: Month-to-month
0928-XUTSN,0.674,80.5,57.21,send offer,Tenure: 13 months,Internet service: Fiber optic
4631-OACRM,0.683,79.4,57.2,send offer,Tenure: 15 months,Internet service: Fiber optic
9507-EXLTT,0.684,79.35,57.19,send offer,Tenure: 1 months,Internet service: Fiber optic
1184-PJVDB,0.679,79.95,57.18,send offer,Tenure: 10 months,Internet service: Fiber optic
2777-PHDEI,0.695,78.05,57.12,send offer,Tenure: 1 months,Internet service: Fiber optic
6692-UDPJC,0.592,91.65,57.12,send offer,Tenure: 14 months,Internet service: Fiber optic
7235-NXZCP,0.724,74.85,57.12,send offer,Tenure: 2 months,Internet service: Fiber optic
3223-WZWJM,0.646,83.95,57.07,send offer,Internet service: Fiber optic,Contract type: Month-to-month
1226-IENZN,0.688,78.75,57.06,send offer,Tenure: 16 months,Internet service: Fiber optic
6432-TWQLB,0.634,85.4,57.02,send offer,Tenure: 5 months,Internet service: Fiber optic
3757-NJYBX,0.509,106.35,57.01,send offer,Internet service: Fiber optic,Contract type: Month-to-month
8372-JUXUI,0.728,74.35,56.97,send offer,Tenure: 1 months,Internet service: Fiber optic
2982-IHMFT,0.727,74.45,56.94,send offer,Tenure: 1 months,Internet service: Fiber optic
8185-UPYBR,0.717,75.5,56.92,send offer,Tenure: 6 months,Internet service: Fiber optic
0122-OAHPZ,0.733,73.85,56.91,send offer,Tenure: 7 months,Internet service: Fiber optic
4229-CZMLL,0.723,74.9,56.9,send offer,Tenure: 6 months,Internet service: Fiber optic
9741-YLNTD,0.615,87.95,56.84,send offer,Tenure: 6 months,Internet service: Fiber optic
4612-SSVHJ,0.664,81.45,56.79,send offer,Internet service: Fiber optic,Contract type: Month-to-month
6435-SRWBJ,0.653,82.75,56.77,send offer,Tenure: 5 months,Internet service: Fiber optic
0404-SWRVG,0.727,74.4,56.77,send offer,Tenure: 3 months,Internet service: Fiber optic
3801-HMYNL,0.606,89.15,56.63,send offer,Tenure: 1 months,Internet service: Fiber optic
8337-MSSXB,0.626,86.3,56.6,send offer,Tenure: 14 months,Internet service: Fiber optic
4077-CROMM,0.518,104.2,56.6,send offer,Internet service: Fiber optic,Contract type: Month-to-month
9172-JITSM,0.594,90.8,56.57,send offer,Internet service: Fiber optic,Contract type: Month-to-month
1977-STDKI,0.739,73.0,56.53,send offer,Tenure: 1 months,Internet service: Fiber optic
1980-KXVPM,0.718,75.05,56.46,send offer,Tenure: 3 months,Internet service: Fiber optic
7861-UVUFT,0.639,84.3,56.39,send offer,Tenure: 15 months,Internet service: Fiber optic
9685-WKZGT,0.719,74.95,56.38,send offer,Tenure: 14 months,Internet service: Fiber optic
0434-CSFON,0.536,100.5,56.25,send offer,Internet service: Fiber optic,Contract type: Month-to-month
0899-LIIBW,0.534,100.85,56.24,send offer,Internet service: Fiber optic,Contract type: Month-to-month
5989-PGKJB,0.624,86.25,56.22,send offer,Tenure: 16 months,Internet service: Fiber optic
5934-RMPOV,0.635,84.75,56.17,send offer,Internet service: Fiber optic,Contract type: Month-to-month
5928-QLDHB,0.705,76.25,56.17,send offer,Tenure: 9 months,Internet service: Fiber optic
5980-NOPLP,0.559,96.1,56.13,send offer,Internet service: Fiber optic,Contract type: Month-to-month
9367-WXLCH,0.636,84.5,56.12,send offer,Tenure: 8 months,Internet service: Fiber optic
0137-OCGAB,0.67,80.2,56.11,send offer,Tenure: 1 months,Internet service: Fiber optic
5959-BELXA,0.559,96.15,56.1,send offer,Internet service: Fiber optic,Contract type: Month-to-month
3878-AVSOQ,0.754,71.25,56.08,send offer,Tenure: 1 months,Internet service: Fiber optic
5275-SQEIZ,0.665,80.85,56.08,send offer,Tenure: 1 months,Internet service: Fiber optic
0793-TWELN,0.67,80.15,56.07,send offer,Tenure: 4 months,Internet service: Fiber optic
9565-DJPIB,0.599,89.6,55.98,send offer,Tenure: 4 months,Internet service: Fiber optic
7783-YKGDV,0.538,99.7,55.94,send offer,Tenure: 12 months,Internet service: Fiber optic
9488-HGMJH,0.754,71.15,55.89,send offer,Tenure: 1 months,Internet service: Fiber optic
2254-DLXRI,0.678,79.15,55.87,send offer,Tenure: 1 months,Internet service: Fiber optic
0225-ZORZP,0.636,84.3,55.8,send offer,Tenure: 3 months,Internet service: Fiber optic
7180-PISOG,0.719,74.5,55.78,send offer,Tenure: 1 months,Internet service: Fiber optic
7825-ECJRF,0.503,106.6,55.72,send offer,Internet service: Fiber optic,Contract type: Month-to-month
3295-YVUSR,0.738,72.6,55.67,send offer,Tenure: 2 months,Internet service: Fiber optic
8083-YTZES,0.72,74.35,55.57,send offer,Tenure: 4 months,Internet service: Fiber optic
0742-NXBGR,0.65,82.3,55.57,send offer,Tenure: 1 months,Internet service: Fiber optic
2516-VQRRV,0.709,75.45,55.54,send offer,Tenure: 2 months,Internet service: Fiber optic
0923-PNFUB,0.638,83.75,55.49,send offer,Tenure: 3 months,Internet service: Fiber optic
9058-MJLZC,0.565,94.6,55.46,send offer,Internet service: Fiber optic,Contract type: Month-to-month
4439-JMPMT,0.623,85.75,55.45,send offer,Tenure: 5 months,Internet service: Fiber optic
6618-RYATB,0.672,79.55,55.43,send offer,Tenure: 1 months,Internet service: Fiber optic
8541-QVFKM,0.727,73.5,55.41,send offer,Tenure: 8 months,Internet service: Fiber optic
6711-FLDFB,0.712,74.9,55.25,send offer,Tenure: 7 months,Internet service: Fiber optic
2880-FPNAE,0.719,74.2,55.19,send offer,Tenure: 2 months,Internet service: Fiber optic
1846-XWOQN,0.76,70.15,55.16,send offer,Tenure: 1 months,Internet service: Fiber optic
8644-XLFBW,0.744,71.65,55.11,send offer,Tenure: 1 months,Internet service: Fiber optic
2504-DSHIH,0.613,86.8,55.01,send offer,Internet service: Fiber optic,Contract type: Month-to-month
3640-PHQXK,0.592,89.9,55.0,send offer,Internet service: Fiber optic,Contract type: Month-to-month
7198-GLXTC,0.674,79.0,55.0,send offer,Tenure: 2 months,Internet service: Fiber optic
9921-ZVRHG,0.662,80.45,54.97,send offer,Tenure: 14 months,Internet service: Fiber optic
0689-NKYLF,0.64,83.2,54.94,send offer,Tenure: 13 months,Internet service: Fiber optic
3672-YITQD,0.633,84.1,54.91,send offer,Internet service: Fiber optic,Contract type: Month-to-month
3199-XGZCY,0.706,75.25,54.76,send offer,Tenure: 8 months,Internet service: Fiber optic
8699-ASUFO,0.714,74.4,54.7,send offer,Tenure: 7 months,Internet service: Fiber optic
5520-FVEWJ,0.628,84.5,54.58,send offer,Tenure: 12 months,Internet service: Fiber optic
2959-FENLU,0.621,85.3,54.5,send offer,Tenure: 9 months,Internet service: Fiber optic
2761-OCIAX,0.71,74.7,54.49,send offer,Tenure: 2 months,Internet service: Fiber optic
5899-OUVKV,0.56,94.5,54.4,send offer,Internet service: Fiber optic,Contract type: Month-to-month
6481-ESCNL,0.526,100.55,54.33,send offer,Internet service: Fiber optic,Contract type: Month-to-month
2013-SGDXK,0.628,84.3,54.32,send offer,Tenure: 1 months,Internet service: Fiber optic
0112-QAWRZ,0.583,90.8,54.31,send offer,Tenure: 16 months,Internet service: Fiber optic
8107-KNCIM,0.705,75.1,54.31,send offer,Tenure: 14 months,Internet service: Fiber optic
8182-BJDSI,0.588,89.95,54.15,send offer,Internet service: Fiber optic,Contract type: Month-to-month
7354-OIJLX,0.697,75.85,54.14,send offer,Tenure: 9 months,Internet service: Fiber optic
3030-YDNRM,0.706,74.85,54.13,send offer,Tenure: 8 months,Internet service: Fiber optic
2697-NQBPF,0.501,105.35,54.11,send offer,Internet service: Fiber optic,Contract type: Month-to-month
2674-MIAHT,0.658,80.3,54.08,send offer,Tenure: 4 months,Internet service: Fiber optic
9605-WGJVW,0.752,70.2,54.04,send offer,Tenure: 1 months,Internet service: Fiber optic
6372-RFVNS,0.67,78.8,54.04,send offer,Tenure: 1 months,Internet service: Fiber optic
2823-LKABH,0.555,95.05,53.94,send offer,Internet service: Fiber optic,Tenure: 18 months
2252-ISRNH,0.584,90.35,53.9,send offer,Tenure: 9 months,Internet service: Fiber optic
2867-UIMSS,0.654,80.5,53.8,send offer,Tenure: 1 months,Internet service: Fiber optic
5119-KEPFY,0.555,95.0,53.79,send offer,Internet service: Fiber optic,Contract type: Month-to-month
6518-LGAOV,0.502,105.0,53.76,send offer,Internet service: Fiber optic,Contract type: Month-to-month
5655-JSMZM,0.547,96.2,53.74,send offer,Internet service: Fiber optic,Contract type: Month-to-month
7270-BDIOA,0.585,90.0,53.67,send offer,Internet service: Fiber optic,Contract type: Month-to-month
7952-OBOYL,0.585,89.85,53.51,send offer,Tenure: 3 months,Internet service: Fiber optic
9492-TOKRI,0.584,90.0,53.47,send offer,Internet service: Fiber optic,Tenure: 18 months
7137-RYLPP,0.613,85.7,53.46,send offer,Internet service: Fiber optic,Contract type: Month-to-month
5747-PMBSQ,0.567,92.5,53.34,send offer,Tenure: 10 months,Internet service: Fiber optic
1363-TXLSL,0.746,70.3,53.33,send offer,Tenure: 1 months,Internet service: Fiber optic
8132-YPVBX,0.61,85.95,53.25,send offer,Tenure: 6 months,Internet service: Fiber optic
5482-VXSXJ,0.562,93.2,53.19,send offer,Internet service: Fiber optic,Contract type: Month-to-month
4369-HTUIF,0.615,85.15,53.18,send offer,Tenure: 6 months,Internet service: Fiber optic
6284-AHOOQ,0.578,90.5,53.09,send offer,Internet service: Fiber optic,Contract type: Month-to-month
1236-WFCDV,0.579,90.45,53.09,send offer,Tenure: 14 months,Internet service: Fiber optic
8062-YBDOE,0.751,69.65,53.05,send offer,Tenure: 1 months,Internet service: Fiber optic
6918-UMQCG,0.653,80.2,53.04,send offer,Tenure: 5 months,Internet service: Fiber optic
1212-GLHMD,0.608,86.05,53.04,send offer,Tenure: 3 months,Internet service: Fiber optic
4283-FUTGF,0.655,79.85,53.02,send offer,Internet service: Fiber optic,Contract type: Month-to-month
5196-SGOAK,0.691,75.7,53.02,send offer,Tenure: 1 months,Internet service: Fiber optic
2272-QAGFO,0.704,74.3,53.01,send offer,Tenure: 14 months,Internet service: Fiber optic
8714-CTZJW,0.631,82.85,52.99,send offer,Tenure: 4 months,Internet service: Fiber optic
8361-LTMKD,0.702,74.4,52.89,send offer,Tenure: 4 months,Internet service: Fiber optic
1766-GKNMI,0.616,84.9,52.89,send offer,Internet service: Fiber optic,Contract type: Month-to-month
3370-HXOPH,0.687,76.1,52.89,send offer,Tenure: 3 months,Internet service: Fiber optic
8065-YKXKD,0.699,74.75,52.83,send offer,Tenure: 10 months,Internet service: Fiber optic
4238-JSSWH,0.512,102.05,52.79,send offer,Internet service: Fiber optic,Contract type: Month-to-month
9600-NAXZN,0.515,101.4,52.79,send offer,Internet service: Fiber optic,Contract type: Month-to-month
7901-TBKJX,0.516,101.05,52.73,send offer,Internet service: Fiber optic,Contract type: Month-to-month
5144-TVGLP,0.551,94.75,52.69,send offer,Internet service: Fiber optic,Contract type: Month-to-month
1285-OKIPP,0.653,79.9,52.69,send offer,Tenure: 1 months,Internet service: Fiber optic
9508-ILZDG,0.541,96.35,52.66,send offer,Internet service: Fiber optic,Contract type: Month-to-month
6365-MTGZX,0.543,96.0,52.54,send offer,Internet service: Fiber optic,Contract type: Month-to-month
9600-UDOPK,0.554,94.05,52.53,send offer,Internet service: Fiber optic,Contract type: Month-to-month
1513-XNPPH,0.583,89.4,52.5,send offer,Tenure: 12 months,Internet service: Fiber optic
3771-PZOBW,0.574,90.7,52.49,send offer,Internet service: Fiber optic,Contract type: Month-to-month
3365-SAIGS,0.623,83.55,52.47,send offer,Tenure: 17 months,Internet service: Fiber optic
7693-LCKZL,0.649,80.15,52.42,send offer,Tenure: 5 months,Internet service: Fiber optic
5228-EXCET,0.643,80.85,52.31,send offer,Tenure: 13 months,Internet service: Fiber optic
4559-UWIHT,0.629,82.65,52.28,send offer,Tenure: 14 months,Internet service: Fiber optic
3908-BLSYF,0.619,83.9,52.25,send offer,Tenure: 6 months,Internet service: Fiber optic
0027-KWYKW,0.62,83.75,52.25,send offer,Internet service: Fiber optic,Contract type: Month-to-month
3003-CMDUU,0.546,95.15,52.24,send offer,Internet service: Fiber optic,Contract type: Month-to-month
5117-IFGPS,0.616,84.3,52.23,send offer,Internet service: Fiber optic,Contract type: Month-to-month
6400-BWQKW,0.657,79.05,52.22,send offer,Tenure: 6 months,Internet service: Fiber optic
3746-EUBYR,0.696,74.6,52.21,send offer,Tenure: 1 months,Internet service: Fiber optic
3174-RKMOW,0.472,109.95,52.18,send offer,Internet service: Fiber optic,Contract type: Month-to-month
0947-IDHRQ,0.647,80.3,52.16,send offer,Tenure: 7 months,Internet service: Fiber optic
9696-RMYBA,0.648,80.1,52.13,send offer,Tenure: 5 months,Internet service: Fiber optic
4822-NGOCH,0.614,84.45,52.07,send offer,Tenure: 13 months,Internet service: Fiber optic
7625-XCQRH,0.678,76.5,52.04,send offer,Tenure: 11 months,Internet service: Fiber optic
9603-OAIHC,0.74,70.05,52.03,send offer,Tenure: 1 months,Internet service: Fiber optic
3797-FKOGQ,0.601,86.2,51.87,send offer,Tenure: 11 months,Internet service: Fiber optic
6960-HVYXR,0.681,76.0,51.84,send offer,Tenure: 1 months,Internet service: Fiber optic
9799-CAYJJ,0.747,69.3,51.83,send offer,Tenure: 2 months,Internet service: Fiber optic
9415-DPEWS,0.586,88.35,51.82,send offer,Internet service: Fiber optic,Tenure: 18 months
4282-YMKNA,0.692,74.75,51.78,send offer,Tenure: 9 months,Internet service: Fiber optic
6719-OXYBR,0.606,85.3,51.72,send offer,Tenure: 15 months,Internet service: Fiber optic
5599-HVLTW,0.644,80.35,51.71,send offer,Tenure: 14 months,Internet service: Fiber optic
5570-PTWEH,0.688,75.15,51.65,send offer,Tenure: 3 months,Internet service: Fiber optic
6110-OHIHY,0.652,79.25,51.62,send offer,Tenure: 3 months,Internet service: Fiber optic
7480-QNVZJ,0.54,95.7,51.6,send offer,Internet service: Fiber optic,Contract type: Month-to-month
0013-EXCHZ,0.615,83.9,51.52,send offer,Tenure: 3 months,Internet service: Fiber optic
3932-CMDTD,0.488,105.65,51.46,send offer,Tenure: 4 months,Internet service: Fiber optic
3904-UKFRE,0.643,80.1,51.29,send offer,Tenure: 4 months,Internet service: Fiber optic
3276-HDUEG,0.686,75.05,51.28,send offer,Tenure: 1 months,Internet service: Fiber optic
4822-YCXMX,0.607,84.8,51.27,send offer,Internet service: Fiber optic,Contract type: Month-to-month
6376-GAHQE,0.662,77.85,51.24,send offer,Tenure: 4 months,Internet service: Fiber optic
6032-KRXXO,0.569,90.25,51.01,send offer,Internet service: Fiber optic,Contract type: Month-to-month
4919-IKATY,0.608,84.5,50.94,send offer,Tenure: 5 months,Internet service: Fiber optic
8276-MQBYC,0.525,97.8,50.92,send offer,Internet service: Fiber optic,Contract type: Month-to-month
1580-BMCMR,0.588,87.3,50.88,send offer,Internet service: Fiber optic,Contract type: Month-to-month
0082-OQIQY,0.545,94.2,50.87,send offer,Internet service: Fiber optic,Contract type: Month-to-month
8938-UMKPI,0.482,106.4,50.76,send offer,Internet service: Fiber optic,Contract type: Month-to-month
1448-PWKYE,0.641,80.0,50.75,send offer,Tenure: 1 months,Internet service: Fiber optic
4572-DVCGN,0.638,80.25,50.65,send offer,Tenure: 10 months,Internet service: Fiber optic
4342-HENTK,0.725,70.65,50.63,send offer,Tenure: 2 months,Internet service: Fiber optic
6646-VRFOL,0.493,103.85,50.53,send offer,Internet service: Fiber optic,Contract type: Month-to-month
5630-IXDXV,0.481,106.35,50.5,send offer,Internet service: Fiber optic,Contract type: Month-to-month
7056-IMHCC,0.502,101.9,50.43,send offer,Internet service: Fiber optic,Contract type: Month-to-month
1550-EENBN,0.49,104.35,50.41,send offer,Internet service: Fiber optic,Contract type: Month-to-month
7321-PKUYW,0.567,90.15,50.39,send offer,Tenure: 11 months,Internet service: Fiber optic
2135-DQWAQ,0.599,85.3,50.38,send offer,Tenure: 5 months,Internet service: Fiber optic
4871-JTKJF,0.734,69.65,50.37,send offer,Tenure: 1 months,Internet service: Fiber optic
3420-YJLQT,0.642,79.55,50.34,send offer,Tenure: 2 months,Internet service: Fiber optic
4183-MYFRB,0.567,90.05,50.34,send offer,Internet service: Fiber optic,Contract type: Month-to-month
2636-ALXXZ,0.734,69.6,50.31,send offer,Tenure: 1 months,Internet service: Fiber optic
8375-DKEBR,0.734,69.6,50.31,send offer,Tenure: 1 months,Internet service: Fiber optic
0644-OQMDK,0.723,70.65,50.3,send offer,Tenure: 4 months,Internet service: Fiber optic
6856-RAURS,0.682,74.9,50.3,send offer,Tenure: 2 months,Internet service: Fiber optic
8051-HJRLT,0.724,70.55,50.29,send offer,Tenure: 1 months,Internet service: Fiber optic
6496-JDSSB,0.638,80.0,50.22,send offer,Tenure: 8 months,Internet service: Fiber optic
0219-YTZUE,0.602,84.8,50.22,send offer,Tenure: 4 months,Internet service: Fiber optic
2774-LVQUS,0.613,83.05,50.05,send offer,Tenure: 15 months,Internet service: Fiber optic
2506-TNFCO,0.732,69.55,50.02,send offer,Tenure: 1 months,Internet service: Fiber optic
4299-SIMNS,0.627,81.15,49.96,send offer,Tenure: 9 months,Internet service: Fiber optic
1894-IGFSG,0.57,89.25,49.88,send offer,Internet service: Fiber optic,Contract type: Month-to-month
9710-ZUSHQ,0.476,106.75,49.86,send offer,Internet service: Fiber optic,Contract type: Month-to-month
4277-PVRAN,0.635,80.1,49.83,send offer,Tenure: 8 months,Internet service: Fiber optic
0378-NHQXU,0.576,88.25,49.81,send offer,Tenure: 17 months,Internet service: Fiber optic
3934-HXCFZ,0.512,99.25,49.77,send offer,Internet service: Fiber optic,Contract type: Month-to-month
9430-FRQOC,0.582,87.1,49.54,send offer,Tenure: 4 months,Internet service: Fiber optic
2800-QQUSO,0.505,100.3,49.46,send offer,Internet service: Fiber optic,Contract type: Month-to-month
7044-YAACC,0.722,70.2,49.44,send offer,Tenure: 4 months,Internet service: Fiber optic
5276-KQWHG,0.727,69.6,49.28,send offer,Tenure: 2 months,Internet service: Fiber optic
3707-GNWHM,0.681,74.25,49.27,send offer,Tenure: 1 months,Internet service: Fiber optic
3765-JXVKY,0.677,74.7,49.26,send offer,Tenure: 1 months,Internet service: Fiber optic
2055-PDADH,0.718,70.4,49.24,send offer,Tenure: 3 months,Internet service: Fiber optic
2154-KVJFF,0.634,79.75,49.19,send offer,Tenure: 15 months,Internet service: Fiber optic
8000-REIQB,0.722,69.95,49.14,send offer,Tenure: 1 months,Internet service: Fiber optic
3312-UUMZW,0.511,98.85,49.12,send offer,Internet service: Fiber optic,Contract type: Month-to-month
5129-JLPIS,0.479,105.5,49.12,send offer,Internet service: Fiber optic,Contract type: Month-to-month
1608-GMEWB,0.538,93.9,49.1,send offer,Internet service: Fiber optic,Contract type: Month-to-month
9840-DVNDC,0.627,80.5,49.01,send offer,Tenure: 6 months,Internet service: Fiber optic
4412-YLTKF,0.646,78.05,48.98,send offer,Internet service: Fiber optic,Contract type: Month-to-month
5550-VFRLC,0.722,69.85,48.95,send offer,Tenure: 1 months,Internet service: Fiber optic
0093-EXYQL,0.551,91.55,48.94,send offer,Internet service: Fiber optic,Contract type: Month-to-month
2799-ARNLO,0.727,69.35,48.92,send offer,Tenure: 5 months,Internet service: Fiber optic
5804-LEPIM,0.716,70.35,48.85,send offer,Tenure: 2 months,Internet service: Fiber optic
2719-BDAQO,0.537,93.85,48.77,send offer,Tenure: 17 months,Internet service: Fiber optic
1024-VRZHF,0.672,74.95,48.76,send offer,Tenure: 11 months,Internet service: Fiber optic
5716-LIBJC,0.483,104.15,48.72,send offer,Tenure: 13 months,Internet service: Fiber optic
9167-APMXZ,0.598,84.15,48.71,send offer,Internet service: Fiber optic,Contract type: Month-to-month
6168-WFVVF,0.716,70.3,48.67,send offer,Tenure: 3 months,Internet service: Fiber optic
3167-SNQPL,0.497,101.15,48.67,send offer,Internet service: Fiber optic,Contract type: Month-to-month
9095-HFAFX,0.621,81.0,48.63,send offer,Tenure: 5 months,Internet service: Fiber optic
9979-RGMZT,0.535,94.05,48.61,send offer,Tenure: 7 months,Internet service: Fiber optic
7823-JSOAG,0.675,74.5,48.6,send offer,Tenure: 3 months,Internet service: Fiber optic
7268-IGMFD,0.535,93.9,48.53,send offer,Internet service: Fiber optic,Tenure: 18 months
0925-VYDLG,0.668,75.25,48.5,send offer,Tenure: 3 months,Internet service: Fiber optic
1522-VVDMG,0.559,89.75,48.4,send offer,Tenure: 7 months,Internet service: Fiber optic
4274-OWWYO,0.675,74.35,48.4,send offer,Tenure: 1 months,Internet service: Fiber optic
7508-SMHXL,0.564,89.0,48.35,send offer,Tenure: 15 months,Internet service: Fiber optic
0311-UNPFF,0.565,88.8,48.31,send offer,Internet service: Fiber optic,Contract type: Month-to-month
8821-XNHVZ,0.626,80.05,48.28,send offer,Tenure: 1 months,Internet service: Fiber optic
0376-YMCJC,0.553,90.6,48.24,send offer,Internet service: Fiber optic,Contract type: Month-to-month
1689-YQBYY,0.654,76.6,48.23,send offer,Tenure: 12 months,Internet service: Fiber optic
3317-VLGQT,0.641,78.1,48.16,send offer,Tenure: 14 months,Internet service: Fiber optic
9866-QEVEE,0.582,86.0,48.16,send offer,Internet service: Fiber optic,Contract type: Month-to-month
3384-CTMSF,0.481,104.1,48.06,send offer,Internet service: Fiber optic,Contract type: Month-to-month
1640-PLFMP,0.712,70.25,47.99,send offer,Tenure: 1 months,Internet service: Fiber optic
4658-HCOHW,0.486,102.8,47.96,send offer,Internet service: Fiber optic,Contract type: Month-to-month
5842-POCOP,0.562,88.9,47.88,send offer,Tenure: 5 months,Internet service: Fiber optic
5666-CYCYZ,0.558,89.55,47.84,send offer,Internet service: Fiber optic,Contract type: Month-to-month
3352-ALMCK,0.486,102.65,47.84,send offer,Internet service: Fiber optic,Contract type: Month-to-month
6910-HADCM,0.654,76.35,47.81,send offer,Tenure: 1 months,Internet service: Fiber optic
7206-GZCDC,0.721,69.25,47.8,send offer,Tenure: 1 months,Internet service: Fiber optic
1307-ATKGB,0.557,89.55,47.76,send offer,Internet service: Fiber optic,Contract type: Month-to-month
5159-YFPKQ,0.658,75.8,47.71,send offer,Tenure: 2 months,Internet service: Fiber optic
5539-TMZLF,0.715,69.75,47.67,send offer,Tenure: 1 months,Internet service: Fiber optic
3296-SILRA,0.651,76.4,47.4,send offer,Tenure: 1 months,Internet service: Fiber optic
4137-BTIKL,0.548,90.75,47.38,send offer,Tenure: 2 months,Internet service: Fiber optic
8189-XRIKE,0.546,90.95,47.32,send offer,Internet service: Fiber optic,Contract type: Month-to-month
6996-KNSML,0.663,74.9,47.26,send offer,Tenure: 1 months,Internet service: Fiber optic
6923-JHPMP,0.617,80.45,47.21,send offer,Tenure: 2 months,Internet service: Fiber optic
7665-TOALD,0.713,69.6,47.2,send offer,Tenure: 1 months,Internet service: Fiber optic
0378-TOVMS,0.578,85.8,47.15,send offer,Tenure: 3 months,Internet service: Fiber optic
5480-TBGPH,0.499,99.3,47.13,send offer,Internet service: Fiber optic,Contract type: Month-to-month
4059-IIEBK,0.631,78.55,47.13,send offer,Tenure: 7 months,Internet service: Fiber optic
9560-ARGQJ,0.612,81.0,47.06,send offer,Tenure: 16 months,Internet service: Fiber optic
0524-IAVZO,0.583,85.0,47.01,send offer,Internet service: Fiber optic,Contract type: Month-to-month
2276-YDAVZ,0.66,75.1,47.01,send offer,Tenure: 3 months,Internet service: Fiber optic
3488-PGMQJ,0.665,74.5,46.98,send offer,Tenure: 8 months,Internet service: Fiber optic
3096-JRDSO,0.474,104.3,46.89,send offer,Internet service: Fiber optic,Contract type: Month-to-month
0354-WYROK,0.5,98.9,46.82,send offer,Internet service: Fiber optic,Contract type: Month-to-month
2082-OJVTK,0.554,89.2,46.82,send offer,Internet service: Fiber optic,Contract type: Month-to-month
7048-GXDAY,0.465,106.4,46.8,send offer,Internet service: Fiber optic,Contract type: Month-to-month
4947-DSMXK,0.506,97.7,46.76,send offer,Internet service: Fiber optic,Contract type: Month-to-month
2038-LLMLM,0.476,103.85,46.72,send offer,Internet service: Fiber optic,Contract type: Month-to-month
3853-LYGAM,0.516,95.65,46.56,send offer,Tenure: 17 months,Internet service: Fiber optic
7465-ZZRVX,0.701,70.35,46.47,send offer,Tenure: 1 months,Internet service: Fiber optic
4315-MURBD,0.498,98.9,46.38,send offer,Tenure: 12 months,Internet service: Fiber optic
6198-ZFIOJ,0.651,75.6,46.36,send offer,Tenure: 5 months,Internet service: Fiber optic
1602-IJQQE,0.653,75.35,46.33,send offer,Tenure: 4 months,Internet service: Fiber optic
9250-WYPLL,0.651,75.55,46.28,send offer,Tenure: 5 months,Internet service: Fiber optic
6653-CBBOM,0.7,70.3,46.25,send offer,Tenure: 1 months,Internet service: Fiber optic
5729-KLZAR,0.608,80.85,46.25,send offer,Tenure: 4 months,Internet service: Fiber optic
8945-GRKHX,0.625,78.65,46.25,send offer,Tenure: 1 months,Internet service: Fiber optic
2227-JRSJX,0.496,99.15,46.24,send offer,Internet service: Fiber optic,Contract type: Month-to-month
7422-WNBTY,0.526,93.35,46.15,send offer,Internet service: Fiber optic,Contract type: Month-to-month
1031-IIDEO,0.693,70.85,46.06,send offer,Tenure: 1 months,Internet service: Fiber optic
8012-SOUDQ,0.544,90.25,46.04,send offer,Internet service: Fiber optic,Contract type: Month-to-month
0581-MDMPW,0.552,88.95,45.98,send offer,Internet service: Fiber optic,Contract type: Month-to-month
6424-ELEYH,0.656,74.75,45.96,send offer,Tenure: 3 months,Internet service: Fiber optic
3074-GQWYX,0.646,75.9,45.95,send offer,Tenure: 5 months,Internet service: Fiber optic
9804-ICWBG,0.702,69.9,45.94,send offer,Tenure: 1 months,Internet service: Fiber optic
6591-QGOYB,0.46,106.65,45.94,send offer,Tenure: 17 months,Internet service: Fiber optic
7409-KIUTL,0.691,71.0,45.91,send offer,Tenure: 1 months,Internet service: Fiber optic
3855-ONCAR,0.621,78.9,45.9,send offer,Tenure: 4 months,Internet service: Fiber optic
9237-HQITU,0.693,70.7,45.89,send offer,Tenure: 2 months,Internet service: Fiber optic
4770-UEZOX,0.656,74.75,45.88,send offer,Tenure: 2 months,Internet service: Fiber optic
4510-HIMLV,0.702,69.8,45.82,send offer,Tenure: 1 months,Internet service: Fiber optic
5828-AVIPD,0.485,100.95,45.8,send offer,Internet service: Fiber optic,Tenure: 19 months
1482-OXZSY,0.488,100.4,45.77,send offer,Internet service: Fiber optic,Contract type: Month-to-month
2397-BRLOM,0.608,80.45,45.73,send offer,Tenure: 8 months,Internet service: Fiber optic
7495-OOKFY,0.606,80.65,45.65,send offer,Tenure: 8 months,Internet service: Fiber optic
7254-IQWOZ,0.702,69.65,45.64,send offer,Tenure: 1 months,Internet service: Fiber optic
2739-CACDQ,0.591,82.65,45.56,send offer,Tenure: 17 months,Internet service: Fiber optic
4301-VVZKA,0.648,75.4,45.51,send offer,Tenure: 16 months,Internet service: Fiber optic
5564-NEMQO,0.649,75.3,45.49,send offer,Tenure: 1 months,Internet service: Fiber optic
1833-TCXKK,0.453,107.75,45.47,send offer,Internet service: Fiber optic,Contract type: Month-to-month
8708-XPXHZ,0.518,94.2,45.45,send offer,Internet service: Fiber optic,Contract type: Month-to-month
2507-QZPQS,0.51,95.7,45.43,send offer,Tenure: 15 months,Internet service: Fiber optic
3197-ARFOY,0.465,105.0,45.38,send offer,Internet service: Fiber optic,Contract type: Month-to-month
4854-CIDCF,0.661,73.85,45.37,send offer,Tenure: 3 months,Internet service: Fiber optic
7278-CKDNC,0.606,80.5,45.36,send offer,Internet service: Fiber optic,Contract type: Month-to-month
6221-AVQYL,0.666,73.25,45.35,send offer,Tenure: 2 months,Internet service: Fiber optic
0177-PXBAT,0.444,109.9,45.35,send offer,Internet service: Fiber optic,Contract type: Month-to-month
9898-KZQDZ,0.516,94.55,45.34,send offer,Internet service: Fiber optic,Contract type: Month-to-month
8835-VSDSE,0.69,70.7,45.32,send offer,Tenure: 2 months,Internet service: Fiber optic
9850-OWRHQ,0.658,74.1,45.29,send offer,Tenure: 3 months,Internet service: Fiber optic
9625-QSTYE,0.6,81.15,45.18,send offer,Tenure: 13 months,Internet service: Fiber optic
0328-GRPMV,0.695,70.1,45.16,send offer,Tenure: 1 months,Internet service: Fiber optic
4636-QRJKY,0.605,80.5,45.15,send offer,Tenure: 6 months,Internet service: Fiber optic
2187-PKZAY,0.609,79.95,45.12,send offer,Tenure: 12 months,Internet service: Fiber optic
3249-ZPQRG,0.62,78.45,45.11,send offer,Tenure: 4 months,Internet service: Fiber optic
3196-NVXLZ,0.575,84.6,45.1,send offer,Internet service: Fiber optic,Contract type: Month-to-month
0564-MUUQK,0.509,95.5,45.07,send offer,Internet service: Fiber optic,Contract type: Month-to-month
8565-CLBZW,0.541,89.85,45.07,send offer,Internet service: Fiber optic,Contract type: Month-to-month
9889-TMAHG,0.485,100.3,45.07,send offer,Tenure: 8 months,Internet service: Fiber optic
7562-GSUHK,0.522,93.2,45.06,send offer,Tenure: 16 months,Internet service: Fiber optic
9529-OFXHY,0.554,87.75,45.06,send offer,Tenure: 15 months,Internet service: Fiber optic
8436-BJUMM,0.581,83.75,45.05,send offer,Internet service: Fiber optic,Contract type: Month-to-month
4547-KQRTM,0.608,80.05,45.05,send offer,Tenure: 10 months,Internet service: Fiber optic
3244-DCJWY,0.692,70.25,45.03,send offer,Tenure: 1 months,Internet service: Fiber optic
8937-RDTHP,0.575,84.6,44.98,send offer,Tenure: 1 months,Internet service: Fiber optic
2587-EKXTS,0.436,111.5,44.96,send offer,Internet service: Fiber optic,Contract type: Month-to-month
6877-LGWXO,0.619,78.55,44.95,send offer,Internet service: Fiber optic,Tenure: 18 months
7321-VGNKU,0.69,70.35,44.91,send offer,Tenure: 2 months,Internet service: Fiber optic
4536-PLEQY,0.571,85.05,44.88,send offer,Tenure: 12 months,Internet service: Fiber optic
1965-DDBWU,0.545,89.05,44.81,send offer,Tenure: 16 months,Internet service: Fiber optic
8914-RBTSB,0.517,93.8,44.79,send offer,Internet service: Fiber optic,Contract type: Month-to-month
4702-IOQDC,0.692,70.1,44.75,send offer,Tenure: 1 months,Internet service: Fiber optic
6352-TWCAU,0.561,86.45,44.69,send offer,Internet service: Fiber optic,Contract type: Month-to-month
0315-LVCRK,0.571,84.8,44.57,send offer,Tenure: 11 months,Internet service: Fiber optic
3494-JCHRQ,0.691,70.05,44.55,send offer,Tenure: 1 months,Internet service: Fiber optic
5439-WIKXB,0.512,94.55,44.47,send offer,Internet service: Fiber optic,Contract type: Month-to-month
7072-MBHEV,0.619,78.1,44.47,send offer,Tenure: 11 months,Internet service: Fiber optic
3587-PMCOY,0.489,98.9,44.45,send offer,Tenure: 10 months,Internet service: Fiber optic
0139-IVFJG,0.535,90.35,44.45,send offer,Tenure: 2 months,Internet service: Fiber optic
9355-NPPFS,0.613,78.8,44.4,send offer,Internet service: Fiber optic,Contract type: Month-to-month
9420-LOJKX,0.488,99.1,44.4,send offer,Tenure: 15 months,Internet service: Fiber optic
1016-DJTSV,0.693,69.7,44.36,send offer,Tenure: 8 months,Internet service: Fiber optic
4806-HIPDW,0.701,68.95,44.33,send offer,Tenure: 1 months,Internet service: Fiber optic
3744-ZRRDZ,0.586,82.35,44.29,send offer,Internet service: Fiber optic,Contract type: Month-to-month
0402-CQAJN,0.473,101.9,44.22,send offer,Internet service: Fiber optic,Contract type: Month-to-month
8325-QRPZR,0.642,75.15,44.22,send offer,Tenure: 7 months,Internet service: Fiber optic
4817-QRJSX,0.596,81.0,44.2,send offer,Tenure: 10 months,Internet service: Fiber optic
4603-JANFB,0.69,69.85,44.18,send offer,Tenure: 1 months,Internet service: Fiber optic
0004-TLHLJ,0.653,73.9,44.17,send offer,Tenure: 4 months,Internet service: Fiber optic
1907-UBQFC,0.662,72.85,44.1,send offer,Tenure: 10 months,Internet service: Fiber optic
2344-JMOGN,0.508,94.85,44.04,send offer,Tenure: 9 months,Internet service: Fiber optic
4482-EWFMI,0.691,69.7,44.03,send offer,Tenure: 2 months,Internet service: Fiber optic
9940-RHLFB,0.64,75.3,44.02,send offer,Tenure: 1 months,Internet service: Fiber optic
2446-PLQVO,0.685,70.3,43.97,send offer,Tenure: 1 months,Internet service: Fiber optic
9717-QEBGU,0.684,70.3,43.93,send offer,Tenure: 2 months,Internet service: Fiber optic
5542-TBBWB,0.688,69.9,43.81,send offer,Tenure: 1 months,Internet service: Fiber optic
2519-FAKOD,0.484,99.25,43.8,send offer,Internet service: Fiber optic,Contract type: Month-to-month
9661-ACXBS,0.457,105.2,43.77,send offer,Internet service: Fiber optic,Contract type: Month-to-month
7979-CORPM,0.531,90.55,43.76,send offer,Internet service: Fiber optic,Contract type: Month-to-month
6077-BDPXA,0.685,70.15,43.75,send offer,Tenure: 3 months,Internet service: Fiber optic
6212-ATMLK,0.502,95.7,43.71,send offer,Internet service: Fiber optic,Contract type: Month-to-month
8637-XJIVR,0.608,78.95,43.66,send offer,Tenure: 12 months,Internet service: Fiber optic
1194-HVAIF,0.505,95.0,43.61,send offer,Internet service: Fiber optic,Contract type: Month-to-month
4441-NIHPT,0.645,74.3,43.48,send offer,Tenure: 13 months,Internet service: Fiber optic
2874-YXVVA,0.456,105.1,43.46,send offer,Internet service: Fiber optic,Contract type: Month-to-month
5376-DEQCP,0.678,70.6,43.45,send offer,Tenure: 1 months,Internet service: Fiber optic
1820-TQVEV,0.688,69.55,43.39,send offer,Tenure: 1 months,Internet service: Fiber optic
9904-EHEVJ,0.524,91.35,43.38,send offer,Internet service: Fiber optic,Contract type: Month-to-month
5307-DZCVC,0.557,85.95,43.37,send offer,Internet service: Fiber optic,Contract type: Month-to-month
6330-JKLPC,0.594,80.5,43.3,send offer,Tenure: 11 months,Internet service: Fiber optic
5922-ABDVO,0.533,89.65,43.27,send offer,Internet service: Fiber optic,Contract type: Month-to-month
5875-YPQFJ,0.684,69.9,43.22,send offer,Tenure: 1 months,Internet service: Fiber optic
6457-GIRWB,0.689,69.35,43.16,send offer,Tenure: 1 months,Internet service: Fiber optic
3428-XZMAZ,0.689,69.35,43.16,send offer,Tenure: 1 months,Internet service: Fiber optic
8873-GLDMH,0.647,73.85,43.15,send offer,Tenure: 6 months,Internet service: Fiber optic
3737-GCSPV,0.496,96.2,43.11,send offer,Tenure: 11 months,Internet service: Fiber optic
5054-IEXZT,0.634,75.35,43.11,send offer,Tenure: 1 months,Internet service: Fiber optic
1658-TJVOA,0.644,74.1,43.11,send offer,Tenure: 6 months,Internet service: Fiber optic
4128-ETESU,0.479,99.7,43.08,send offer,Internet service: Fiber optic,Contract type: Month-to-month
6502-MJQAE,0.685,69.6,43.02,send offer,Tenure: 1 months,Internet service: Fiber optic
3331-HQDTW,0.434,109.8,42.99,send offer,Internet service: Fiber optic,Contract type: Month-to-month
3721-CNEYS,0.672,70.95,42.98,send offer,Tenure: 2 months,Internet service: Fiber optic
2656-FMOKZ,0.64,74.45,42.93,send offer,Tenure: 15 months,Internet service: Fiber optic
3536-IQCTX,0.559,85.3,42.93,send offer,Internet service: Fiber optic,Contract type: Month-to-month
4154-AQUGT,0.535,89.05,42.92,send offer,Tenure: 13 months,Internet service: Fiber optic
4484-GLZOU,0.454,105.05,42.91,send offer,Internet service: Fiber optic,Contract type: Month-to-month
8854-CCVSQ,0.59,80.65,42.87,send offer,Internet service: Fiber optic,Tenure: 18 months
3716-BDVDB,0.689,69.1,42.86,send offer,Tenure: 1 months,Internet service: Fiber optic
5626-MGTUK,0.534,89.1,42.85,send offer,Internet service: Fiber optic,Contract type: Month-to-month
7912-SYRQT,0.633,75.1,42.75,send offer,Tenure: 7 months,Internet service: Fiber optic
7379-POKDZ,0.677,70.3,42.73,send offer,Tenure: 3 months,Internet service: Fiber optic
9490-DFPMD,0.562,84.65,42.72,send offer,Internet service: Fiber optic,Contract type: Month-to-month
1475-VWVDO,0.635,74.9,42.67,send offer,Tenure: 7 months,Internet service: Fiber optic
8714-EUHJO,0.521,91.15,42.63,send offer,Internet service: Fiber optic,Contract type: Month-to-month
7245-NIIWQ,0.68,69.85,42.6,send offer,Tenure: 3 months,Internet service: Fiber optic
2897-DOVND,0.68,69.8,42.55,send offer,Tenure: 2 months,Internet service: Fiber optic
4690-PKDQG,0.496,95.55,42.35,send offer,Internet service: Fiber optic,Contract type: Month-to-month
3750-CKVKH,0.699,67.75,42.33,send offer,Tenure: 2 months,Internet service: Fiber optic
0508-OOLTO,0.661,71.65,42.29,send offer,Tenure: 2 months,Internet service: Fiber optic
7801-KICAO,0.638,74.15,42.25,send offer,Internet service: Fiber optic,Tenure: 18 months
5914-DVBWJ,0.554,85.45,42.24,send offer,Internet service: Fiber optic,Tenure: 18 months
8212-DJRCH,0.524,90.35,42.2,send offer,Tenure: 5 months,Internet service: Fiber optic
5647-FXOTP,0.447,105.9,42.2,send offer,Internet service: Fiber optic,Contract type: Month-to-month
0679-IDSTG,0.683,69.25,42.19,send offer,Tenure: 1 months,Internet service: Fiber optic
8380-PEFPE,0.66,71.65,42.17,send offer,Tenure: 1 months,Internet service: Fiber optic
8224-DWCKX,0.645,73.3,42.09,send offer,Tenure: 12 months,Internet service: Fiber optic
2786-GCDPI,0.45,104.95,42.07,send offer,Internet service: Fiber optic,Contract type: Month-to-month
5857-TYBCJ,0.53,89.2,42.07,send offer,Internet service: Fiber optic,Contract type: Month-to-month
5981-ITEMU,0.487,97.1,42.07,send offer,Internet service: Fiber optic,Contract type: Month-to-month
0362-ZBZWJ,0.556,84.9,42.05,send offer,Internet service: Fiber optic,Contract type: Month-to-month
5399-ZIMKF,0.633,74.65,41.99,send offer,Tenure: 5 months,Internet service: Fiber optic
6394-MFYNG,0.439,107.4,41.83,send offer,Internet service: Fiber optic,Contract type: Month-to-month
7206-PQBBZ,0.671,70.2,41.75,send offer,Tenure: 11 months,Internet service: Fiber optic
5652-MSDEY,0.622,75.75,41.72,send offer,Tenure: 10 months,Internet service: Fiber optic
8104-OSKWT,0.59,79.8,41.69,send offer,Tenure: 12 months,Internet service: Fiber optic
5119-NZPTV,0.671,70.1,41.63,send offer,Tenure: 2 months,Internet service: Fiber optic
2260-USTRB,0.67,70.2,41.58,send offer,Tenure: 2 months,Internet service: Fiber optic
5879-SESNB,0.625,75.25,41.54,send offer,Tenure: 11 months,Internet service: Fiber optic
7394-LWLYN,0.67,70.15,41.52,send offer,Tenure: 2 months,Internet service: Fiber optic
2868-SNELZ,0.583,80.6,41.52,send offer,Tenure: 2 months,Internet service: Fiber optic
9408-SSNVZ,0.67,70.15,41.45,send offer,Tenure: 4 months,Internet service: Fiber optic
0488-GSLFR,0.676,69.5,41.43,send offer,Tenure: 1 months,Internet service: Fiber optic
1447-GIQMR,0.679,69.15,41.37,send offer,Tenure: 1 months,Internet service: Fiber optic
3411-WLRSQ,0.629,74.6,41.29,send offer,Tenure: 3 months,Internet service: Fiber optic
9927-DSWDF,0.448,104.6,41.26,send offer,Internet service: Fiber optic,Contract type: Month-to-month
3323-CPBWR,0.484,96.9,41.25,send offer,Internet service: Fiber optic,Contract type: Month-to-month
0529-ONKER,0.619,75.65,41.22,send offer,Tenure: 15 months,Internet service: Fiber optic
2398-YPMUR,0.668,70.15,41.21,send offer,Tenure: 13 months,Internet service: Fiber optic
6347-DCUIK,0.632,74.15,41.17,send offer,Tenure: 10 months,Internet service: Fiber optic
7703-ZEKEF,0.578,81.0,41.13,send offer,Internet service: Fiber optic,Contract type: Month-to-month
3916-NRPAP,0.546,85.7,41.12,send offer,Tenure: 3 months,Internet service: Fiber optic
0093-XWZFY,0.448,104.5,41.09,send offer,Internet service: Fiber optic,Contract type: Month-to-month
0727-IWKVK,0.586,79.9,41.08,send offer,Tenure: 9 months,Internet service: Fiber optic
0207-MDKNV,0.445,105.1,41.07,send offer,Tenure: 15 months,Internet service: Fiber optic
8563-OYMQY,0.514,90.95,41.06,send offer,Tenure: 17 months,Internet service: Fiber optic
1320-REHCS,0.422,110.75,41.0,send offer,Internet service: Fiber optic,Contract type: Month-to-month
9399-APLBT,0.626,74.7,40.95,send offer,Tenure: 1 months,Internet service: Fiber optic
7660-HDPJV,0.675,69.2,40.88,send offer,Tenure: 1 months,Internet service: Fiber optic
9728-FTTVZ,0.675,69.2,40.88,send offer,Tenure: 1 months,Internet service: Fiber optic
6693-FRIRW,0.461,101.3,40.85,send offer,Internet service: Fiber optic,Tenure: 18 months
7181-OQCUT,0.45,103.85,40.83,send offer,Internet service: Fiber optic,Contract type: Month-to-month
1867-BDVFH,0.628,74.35,40.81,send offer,Tenure: 11 months,Internet service: Fiber optic
0940-OUQEC,0.578,80.7,40.81,send offer,Tenure: 10 months,Internet service: Fiber optic
5186-SAMNZ,0.671,69.5,40.79,send offer,Tenure: 1 months,Internet service: Fiber optic
0895-DQHEW,0.447,104.3,40.79,send offer,Internet service: Fiber optic,Contract type: Month-to-month
9494-MRNYX,0.622,75.05,40.77,send offer,Tenure: 10 months,Internet service: Fiber optic
9773-PEQBZ,0.584,79.85,40.77,send offer,Tenure: 10 months,Internet service: Fiber optic
9921-QFQUL,0.517,90.15,40.77,send offer,Internet service: Fiber optic,Contract type: Month-to-month
9903-LYSAB,0.638,73.15,40.74,send offer,Internet service: Fiber optic,Tenure: 18 months
0231-LXVAP,0.614,75.9,40.66,send offer,Tenure: 1 months,Internet service: Fiber optic
5950-AAAGJ,0.553,84.3,40.65,send offer,Internet service: Fiber optic,Tenure: 18 months
0581-BXBUB,0.64,72.75,40.62,send offer,Tenure: 4 months,Internet service: Fiber optic
9633-XQABV,0.663,70.25,40.58,send offer,Tenure: 3 months,Internet service: Fiber optic
8111-RKSPX,0.645,72.2,40.55,send offer,Tenure: 4 months,Internet service: Fiber optic
0196-JTUQI,0.618,75.2,40.42,send offer,Tenure: 9 months,Internet service: Fiber optic
5226-NOZFC,0.542,85.75,40.42,send offer,Internet service: Fiber optic,Contract type: Month-to-month
8490-BXHEO,0.577,80.55,40.41,send offer,Internet service: Fiber optic,Tenure: 18 months
1196-AMORA,0.631,73.6,40.39,send offer,Tenure: 7 months,Internet service: Fiber optic
6086-ESGRL,0.58,80.15,40.36,send offer,Tenure: 1 months,Internet service: Fiber optic
2568-BRGYX,0.662,70.2,40.34,send offer,Tenure: 4 months,Internet service: Fiber optic
7892-QVYKW,0.543,85.6,40.31,send offer,Internet service: Fiber optic,Contract type: Month-to-month
3070-DVEYC,0.629,73.75,40.26,send offer,Tenure: 7 months,Internet service: Fiber optic
5712-PTIWW,0.581,79.85,40.25,send offer,Tenure: 2 months,Internet service: Fiber optic
2424-WVHPL,0.621,74.7,40.21,send offer,Tenure: 1 months,Internet service: Fiber optic
2528-HFYZX,0.607,76.45,40.2,send offer,Tenure: 17 months,Internet service: Fiber optic
9444-JTXHZ,0.609,76.2,40.19,send offer,Tenure: 1 months,Internet service: Fiber optic
4290-BSXUX,0.582,79.65,40.18,send offer,Tenure: 3 months,Internet service: Fiber optic
4818-QIUFN,0.586,79.15,40.17,send offer,Internet service: Fiber optic,Contract type: Month-to-month
3550-SAHFP,0.556,83.35,40.14,send offer,Internet service: Fiber optic,Contract type: Month-to-month
6103-BOCOU,0.574,80.7,40.05,send offer,Internet service: Fiber optic,Contract type: Month-to-month
7598-UAASY,0.606,76.4,40.02,send offer,Tenure: 2 months,Internet service: Fiber optic
8309-IEYJD,0.656,70.6,40.01,send offer,Tenure: 1 months,Internet service: Fiber optic
0620-DLSLK,0.565,81.9,39.96,send offer,Tenure: 13 months,Internet service: Fiber optic
6651-AZVTJ,0.463,99.8,39.83,send offer,Internet service: Fiber optic,Contract type: Month-to-month
3999-QGRJH,0.663,69.7,39.82,send offer,Tenure: 8 months,Internet service: Fiber optic
2754-XBHTB,0.594,77.65,39.71,send offer,Tenure: 9 months,Internet service: Fiber optic
4550-EVXNY,0.662,69.65,39.62,send offer,Tenure: 1 months,Internet service: Fiber optic
8272-ONJLV,0.482,95.7,39.55,send offer,Tenure: 12 months,Internet service: Fiber optic
9840-EFJQB,0.62,74.35,39.53,send offer,Tenure: 1 months,Internet service: Fiber optic
5022-KVDQT,0.567,81.3,39.52,send offer,Internet service: Fiber optic,Contract type: Month-to-month
0141-YEAYS,0.533,86.45,39.52,send offer,Internet service: Fiber optic,Contract type: Month-to-month
0818-OCPZO,0.565,81.45,39.47,send offer,Internet service: Fiber optic,Contract type: Month-to-month
0570-BFQHT,0.571,80.55,39.43,send offer,Tenure: 9 months,Internet service: Fiber optic
6522-YRBXD,0.487,94.55,39.43,send offer,Internet service: Fiber optic,Contract type: Month-to-month
7534-BFESC,0.605,76.1,39.39,send offer,Internet service: Fiber optic,Contract type: Month-to-month
5271-DBYSJ,0.581,79.15,39.37,send offer,Tenure: 11 months,Internet service: Fiber optic
2979-SXESE,0.487,94.4,39.37,send offer,Tenure: 17 months,Internet service: Fiber optic
8982-NHAVY,0.458,100.5,39.32,send offer,Internet service: Fiber optic,Streaming movies: Yes
9512-UIBFX,0.483,95.15,39.29,send offer,Internet service: Fiber optic,Tenure: 18 months
0390-DCFDQ,0.652,70.45,39.26,send offer,Tenure: 1 months,Internet service: Fiber optic
1258-YMZNM,0.416,110.5,39.23,send offer,Internet service: Fiber optic,Streaming movies: Yes
3703-KBKZP,0.616,74.45,39.11,send offer,Tenure: 16 months,Internet service: Fiber optic
3871-IKPYH,0.664,69.1,39.04,send offer,Tenure: 1 months,Internet service: Fiber optic
0946-CLJTI,0.464,98.7,38.96,send offer,Internet service: Fiber optic,Contract type: Month-to-month
6047-YHPVI,0.657,69.7,38.95,send offer,Tenure: 5 months,Internet service: Fiber optic
6339-YPSAH,0.621,73.8,38.94,send offer,Tenure: 9 months,Internet service: Fiber optic
3422-LYEPQ,0.645,71.0,38.92,send offer,Tenure: 1 months,Internet service: Fiber optic
7852-LECYP,0.488,93.8,38.85,send offer,Tenure: 13 months,Internet service: Fiber optic
8837-VVWLQ,0.538,84.95,38.8,send offer,Tenure: 8 months,Internet service: Fiber optic
7774-OJSXI,0.442,103.45,38.79,send offer,Internet service: Fiber optic,Payment method: Electronic check
2474-BRUCM,0.449,101.85,38.75,send offer,Internet service: Fiber optic,Contract type: Month-to-month
3956-MGXOG,0.567,80.6,38.73,send offer,Internet service: Fiber optic,Contract type: Month-to-month
2058-DCJBE,0.655,69.75,38.72,send offer,Tenure: 5 months,Internet service: Fiber optic
3223-DWFIO,0.659,69.35,38.7,send offer,Tenure: 4 months,Internet service: Fiber optic
0682-USIXD,0.531,86.05,38.65,send offer,Internet service: Fiber optic,Contract type: Month-to-month
0506-LVNGN,0.604,75.55,38.62,send offer,Tenure: 5 months,Internet service: Fiber optic
2460-NGXBJ,0.607,75.2,38.57,send offer,Tenure: 11 months,Internet service: Fiber optic
0111-KLBQG,0.485,93.95,38.5,send offer,Internet service: Fiber optic,Contract type: Month-to-month
3914-FDRHP,0.528,86.25,38.38,send offer,Tenure: 9 months,Internet service: Fiber optic
0963-ZBDRN,0.473,96.2,38.23,send offer,Internet service: Fiber optic,Contract type: Month-to-month
5134-IKDAY,0.651,69.8,38.22,send offer,Tenure: 1 months,Internet service: Fiber optic
2322-VCZHZ,0.505,90.0,38.21,send offer,Internet service: Fiber optic,Contract type: Month-to-month
1989-PRJHP,0.602,75.5,38.14,send offer,Internet service: Fiber optic,Contract type: Month-to-month
0685-MLYYM,0.642,70.75,38.12,send offer,Tenure: 2 months,Internet service: Fiber optic
6741-EGCBI,0.502,90.5,38.09,send offer,Internet service: Fiber optic,Contract type: Month-to-month
1902-XBTFB,0.508,89.4,38.02,send offer,Internet service: Fiber optic,Contract type: Month-to-month
3374-LXDEV,0.507,89.4,37.93,send offer,Tenure: 13 months,Internet service: Fiber optic
4910-AQFFX,0.571,79.35,37.91,send offer,Tenure: 9 months,Internet service: Fiber optic
6551-GNYDG,0.56,80.9,37.88,send offer,Tenure: 14 months,Internet service: Fiber optic
0455-XFASS,0.651,69.55,37.86,send offer,Tenure: 3 months,Internet service: Fiber optic
9779-DPNEJ,0.565,80.15,37.84,send offer,Internet service: Fiber optic,Contract type: Month-to-month
9278-VZKCD,0.415,109.1,37.81,send offer,Internet service: Fiber optic,Contract type: Month-to-month
8485-GJCDN,0.655,69.05,37.76,send offer,Tenure: 5 months,Internet service: Fiber optic
2024-BASKD,0.607,74.6,37.75,send offer,Tenure: 1 months,Internet service: Fiber optic
7786-WBJYI,0.58,77.95,37.69,send offer,Tenure: 4 months,Internet service: Fiber optic
5981-ZVXOT,0.417,108.35,37.68,send offer,Internet service: Fiber optic,Payment method: Electronic check
6680-WKXRZ,0.608,74.4,37.68,send offer,Tenure: 3 months,Internet service: Fiber optic
5908-QMGOE,0.609,74.2,37.67,send offer,Tenure: 15 months,Internet service: Fiber optic
0388-EOPEX,0.608,74.4,37.67,send offer,Tenure: 2 months,Internet service: Fiber optic
6298-QDFNH,0.57,79.35,37.66,send offer,Internet service: Fiber optic,Contract type: Month-to-month
0876-WDUUZ,0.529,85.4,37.63,send offer,Tenure: 5 months,Internet service: Fiber optic
0018-NYROU,0.656,68.95,37.63,send offer,Tenure: 5 months,Internet service: Fiber optic
4585-HETAI,0.613,73.75,37.63,send offer,Tenure: 4 months,Internet service: Fiber optic
9274-UARKJ,0.543,83.2,37.6,send offer,Tenure: 15 months,Internet service: Fiber optic
8270-RKSAP,0.64,70.5,37.48,send offer,Tenure: 9 months,Internet service: Fiber optic
2916-BQZLN,0.532,84.75,37.47,send offer,Internet service: Fiber optic,Contract type: Month-to-month
1845-CSBRZ,0.528,85.35,37.38,send offer,Internet service: Fiber optic,Contract type: Month-to-month
1853-UDXBW,0.644,70.0,37.36,send offer,Tenure: 1 months,Internet service: Fiber optic
2506-CLAKW,0.459,98.15,37.31,send offer,Tenure: 6 months,Internet service: Fiber optic
8433-WXGNA,0.595,75.7,37.26,send offer,Tenure: 2 months,Internet service: Fiber optic
5281-BUZGT,0.496,90.85,37.25,send offer,Internet service: Fiber optic,Contract type: Month-to-month
4062-HBMOS,0.437,103.05,37.24,send offer,Internet service: Fiber optic,Contract type: Month-to-month
4480-QQRHC,0.608,74.05,37.22,send offer,Tenure: 8 months,Internet service: Fiber optic
1624-WOIWJ,0.531,84.7,37.16,send offer,Tenure: 10 months,Internet service: Fiber optic
5364-XYIRR,0.475,94.65,37.06,send offer,Internet service: Fiber optic,Contract type: Month-to-month
4505-EXZHB,0.604,74.4,37.04,send offer,Tenure: 6 months,Internet service: Fiber optic
4291-SHSBH,0.646,69.55,37.0,send offer,Tenure: 7 months,Internet service: Fiber optic
8417-FMLZI,0.537,83.55,36.98,send offer,Tenure: 6 months,Internet service: Fiber optic
0921-OHLVP,0.54,83.05,36.94,send offer,Internet service: Fiber optic,Contract type: Month-to-month
4587-NUKOX,0.567,79.1,36.87,send offer,Tenure: 3 months,Internet service: Fiber optic
9944-AEXBM,0.523,85.65,36.84,send offer,Internet service: Fiber optic,Contract type: Month-to-month
5982-FPVQN,0.471,95.15,36.76,send offer,Internet service: Fiber optic,Contract type: Month-to-month
2984-MIIZL,0.599,74.8,36.72,send offer,Tenure: 4 months,Internet service: Fiber optic
3858-VOBET,0.597,74.95,36.69,send offer,Internet service: Fiber optic,Contract type: Month-to-month
9643-AVVWI,0.559,80.0,36.65,send offer,Tenure: 3 months,Internet service: Fiber optic
1915-IOFGU,0.635,70.5,36.64,send offer,Tenure: 1 months,Internet service: Fiber optic
8378-LKJAF,0.442,101.15,36.63,send offer,Internet service: Fiber optic,Contract type: Month-to-month
2495-KZNFB,0.493,90.65,36.57,send offer,Internet service: Fiber optic,Contract type: Month-to-month
2956-GGUCQ,0.567,78.85,36.56,send offer,Internet service: Fiber optic,Contract type: Month-to-month
4816-LXZYW,0.565,79.15,36.52,send offer,Internet service: Fiber optic,Contract type: Month-to-month
2974-GGUXS,0.485,91.95,36.34,send offer,Internet service: Fiber optic,Contract type: Month-to-month
9894-EZEWG,0.6,74.3,36.3,send offer,Tenure: 1 months,Internet service: Fiber optic
2675-DHUTR,0.451,98.9,36.27,send offer,Internet service: Fiber optic,Contract type: Month-to-month
2359-KMGLI,0.555,80.25,36.27,send offer,Internet service: Fiber optic,Contract type: Month-to-month
8610-WFCJF,0.465,95.6,36.11,send offer,Internet service: Fiber optic,Contract type: Month-to-month
0428-IKYCP,0.511,87.0,36.09,send offer,Internet service: Fiber optic,Contract type: Month-to-month
6458-CYIDZ,0.551,80.7,36.06,send offer,Tenure: 5 months,Internet service: Fiber optic
6178-KFNHS,0.568,78.3,36.02,send offer,Tenure: 12 months,Internet service: Fiber optic
3453-RTHJQ,0.643,69.1,36.0,send offer,Tenure: 6 months,Internet service: Fiber optic
4619-EVPHY,0.488,91.0,35.99,send offer,Internet service: Fiber optic,Tenure: 20 months
6599-RCLCJ,0.405,109.55,35.95,send offer,Internet service: Fiber optic,Contract type: Month-to-month
6705-LXORM,0.634,70.05,35.92,send offer,Tenure: 5 months,Internet service: Fiber optic
5027-QPKTE,0.64,69.35,35.88,send offer,Tenure: 7 months,Internet service: Fiber optic
5043-TRZWM,0.587,75.55,35.87,send offer,Tenure: 1 months,Internet service: Fiber optic
0634-SZPQA,0.493,90.05,35.83,send offer,Internet service: Fiber optic,Contract type: Month-to-month
8128-YVJRG,0.557,79.65,35.83,send offer,Tenure: 7 months,Internet service: Fiber optic
5899-MQZZL,0.591,75.0,35.79,send offer,Tenure: 13 months,Internet service: Fiber optic
2482-CZGBB,0.633,70.0,35.78,send offer,Tenure: 10 months,Internet service: Fiber optic
5442-XSDCW,0.558,79.5,35.76,send offer,Tenure: 11 months,Internet service: Fiber optic
6416-TVAIH,0.647,68.5,35.76,send offer,Tenure: 1 months,Internet service: Fiber optic
0577-WHMEV,0.489,90.7,35.74,send offer,Tenure: 16 months,Internet service: Fiber optic
3540-RZJYU,0.514,86.2,35.72,send offer,Tenure: 15 months,Internet service: Fiber optic
5442-BHQNG,0.629,70.35,35.62,send offer,Tenure: 2 months,Internet service: Fiber optic
0650-BWOZN,0.602,73.55,35.57,send offer,Internet service: Fiber optic,Tenure: 18 months
9885-AIBVB,0.515,85.8,35.5,send offer,Internet service: Fiber optic,Contract type: Month-to-month
5019-GQVCR,0.521,84.85,35.44,send offer,Internet service: Fiber optic,Contract type: Month-to-month
3420-ZDBMA,0.618,71.45,35.4,send offer,Tenure: 5 months,Internet service: Fiber optic
6379-RXJRQ,0.63,70.1,35.39,send offer,Tenure: 10 months,Internet service: Fiber optic
1918-ZBFQJ,0.557,79.25,35.38,send offer,Tenure: 13 months,Internet service: Fiber optic
7586-ZATGZ,0.52,84.9,35.33,send offer,Internet service: Fiber optic,Contract type: Month-to-month
9985-MWVIX,0.629,70.15,35.3,send offer,Tenure: 1 months,Internet service: Fiber optic
8981-FJGLA,0.565,78.0,35.2,send offer,Tenure: 11 months,Internet service: Fiber optic
3005-NFMTA,0.446,98.8,35.16,send offer,Internet service: Fiber optic,Contract type: Month-to-month
6175-IRFIT,0.559,78.75,35.13,send offer,Tenure: 5 months,Internet service: Fiber optic
3524-WQDSG,0.443,99.3,35.11,send offer,Internet service: Fiber optic,Contract type: Month-to-month
0869-PAPRP,0.513,85.7,35.03,send offer,Internet service: Fiber optic,Contract type: Month-to-month
1452-KIOVK,0.493,89.1,34.96,send offer,Internet service: Fiber optic,Contract type: Month-to-month
4840-ORQXB,0.42,104.75,34.96,send offer,Internet service: Fiber optic,Contract type: Month-to-month
7813-ZGGAW,0.455,96.6,34.95,send offer,Internet service: Fiber optic,Contract type: Month-to-month
3066-RRJIO,0.628,69.95,34.95,send offer,Tenure: 1 months,Internet service: Fiber optic
5032-MIYKT,0.622,70.7,34.94,send offer,Tenure: 1 months,Internet service: Fiber optic
2070-XYMFH,0.554,79.35,34.9,send offer,Internet service: Fiber optic,Contract type: Month-to-month
5385-SUIRI,0.422,104.2,34.87,send offer,Internet service: Fiber optic,Contract type: Month-to-month
2085-BOJKI,0.454,96.65,34.83,send offer,Tenure: 17 months,Internet service: Fiber optic
2675-OTVVJ,0.491,89.45,34.82,send offer,Internet service: Fiber optic,Contract type: Month-to-month
5453-AXEPF,0.545,80.5,34.82,send offer,Tenure: 17 months,Internet service: Fiber optic
3545-CNWRG,0.446,98.35,34.79,send offer,Internet service: Fiber optic,Contract type: Month-to-month
6413-XKKPU,0.49,89.4,34.67,send offer,Tenure: 17 months,Internet service: Fiber optic
7272-QDCKA,0.437,100.2,34.61,send offer,Internet service: Fiber optic,Payment method: Electronic check
9191-MYQKX,0.582,75.15,34.54,send offer,Tenure: 7 months,Internet service: Fiber optic
1472-TNCWL,0.462,94.7,34.53,send offer,Internet service: Fiber optic,Contract type: Month-to-month
4248-QPAVC,0.512,85.35,34.48,send offer,Tenure: 17 months,Internet service: Fiber optic
5405-ZMYXQ,0.586,74.6,34.44,send offer,Tenure: 8 months,Internet service: Fiber optic
2919-HBCJO,0.57,76.65,34.42,send offer,Tenure: 4 months,Internet service: Fiber optic
2189-WWOEW,0.509,85.9,34.41,send offer,Tenure: 15 months,Internet service: Fiber optic
5364-EVNIB,0.547,79.8,34.35,send offer,Tenure: 13 months,Internet service: Fiber optic
7571-YXDAD,0.583,74.9,34.34,send offer,Tenure: 2 months,Internet service: Fiber optic
1035-IPQPU,0.422,103.5,34.25,send offer,Internet service: Fiber optic,Contract type: Month-to-month
8617-ENBDS,0.593,73.6,34.22,send offer,Tenure: 3 months,Internet service: Fiber optic
7739-LAXOG,0.479,91.05,34.21,send offer,Internet service: Fiber optic,Contract type: Month-to-month
7410-YTJIK,0.578,75.45,34.21,send offer,Tenure: 7 months,Internet service: Fiber optic
2362-IBOOY,0.515,84.75,34.2,send offer,Internet service: Fiber optic,Contract type: Month-to-month
6467-CHFZW,0.439,99.35,34.19,send offer,Internet service: Fiber optic,Contract type: Month-to-month
0968-GSIKN,0.616,70.8,34.18,send offer,Tenure: 1 months,Internet service: Fiber optic
1264-BYWMS,0.45,96.8,34.17,send offer,Internet service: Fiber optic,Contract type: Month-to-month
1428-GTBJJ,0.584,74.55,34.05,send offer,Tenure: 11 months,Internet service: Fiber optic
9763-PDTKK,0.461,94.4,34.02,send offer,Tenure: 4 months,Internet service: Fiber optic
2800-VEQXM,0.582,74.75,34.01,send offer,Tenure: 3 months,Internet service: Fiber optic
2619-WFQWU,0.62,70.15,33.97,send offer,Tenure: 1 months,Internet service: Fiber optic
5976-JCJRH,0.619,70.3,33.92,send offer,Tenure: 10 months,Internet service: Fiber optic
9947-OTFQU,0.584,74.4,33.85,send offer,Tenure: 15 months,Internet service: Fiber optic
8642-GVWRF,0.544,79.7,33.7,send offer,Tenure: 2 months,Internet service: Fiber optic
1173-NOEYG,0.481,90.15,33.69,send offer,Internet service: Fiber optic,Contract type: Month-to-month
9576-ANLXO,0.623,69.55,33.55,send offer,Tenure: 3 months,Internet service: Fiber optic
0491-KAPQG,0.587,73.7,33.49,send offer,Internet service: Fiber optic,Contract type: Month-to-month
7483-IQWIB,0.466,92.95,33.48,send offer,Internet service: Fiber optic,Contract type: Month-to-month
9617-INGJY,0.613,70.6,33.48,send offer,Tenure: 1 months,Internet service: Fiber optic
8685-WHQPW,0.581,74.4,33.39,send offer,Internet service: Fiber optic,Contract type: Month-to-month
2311-QYMUQ,0.483,89.45,33.38,send offer,Tenure: 16 months,Internet service: Fiber optic
2815-CPTUL,0.615,70.25,33.29,send offer,Tenure: 5 months,Internet service: Fiber optic
4029-HPFVY,0.614,70.3,33.25,send offer,Tenure: 3 months,Internet service: Fiber optic
3177-LASXD,0.605,71.35,33.22,send offer,Tenure: 1 months,Internet service: Fiber optic
2325-NBPZG,0.579,74.55,33.17,send offer,Tenure: 3 months,Internet service: Fiber optic
7595-EUIVN,0.569,75.8,33.14,send offer,Tenure: 1 months,Internet service: Fiber optic
2672-TGEFF,0.486,88.8,33.13,send offer,Internet service: Fiber optic,Contract type: Month-to-month
8676-TRMJS,0.574,75.0,33.04,send offer,Tenure: 3 months,Internet service: Fiber optic
9168-INPSZ,0.414,104.15,33.04,send offer,Internet service: Fiber optic,Contract type: Month-to-month
2811-POVEX,0.487,88.45,33.02,send offer,Internet service: Fiber optic,Contract type: Month-to-month
3500-RMZLT,0.447,96.3,32.89,send offer,Tenure: 15 months,Internet service: Fiber optic
6140-QNRQQ,0.601,71.55,32.82,send offer,Tenure: 1 months,Internet service: Fiber optic
7326-RIGQZ,0.615,69.8,32.72,send offer,Tenure: 6 months,Internet service: Fiber optic
9793-WECQC,0.45,95.3,32.72,send offer,Internet service: Fiber optic,Contract type: Month-to-month
1077-HUUJM,0.604,71.05,32.69,send offer,Tenure: 7 months,Internet service: Fiber optic
8042-JVNFH,0.601,71.35,32.63,send offer,Tenure: 1 months,Internet service: Fiber optic
3315-TOTBP,0.564,76.0,32.52,send offer,Tenure: 15 months,Internet service: Fiber optic
4184-TJFAN,0.485,88.3,32.51,send offer,Tenure: 3 months,Internet service: Fiber optic
6486-LHTMA,0.472,90.7,32.43,send offer,Internet service: Fiber optic,Payment method: Electronic check
1262-OPMFY,0.565,75.75,32.42,send offer,Tenure: 9 months,Internet service: Fiber optic
0439-IFYUN,0.572,74.7,32.34,send offer,Internet service: Fiber optic,Tenure: 18 months
5294-DMSFH,0.486,87.8,32.2,send offer,Internet service: Fiber optic,Contract type: Month-to-month
7908-QCBCA,0.615,69.4,32.16,send offer,Tenure: 1 months,Internet service: Fiber optic
0504-HHAPI,0.483,88.3,32.1,send offer,Internet service: Fiber optic,Contract type: Month-to-month
4759-TRPLW,0.606,70.4,32.08,send offer,Tenure: 1 months,Internet service: Fiber optic
5016-IBERQ,0.506,84.25,32.04,send offer,Internet service: Fiber optic,Contract type: Month-to-month
2262-SLNVK,0.608,70.1,32.01,send offer,Tenure: 1 months,Internet service: Fiber optic
1730-ZMAME,0.535,79.5,31.93,send offer,Internet service: Fiber optic,Contract type: Month-to-month
4360-PNRQB,0.563,75.6,31.9,send offer,Internet service: Fiber optic,Tenure: 18 months
3312-ZWLGF,0.536,79.3,31.76,send offer,Internet service: Fiber optic,Contract type: Month-to-month
2091-RFFBA,0.574,73.9,31.66,send offer,Internet service: Fiber optic,Contract type: Month-to-month
5583-SXDAG,0.606,70.0,31.63,send offer,Tenure: 1 months,Internet service: Fiber optic
3071-VBYPO,0.472,89.85,31.6,send offer,Tenure: 3 months,Internet service: Fiber optic
5099-BAILX,0.383,110.75,31.6,send offer,Internet service: Fiber optic,Contract type: Month-to-month
5222-IMUKT,0.465,91.05,31.54,send offer,Internet service: Fiber optic,Contract type: Month-to-month
4741-WWJQZ,0.529,80.15,31.5,send offer,Tenure: 2 months,Internet service: Fiber optic
0221-WMXNQ,0.562,75.35,31.42,send offer,Tenure: 4 months,Internet service: Fiber optic
9714-EDSUC,0.446,94.9,31.36,send offer,Tenure: 4 months,Internet service: Fiber optic
0265-EDXBD,0.565,74.9,31.35,send offer,Internet service: Fiber optic,Contract type: Month-to-month
5312-UXESG,0.431,98.05,31.32,send offer,Internet service: Fiber optic,Contract type: Month-to-month
9796-BPKIW,0.604,69.95,31.27,send offer,Tenure: 8 months,Internet service: Fiber optic
9281-OFDMF,0.465,90.7,31.08,send offer,Internet service: Fiber optic,Contract type: Month-to-month
2468-SJFLM,0.567,74.3,31.0,send offer,Tenure: 1 months,Internet service: Fiber optic
5760-FXFVO,0.533,78.95,30.92,send offer,Tenure: 6 months,Internet service: Fiber optic
3791-LGQCY,0.418,100.65,30.86,send offer,Internet service: Fiber optic,Contract type: Month-to-month
0265-PSUAE,0.417,100.7,30.79,send offer,Tenure: 16 months,Internet service: Fiber optic
4450-DLLMH,0.589,71.3,30.76,send offer,Tenure: 2 months,Internet service: Fiber optic
5461-QKNTN,0.445,94.3,30.71,send offer,Internet service: Fiber optic,Contract type: Month-to-month
2575-GFSOE,0.609,69.0,30.71,send offer,Tenure: 7 months,Internet service: Fiber optic
4546-FOKWR,0.562,74.75,30.69,send offer,Tenure: 16 months,Internet service: Fiber optic
8695-ARGXZ,0.555,75.55,30.62,send offer,Internet service: Fiber optic,Contract type: Month-to-month
7153-OANIO,0.6,69.95,30.62,send offer,Tenure: 1 months,Internet service: Fiber optic
2856-HYAPG,0.611,68.65,30.59,send offer,Tenure: 1 months,Internet service: Fiber optic
0812-WUPTB,0.592,70.85,30.55,send offer,Tenure: 1 months,Internet service: Fiber optic
6993-OHLXR,0.608,68.95,30.53,send offer,Tenure: 2 months,Internet service: Fiber optic
1092-GANHU,0.547,76.65,30.51,send offer,Tenure: 17 months,Internet service: Fiber optic
8849-AYPTR,0.459,91.25,30.48,send offer,Internet service: Fiber optic,Contract type: Month-to-month
3370-GQEAL,0.49,85.45,30.45,send offer,Internet service: Fiber optic,Contract type: Month-to-month
7011-CVEUC,0.437,95.7,30.32,send offer,Internet service: Fiber optic,Contract type: Month-to-month
7538-GWHML,0.6,69.65,30.32,send offer,Tenure: 2 months,Internet service: Fiber optic
7658-UYUQS,0.483,86.55,30.31,send offer,Internet service: Fiber optic,Contract type: Month-to-month
2027-CWDNU,0.488,85.6,30.29,send offer,Internet service: Fiber optic,Tenure: 18 months
8631-WUXGY,0.419,99.8,30.28,send offer,Internet service: Fiber optic,Contract type: Month-to-month
7395-IGJOS,0.512,81.5,30.14,send offer,Tenure: 17 months,Internet service: Fiber optic
3235-ETOOB,0.56,74.5,30.1,send offer,Tenure: 8 months,Internet service: Fiber optic
1384-RCUXW,0.518,80.55,30.09,send offer,Tenure: 16 months,Internet service: Fiber optic
1565-RHDJD,0.496,84.05,30.05,send offer,Tenure: 4 months,Internet service: Fiber optic
5931-FLJJF,0.595,70.1,30.03,send offer,Tenure: 7 months,Internet service: Fiber optic
3096-IZETN,0.534,78.1,30.03,send offer,Tenure: 12 months,Internet service: Fiber optic
2037-SGXHH,0.44,94.65,29.99,send offer,Internet service: Fiber optic,Contract type: Month-to-month
3955-JBZZM,0.529,78.8,29.96,send offer,Internet service: Fiber optic,Contract type: Month-to-month
5373-SFODM,0.488,85.25,29.82,send offer,Internet service: Fiber optic,Contract type: Month-to-month
4553-DVPZG,0.41,101.35,29.79,send offer,Internet service: Fiber optic,Contract type: Month-to-month
9506-UXUSK,0.592,70.15,29.7,send offer,Tenure: 13 months,Internet service: Fiber optic
2905-KFQUV,0.59,70.4,29.65,send offer,Tenure: 2 months,Internet service: Fiber optic
2080-GKCWQ,0.554,74.95,29.64,send offer,Tenure: 2 months,Internet service: Fiber optic
7018-WBJNK,0.529,78.3,29.55,send offer,Tenure: 13 months,Internet service: Fiber optic
8456-QDAVC,0.527,78.7,29.55,send offer,Internet service: Fiber optic,Contract type: Month-to-month
8020-BWHYL,0.55,75.3,29.48,send offer,Tenure: 15 months,Internet service: Fiber optic
4846-WHAFZ,0.541,76.5,29.47,send offer,Internet service: Fiber optic,Contract type: Month-to-month
3768-NLUBH,0.412,100.6,29.47,send offer,Internet service: Fiber optic,Contract type: Month-to-month
6729-GDNGC,0.513,80.7,29.47,send offer,Internet service: Fiber optic,Contract type: Month-to-month
4446-BZKHU,0.392,105.55,29.47,send offer,Internet service: Fiber optic,Contract type: Month-to-month
3496-LFSZU,0.587,70.5,29.44,send offer,Tenure: 4 months,Internet service: Fiber optic
5832-XKAES,0.593,69.8,29.43,send offer,Tenure: 2 months,Internet service: Fiber optic
0320-JDNQG,0.414,99.85,29.39,send offer,Internet service: Fiber optic,Contract type: Month-to-month
3703-VAVCL,0.46,90.0,29.34,send offer,Tenure: 2 months,Internet service: Fiber optic
6377-WHAOX,0.39,106.15,29.33,send offer,Internet service: Fiber optic,Contract type: Month-to-month
9747-DDZOS,0.562,73.5,29.3,send offer,Tenure: 1 months,Internet service: Fiber optic
3376-BMGFE,0.583,70.9,29.3,send offer,Tenure: 4 months,Internet service: Fiber optic
3348-CFRNX,0.448,92.35,29.29,send offer,Internet service: Fiber optic,Contract type: Month-to-month
2657-ALMWY,0.487,84.95,29.29,send offer,Internet service: Fiber optic,Contract type: Month-to-month
0947-MUGVO,0.561,73.65,29.27,send offer,Internet service: Fiber optic,Contract type: Month-to-month
1818-ESQMW,0.463,89.2,29.12,send offer,Internet service: Fiber optic,Contract type: Month-to-month
8486-AYEQH,0.542,76.05,29.0,send offer,Internet service: Fiber optic,Contract type: Month-to-month
7901-HXJVA,0.538,76.45,28.91,send offer,Tenure: 14 months,Internet service: Fiber optic
3671-SHRSP,0.511,80.6,28.88,send offer,Tenure: 4 months,Internet service: Fiber optic
3398-ZOUAA,0.595,69.1,28.82,send offer,Internet service: Fiber optic,Contract type: Month-to-month
8696-JKZNU,0.539,76.25,28.79,send offer,Internet service: Fiber optic,Contract type: Month-to-month
8802-UNOJF,0.49,83.8,28.77,send offer,Tenure: 12 months,Internet service: Fiber optic
0330-IVZHA,0.587,69.95,28.74,send offer,Tenure: 5 months,Internet service: Fiber optic
8778-LMWTJ,0.549,74.85,28.73,send offer,Tenure: 9 months,Internet service: Fiber optic
4013-TLDHQ,0.525,78.25,28.72,send offer,Internet service: Fiber optic,Contract type: Month-to-month
6034-YMTOB,0.543,75.65,28.67,send offer,Tenure: 5 months,Internet service: Fiber optic
0380-NEAVX,0.411,99.85,28.66,send offer,Internet service: Fiber optic,Payment method: Electronic check
7752-XUSCI,0.387,105.9,28.62,send offer,Internet service: Fiber optic,Contract type: Month-to-month
4763-PGDPO,0.582,70.4,28.47,send offer,Tenure: 4 months,Internet service: Fiber optic
4983-CCWMC,0.588,69.6,28.42,send offer,Tenure: 3 months,Internet service: Fiber optic
1086-LXKFY,0.591,69.1,28.26,send offer,Tenure: 1 months,Internet service: Fiber optic
1122-JWTJW,0.578,70.65,28.18,send offer,Tenure: 1 months,Internet service: Fiber optic
4652-NNHNY,0.552,73.85,28.05,send offer,Tenure: 16 months,Internet service: Fiber optic
2378-VTKDH,0.39,104.35,27.98,send offer,Internet service: Fiber optic,Contract type: Month-to-month
4013-UBXWQ,0.545,74.65,27.92,send offer,Tenure: 7 months,Contract type: Month-to-month
5889-JTMUL,0.428,95.05,27.85,send offer,Internet service: Fiber optic,Contract type: Month-to-month
9432-VOFYX,0.574,70.8,27.84,send offer,Tenure: 17 months,Internet service: Fiber optic
5022-JNQEQ,0.536,75.85,27.8,send offer,Tenure: 9 months,Internet service: Fiber optic
8058-DMYRU,0.451,90.05,27.74,send offer,Internet service: Fiber optic,Contract type: Month-to-month
1319-YLZJG,0.48,84.6,27.69,send offer,Tenure: 12 months,Internet service: Fiber optic
3966-HRMZA,0.541,75.05,27.65,send offer,Tenure: 3 months,Internet service: Fiber optic
9053-EJUNL,0.455,89.2,27.63,send offer,Internet service: Fiber optic,Contract type: Month-to-month
7982-VCELR,0.428,94.8,27.61,send offer,Internet service: Fiber optic,Contract type: Month-to-month
0817-HSUSE,0.537,75.5,27.6,send offer,Tenure: 1 months,Contract type: Month-to-month
3088-LHEFH,0.513,79.0,27.49,send offer,Tenure: 11 months,Internet service: Fiber optic
4329-YPDDQ,0.374,108.2,27.47,send offer,Internet service: Fiber optic,Contract type: Month-to-month
2983-ZANRP,0.55,73.55,27.38,send offer,Tenure: 2 months,Internet service: Fiber optic
5233-AOZUF,0.54,74.95,27.35,send offer,Internet service: Fiber optic,Contract type: Month-to-month
6311-UEUME,0.512,78.9,27.27,send offer,Internet service: Fiber optic,Contract type: Month-to-month
4629-NRXKX,0.573,70.4,27.17,send offer,Tenure: 2 months,Internet service: Fiber optic
0515-YPMCW,0.573,70.45,27.14,send offer,Tenure: 1 months,Internet service: Fiber optic
4879-GZLFH,0.437,92.15,27.08,send offer,Internet service: Fiber optic,Contract type: Month-to-month
5153-RTHKF,0.472,85.35,27.04,send offer,Internet service: Fiber optic,Contract type: Month-to-month
8327-LZKAS,0.374,107.55,26.97,send offer,Internet service: Fiber optic,Payment method: Electronic check
6988-CJEYV,0.408,98.7,26.94,send offer,Internet service: Fiber optic,Contract type: Month-to-month
1062-LHZOD,0.576,69.9,26.94,send offer,Tenure: 1 months,Internet service: Fiber optic
4547-LYTDD,0.553,72.65,26.84,send offer,Tenure: 16 months,Internet service: Fiber optic
8329-UTMVM,0.384,104.65,26.81,send offer,Internet service: Fiber optic,Streaming movies: Yes
5044-LRQAQ,0.58,69.2,26.73,send offer,Tenure: 7 months,Internet service: Fiber optic
0133-BMFZO,0.466,86.25,26.73,send offer,Tenure: 2 months,Internet service: Fiber optic
5572-ZDXHY,0.476,84.3,26.73,send offer,Internet service: Fiber optic,Contract type: Month-to-month
2920-RNCEZ,0.574,69.95,26.71,send offer,Tenure: 1 months,Internet service: Fiber optic
3755-JBMNH,0.559,71.8,26.62,send offer,Tenure: 16 months,Internet service: Fiber optic
6583-QGCSI,0.455,88.05,26.6,send offer,Internet service: Fiber optic,Contract type: Month-to-month
0256-LTHVJ,0.494,81.05,26.53,send offer,Internet service: Fiber optic,Contract type: Month-to-month
8040-MNRTF,0.563,71.1,26.46,send offer,Tenure: 1 months,Internet service: Fiber optic
7599-FKVXZ,0.377,106.15,26.45,send offer,Internet service: Fiber optic,Contract type: Month-to-month
9576-SYUHJ,0.439,91.15,26.41,send offer,Internet service: Fiber optic,Contract type: Month-to-month
0468-YRPXN,0.405,98.8,26.36,send offer,Internet service: Fiber optic,Contract type: Month-to-month
2911-WDXMV,0.496,80.55,26.34,send offer,Internet service: Fiber optic,Tenure: 18 months
1481-ZUWZA,0.423,94.5,26.25,send offer,Internet service: Fiber optic,Contract type: Month-to-month
2079-FBMZK,0.576,69.25,26.21,send offer,Tenure: 6 months,Internet service: Fiber optic
2347-WKKAE,0.423,94.4,26.19,send offer,Internet service: Fiber optic,Contract type: Month-to-month
9465-RWMXL,0.505,78.9,26.1,send offer,Internet service: Fiber optic,Contract type: Month-to-month
5606-AMZBO,0.51,78.15,26.1,send offer,Tenure: 10 months,Internet service: Fiber optic
8543-MSDMF,0.514,77.4,25.94,send offer,Tenure: 3 months,Contract type: Month-to-month
2856-NNASM,0.444,89.55,25.84,send offer,Internet service: Fiber optic,Contract type: Month-to-month
0829-XXPLX,0.444,89.4,25.83,send offer,Internet service: Fiber optic,Contract type: Month-to-month
9659-QEQSY,0.343,115.65,25.79,send offer,Internet service: Fiber optic,Contract type: Month-to-month
3737-XBQDD,0.468,84.85,25.76,send offer,Internet service: Fiber optic,Contract type: Month-to-month
2608-BHKFN,0.566,70.05,25.67,send offer,Tenure: 4 months,Internet service: Fiber optic
5605-IYGFG,0.568,69.85,25.66,send offer,Tenure: 7 months,Internet service: Fiber optic
0376-OIWME,0.424,93.6,25.63,send offer,Internet service: Fiber optic,Contract type: Month-to-month
5175-WLYXL,0.503,78.85,25.6,send offer,Internet service: Fiber optic,Contract type: Month-to-month
5035-BVCXS,0.522,75.9,25.58,send offer,Tenure: 11 months,Internet service: Fiber optic
8123-QBNAZ,0.379,104.5,25.55,send offer,Internet service: Fiber optic,Contract type: Month-to-month
7567-ECMCM,0.496,79.85,25.52,send offer,Internet service: Fiber optic,Contract type: Month-to-month
5651-YLPRD,0.46,86.1,25.49,send offer,Internet service: Fiber optic,Contract type: Month-to-month
7576-JMYWV,0.359,110.2,25.48,send offer,Internet service: Fiber optic,Contract type: Month-to-month
5649-VUKMC,0.414,95.5,25.35,send offer,Tenure: 12 months,Internet service: Fiber optic
3884-HCSWG,0.564,70.0,25.28,send offer,Tenure: 17 months,Internet service: Fiber optic
2573-GYRUU,0.433,91.05,25.2,send offer,Internet service: Fiber optic,Contract type: Month-to-month
1769-GRUIK,0.555,71.1,25.19,send offer,Internet service: Fiber optic,Tenure: 18 months
5609-IMCGG,0.467,84.35,25.15,send offer,Tenure: 15 months,Internet service: Fiber optic
0280-XJGEX,0.38,103.7,25.15,send offer,Internet service: Fiber optic,Contract type: Month-to-month
2203-GHNWN,0.495,79.65,25.13,send offer,Internet service: Fiber optic,Contract type: Month-to-month
6635-CPNUN,0.408,96.6,25.11,send offer,Internet service: Fiber optic,Contract type: Month-to-month
3627-FCRDW,0.555,71.0,25.1,send offer,Tenure: 9 months,Internet service: Fiber optic
5498-TXHLF,0.45,87.45,25.07,send offer,Internet service: Fiber optic,Contract type: Month-to-month
7881-INRLC,0.39,100.85,24.95,send offer,Internet service: Fiber optic,Contract type: Month-to-month
5650-YLIBA,0.484,81.15,24.85,send offer,Internet service: Fiber optic,Contract type: Month-to-month
0958-YHXGP,0.562,69.9,24.83,send offer,Tenure: 7 months,Internet service: Fiber optic
3002-WQZWT,0.529,74.2,24.82,send offer,Internet service: Fiber optic,Contract type: Month-to-month
4811-JBUVU,0.437,89.9,24.8,send offer,Internet service: Fiber optic,Contract type: Month-to-month
0519-XUZJU,0.555,70.75,24.8,send offer,Tenure: 1 months,Internet service: Fiber optic
7460-ITWWP,0.456,86.1,24.77,send offer,Internet service: Fiber optic,Contract type: Month-to-month
8990-ZXLSU,0.568,69.05,24.69,send offer,Tenure: 9 months,Internet service: Fiber optic
8785-CJSHH,0.393,99.8,24.65,send offer,Internet service: Fiber optic,Contract type: Month-to-month
2971-SGAFL,0.497,78.75,24.59,send offer,Tenure: 13 months,Contract type: Month-to-month
1746-TGTWV,0.52,75.35,24.56,send offer,Tenure: 1 months,Internet service: Fiber optic
9365-SRSZE,0.555,70.55,24.55,send offer,Internet service: Fiber optic,Contract type: Month-to-month
9526-JAWYF,0.435,89.8,24.45,send offer,Internet service: Fiber optic,Contract type: Month-to-month
8819-IMISP,0.486,80.45,24.44,send offer,Internet service: Fiber optic,Contract type: Month-to-month
4828-FAZPK,0.489,79.95,24.38,send offer,Tenure: 16 months,Internet service: Fiber optic
7503-QQRVF,0.526,74.3,24.34,send offer,Tenure: 16 months,Internet service: Fiber optic
8384-FZBJK,0.388,100.6,24.3,send offer,Internet service: Fiber optic,Contract type: Month-to-month
6862-CQUMB,0.406,96.1,24.29,send offer,Internet service: Fiber optic,Contract type: Month-to-month
1685-BQULA,0.418,93.4,24.27,send offer,Internet service: Fiber optic,Contract type: Month-to-month
6715-OFDBP,0.556,70.05,24.17,send offer,Tenure: 5 months,Contract type: Month-to-month
9699-UBQFS,0.412,94.5,24.11,send offer,Internet service: Fiber optic,Contract type: Month-to-month
6259-WJQLC,0.48,81.1,24.04,send offer,Internet service: Fiber optic,Contract type: Month-to-month
8212-CRQXP,0.486,80.0,23.98,send offer,Internet service: Fiber optic,Contract type: Month-to-month
8584-KMVXD,0.514,75.6,23.93,send offer,Tenure: 8 months,Internet service: Fiber optic
1421-HCERK,0.367,105.7,23.89,send offer,Internet service: Fiber optic,Contract type: Month-to-month
4501-EQDRN,0.557,69.7,23.85,send offer,Tenure: 1 months,Internet service: Fiber optic
4110-PFEUZ,0.558,69.55,23.84,send offer,Tenure: 1 months,Internet service: Fiber optic
0701-RFGFI,0.406,95.4,23.7,send offer,Internet service: Fiber optic,Contract type: Month-to-month
0481-SUMCB,0.379,102.15,23.69,send offer,Internet service: Fiber optic,Streaming movies: Yes
8630-FJLIB,0.555,69.8,23.67,send offer,Internet service: Fiber optic,Tenure: 18 months
2302-ANTDP,0.329,117.45,23.56,send offer,Internet service: Fiber optic,Contract type: Month-to-month
6906-ANDWJ,0.516,74.9,23.5,send offer,Tenure: 15 months,Internet service: Fiber optic
0363-QJVFX,0.357,108.15,23.3,send offer,Internet service: Fiber optic,Contract type: Month-to-month
3976-BWUCK,0.41,94.1,23.28,send offer,Internet service: Fiber optic,Contract type: Month-to-month
0089-IIQKO,0.385,99.95,23.2,send offer,Internet service: Fiber optic,Contract type: Month-to-month
7855-DIWPO,0.559,68.65,22.93,send offer,Internet service: Fiber optic,Contract type: Month-to-month
7129-CAKJW,0.48,80.05,22.92,send offer,Tenure: 17 months,Internet service: Fiber optic
3717-OEAUQ,0.543,70.7,22.9,send offer,Tenure: 2 months,Internet service: Fiber optic
2955-BJZHG,0.475,80.85,22.87,send offer,Tenure: 17 months,Internet service: Fiber optic
5673-FSSMF,0.638,60.15,22.85,send offer,Tenure: 1 months,Contract type: Month-to-month
2696-NARTR,0.519,73.85,22.81,send offer,Tenure: 11 months,Internet service: Fiber optic
9090-SGQXL,0.364,105.3,22.77,send offer,Internet service: Fiber optic,Contract type: Month-to-month
5940-AHUHD,0.542,70.6,22.72,send offer,Tenure: 1 months,Internet service: Fiber optic
8160-HOWOX,0.572,66.85,22.63,send offer,Tenure: 7 months,Contract type: Month-to-month
9574-RKJIF,0.405,94.4,22.62,send offer,Internet service: Fiber optic,Contract type: Month-to-month
7064-FRRSW,0.386,99.0,22.6,send offer,Internet service: Fiber optic,Payment method: Electronic check
8818-XYFCQ,0.384,99.55,22.59,send offer,Internet service: Fiber optic,Contract type: Month-to-month
9408-HRXRK,0.364,105.15,22.56,send offer,Internet service: Fiber optic,Contract type: Month-to-month
8120-JDCAM,0.55,69.55,22.55,send offer,Tenure: 4 months,Internet service: Fiber optic
2432-TFSMK,0.426,89.6,22.51,send offer,Internet service: Fiber optic,Tenure: 18 months
9540-JYROE,0.544,70.1,22.41,send offer,Tenure: 8 months,Internet service: Fiber optic
0511-JTEOY,0.536,71.1,22.35,send offer,Tenure: 1 months,Internet service: Fiber optic
7924-GJZFI,0.549,69.3,22.22,send offer,Internet service: Fiber optic,Contract type: Month-to-month
1013-QCWAM,0.377,100.8,22.19,send offer,Internet service: Fiber optic,Contract type: Month-to-month
9518-XXBXE,0.505,75.3,22.13,send offer,Tenure: 10 months,Internet service: Fiber optic
0637-UBJRP,0.451,84.05,21.91,send offer,Tenure: 13 months,Internet service: Fiber optic
7020-OZKXZ,0.501,75.5,21.7,send offer,Tenure: 9 months,Internet service: Fiber optic
8640-SDGKB,0.508,74.4,21.66,send offer,Tenure: 4 months,Contract type: Month-to-month
7641-EUYET,0.375,100.7,21.62,send offer,Internet service: Fiber optic,Contract type: Month-to-month
6557-BZXLQ,0.542,69.65,21.61,send offer,Tenure: 16 months,Internet service: Fiber optic
8687-BAFGU,0.51,74.0,21.51,send offer,Tenure: 1 months,Internet service: Fiber optic
3161-GETRM,0.419,90.05,21.45,send offer,Internet service: Fiber optic,Contract type: Month-to-month
4911-BANWH,0.436,86.55,21.43,send offer,Internet service: Fiber optic,Contract type: Month-to-month
1855-AGAWH,0.402,93.8,21.42,send offer,Internet service: Fiber optic,Payment method: Electronic check
4526-ZJJTM,0.426,88.4,21.39,send offer,Internet service: Fiber optic,Contract type: Month-to-month
5108-ADXWO,0.512,73.5,21.3,send offer,Tenure: 11 months,Internet service: Fiber optic
3714-NTNFO,0.445,84.5,21.28,send offer,Internet service: Fiber optic,Contract type: Month-to-month
2694-CIUMO,0.473,79.55,21.26,send offer,Tenure: 12 months,Internet service: Fiber optic
5998-VVEJY,0.467,80.5,21.26,send offer,Internet service: Fiber optic,Contract type: Month-to-month
9450-TRJUU,0.452,83.15,21.2,send offer,Internet service: Fiber optic,Contract type: Month-to-month
6710-HSJRD,0.329,114.1,21.06,send offer,Internet service: Fiber optic,Contract type: Month-to-month
7130-YXBRO,0.336,111.45,20.91,send offer,Internet service: Fiber optic,Contract type: Month-to-month
1391-UBDAR,0.514,72.9,20.91,send offer,Tenure: 11 months,Internet service: Fiber optic
5331-RGMTT,0.378,99.05,20.89,send offer,Internet service: Fiber optic,Contract type: Month-to-month
4391-LNRXK,0.394,94.95,20.72,send offer,Internet service: Fiber optic,Contract type: Month-to-month
2604-IJPDU,0.387,96.55,20.71,send offer,Internet service: Fiber optic,Contract type: Month-to-month
2359-KLTEK,0.394,94.9,20.67,send offer,Internet service: Fiber optic,Contract type: Month-to-month
2373-NTKOD,0.563,66.25,20.64,send offer,Tenure: 8 months,Contract type: Month-to-month
6166-ILMNY,0.535,69.75,20.62,send offer,Tenure: 2 months,Internet service: Fiber optic
0537-QYZZN,0.467,79.85,20.59,send offer,Internet service: Fiber optic,Contract type: Month-to-month
6075-SLNIL,0.392,95.1,20.59,send offer,Internet service: Fiber optic,Contract type: Month-to-month
3799-ISUZQ,0.533,69.95,20.55,send offer,Tenure: 7 months,Internet service: Fiber optic
0666-UXTJO,0.437,85.2,20.5,send offer,Internet service: Fiber optic,Contract type: Month-to-month
5536-RTPWK,0.376,99.05,20.47,send offer,Internet service: Fiber optic,Contract type: Month-to-month
2139-FQHLM,0.414,89.95,20.47,send offer,Internet service: Fiber optic,Contract type: Month-to-month
0397-GZBBC,0.397,93.85,20.46,send offer,Internet service: Fiber optic,Contract type: Month-to-month
1399-UBQIU,0.537,69.35,20.44,send offer,Tenure: 11 months,Contract type: Month-to-month
4919-MOAVT,0.535,69.65,20.43,send offer,Tenure: 3 months,Internet service: Fiber optic
8016-NCFVO,0.32,116.5,20.41,send offer,Internet service: Fiber optic,Contract type: Month-to-month
4512-ZUIYL,0.531,70.0,20.36,send offer,Tenure: 2 months,Internet service: Fiber optic
9940-HPQPG,0.405,91.75,20.34,send offer,Tenure: 9 months,Internet service: Fiber optic
3569-EDBPQ,0.441,84.35,20.3,send offer,Internet service: Fiber optic,Contract type: Month-to-month
0578-SKVMF,0.445,83.3,20.05,send offer,Internet service: Fiber optic,Contract type: Month-to-month
0118-JPNOY,0.432,85.8,20.04,send offer,Internet service: Fiber optic,Contract type: Month-to-month
8019-ENHXU,0.372,99.45,19.95,send offer,Internet service: Fiber optic,Contract type: Month-to-month
9800-ONTFE,0.488,75.8,19.92,send offer,Internet service: Fiber optic,Contract type: Month-to-month
5213-TWWJU,0.406,91.0,19.9,send offer,Internet service: Fiber optic,Contract type: Month-to-month
7126-RBHSD,0.469,78.9,19.88,send offer,Tenure: 17 months,Internet service: Fiber optic
6646-JPPHA,0.469,78.85,19.86,send offer,Tenure: 14 months,Internet service: Fiber optic
9445-SZLCH,0.38,97.35,19.86,send offer,Internet service: Fiber optic,Contract type: Month-to-month
5886-VLQVU,0.411,89.85,19.8,send offer,Internet service: Fiber optic,Contract type: Month-to-month
7603-USHJS,0.5,73.75,19.62,send offer,Tenure: 12 months,Internet service: Fiber optic
9469-WEJBT,0.407,90.35,19.51,send offer,Internet service: Fiber optic,Contract type: Month-to-month
7547-EKNFS,0.386,95.25,19.51,send offer,Internet service: Fiber optic,Contract type: Month-to-month
8155-IBNHG,0.488,75.4,19.5,send offer,Internet service: Fiber optic,Contract type: Month-to-month
9732-EQMWY,0.37,99.4,19.44,send offer,Internet service: Fiber optic,Contract type: Month-to-month
2951-QOQTK,0.455,80.8,19.39,send offer,Tenure: 4 months,Internet service: Fiber optic
2792-LSHWX,0.441,83.4,19.39,send offer,Tenure: 1 months,Internet service: Fiber optic
2040-VZIKE,0.364,100.85,19.33,send offer,Internet service: Fiber optic,Contract type: Month-to-month
5515-AKOAJ,0.367,100.1,19.29,send offer,Internet service: Fiber optic,Contract type: Month-to-month
4760-THGOT,0.39,94.1,19.24,send offer,Internet service: Fiber optic,Contract type: Month-to-month
2683-BPJSO,0.434,84.45,19.23,send offer,Internet service: Fiber optic,Contract type: Month-to-month
9369-XFEHK,0.455,80.6,19.16,send offer,Internet service: Fiber optic,Contract type: Month-to-month
5122-CYFXA,0.486,75.3,19.12,send offer,Tenure: 3 months,Contract type: Month-to-month
4704-ERYFC,0.529,69.25,19.09,send offer,Internet service: Fiber optic,Contract type: Month-to-month
0151-ONTOV,0.516,70.9,19.05,send offer,Tenure: 1 months,Internet service: Fiber optic
3866-MDTUB,0.517,70.75,19.01,send offer,Tenure: 2 months,Contract type: Month-to-month
2501-XWWTZ,0.521,70.2,18.96,send offer,Tenure: 11 months,Internet service: Fiber optic
6017-PPLPX,0.519,70.45,18.91,send offer,Internet service: Fiber optic,Contract type: Month-to-month
4607-CHPCA,0.404,90.4,18.88,send offer,Internet service: Fiber optic,Tenure: 25 months
5389-FFVKB,0.455,80.3,18.84,send offer,Internet service: Fiber optic,Contract type: Month-to-month
0324-BRPCJ,0.364,100.2,18.83,send offer,Internet service: Fiber optic,Contract type: Month-to-month
9283-LZQOH,0.49,74.4,18.68,send offer,Tenure: 13 months,Internet service: Fiber optic
1095-JUDTC,0.383,95.05,18.65,send offer,Internet service: Fiber optic,Contract type: Month-to-month
1346-UFHAX,0.455,80.0,18.6,send offer,Tenure: 13 months,Internet service: Fiber optic
2403-BCASL,0.325,111.95,18.51,send offer,Internet service: Fiber optic,Payment method: Electronic check
5419-KLXBN,0.407,89.15,18.34,send offer,Internet service: Fiber optic,Contract type: Month-to-month
2037-XJFUP,0.379,95.8,18.34,send offer,Internet service: Fiber optic,Payment method: Electronic check
1343-EHPYB,0.351,103.4,18.32,send offer,Internet service: Fiber optic,Contract type: Month-to-month
7562-UXTPG,0.517,70.15,18.29,send offer,Tenure: 13 months,Internet service: Fiber optic
5419-JKZNQ,0.465,77.9,18.26,send offer,Internet service: Fiber optic,Contract type: Month-to-month
3877-JRJIP,0.605,59.85,18.15,send offer,Tenure: 1 months,Contract type: Month-to-month
8519-QJGJD,0.48,75.35,18.14,send offer,Tenure: 14 months,Internet service: Fiber optic
7277-OZCGZ,0.406,89.05,18.12,send offer,Internet service: Fiber optic,Contract type: Month-to-month
0641-EVBOJ,0.439,82.3,18.12,send offer,Tenure: 3 months,Internet service: Fiber optic
4829-AUOAX,0.376,96.05,18.03,send offer,Internet service: Fiber optic,Contract type: Month-to-month
3130-ICDUP,0.448,80.55,17.89,send offer,Tenure: 2 months,Internet service: Fiber optic
5649-RXQTV,0.364,99.0,17.81,send offer,Internet service: Fiber optic,Contract type: Month-to-month
7682-AZNDK,0.401,89.85,17.79,send offer,Internet service: Fiber optic,Contract type: Month-to-month
5600-KTXFM,0.515,69.95,17.75,send offer,Tenure: 2 months,Internet service: Fiber optic
9921-EZKBY,0.377,95.3,17.68,send offer,Internet service: Fiber optic,Contract type: Month-to-month
0410-IPFTY,0.429,83.85,17.67,send offer,Internet service: Fiber optic,Contract type: Month-to-month
9048-JVYVF,0.518,69.35,17.66,send offer,Tenure: 3 months,Contract type: Month-to-month
5813-UECBU,0.428,83.85,17.55,send offer,Internet service: Fiber optic,Contract type: Month-to-month
3677-TNKIO,0.506,71.0,17.55,send offer,Tenure: 14 months,Internet service: Fiber optic
3466-RITXD,0.388,92.4,17.53,send offer,Internet service: Fiber optic,Contract type: Month-to-month
3943-KDREE,0.479,74.95,17.52,send offer,Internet service: Fiber optic,Contract type: Month-to-month
4480-MBMLB,0.342,104.8,17.49,send offer,Internet service: Fiber optic,Streaming movies: Yes
4550-VBOFE,0.348,102.95,17.38,send offer,Internet service: Fiber optic,Contract type: Month-to-month
0411-EZJZE,0.594,60.25,17.36,send offer,Tenure: 3 months,Contract type: Month-to-month
3932-IJWDZ,0.345,103.65,17.33,send offer,Internet service: Fiber optic,Contract type: Month-to-month
6331-LWDTQ,0.496,72.15,17.32,send offer,Tenure: 10 months,Contract type: Month-to-month
1597-FZREH,0.469,76.4,17.32,send offer,Tenure: 2 months,Contract type: Month-to-month
6390-DSAZX,0.486,73.6,17.29,send offer,Tenure: 1 months,Internet service: Fiber optic
0867-MKZVY,0.434,82.4,17.28,send offer,Internet service: Fiber optic,Contract type: Month-to-month
9398-MMQTO,0.48,74.45,17.2,send offer,Tenure: 3 months,Internet service: Fiber optic
9233-PSYHO,0.357,100.15,17.15,send offer,Internet service: Fiber optic,Streaming movies: Yes
4818-DRBQT,0.445,80.15,17.08,send offer,Internet service: Fiber optic,Contract type: Month-to-month
2122-YWVYA,0.473,75.4,17.08,send offer,Internet service: Fiber optic,Tenure: 18 months
1785-BPHTP,0.417,85.45,17.03,send offer,Internet service: Fiber optic,Contract type: Month-to-month
7481-ATQQS,0.392,90.85,17.01,send offer,Internet service: Fiber optic,Contract type: Month-to-month
4503-BDXBD,0.476,74.95,16.99,send offer,Tenure: 11 months,Internet service: Fiber optic
5977-CKHON,0.385,92.55,16.99,send offer,Internet service: Fiber optic,Contract type: Month-to-month
6946-LMSQS,0.4,89.05,16.98,send offer,Internet service: Fiber optic,Tenure: 25 months
9821-POOTN,0.474,75.2,16.96,send offer,Internet service: Fiber optic,Contract type: Month-to-month
5302-BDJNT,0.373,95.5,16.92,send offer,Internet service: Fiber optic,Contract type: Month-to-month
9824-BEMCV,0.516,69.0,16.86,send offer,Tenure: 17 months,Internet service: Fiber optic
5028-GZLDO,0.503,70.7,16.85,send offer,Tenure: 2 months,Internet service: Fiber optic
9137-UIYPG,0.333,106.9,16.81,send offer,Internet service: Fiber optic,Contract type: Month-to-month
3452-ABWRL,0.413,86.05,16.73,send offer,Internet service: Fiber optic,Contract type: Month-to-month
2014-MKGMH,0.351,101.1,16.7,send offer,Internet service: Fiber optic,Payment method: Electronic check
7978-DKUQH,0.476,74.6,16.67,send offer,Internet service: Fiber optic,Contract type: Month-to-month
9470-XCCEM,0.396,89.65,16.65,send offer,Internet service: Fiber optic,Contract type: Month-to-month
0691-IFBQW,0.322,110.0,16.62,send offer,Internet service: Fiber optic,Payment method: Electronic check
5884-GCYMI,0.511,69.4,16.61,send offer,Tenure: 1 months,Internet service: Fiber optic
4660-IRIBM,0.403,87.9,16.59,send offer,Internet service: Fiber optic,Tenure: 18 months
8535-SFUTN,0.333,106.45,16.58,send offer,Internet service: Fiber optic,Contract type: Month-to-month
1552-AAGRX,0.333,106.4,16.53,send offer,Internet service: Fiber optic,Contract type: Month-to-month
0927-LCSMG,0.474,74.65,16.42,send offer,Tenure: 7 months,Internet service: Fiber optic
2105-PHWON,0.372,95.0,16.4,send offer,Internet service: Fiber optic,Contract type: Month-to-month
2277-DJJDL,0.357,99.0,16.4,send offer,Internet service: Fiber optic,Contract type: Month-to-month
2325-WINES,0.34,104.05,16.33,send offer,Internet service: Fiber optic,Streaming movies: Yes
1084-UQCHV,0.506,69.75,16.3,send offer,Tenure: 1 months,Internet service: Fiber optic
2476-YGEFM,0.465,76.0,16.28,send offer,Internet service: Fiber optic,Contract type: Month-to-month
6847-KJLTS,0.352,100.4,16.27,send offer,Internet service: Fiber optic,Contract type: Month-to-month
6652-YFFJO,0.544,64.9,16.22,send offer,Tenure: 11 months,Contract type: Month-to-month
2960-NKRSO,0.41,85.95,16.19,send offer,Internet service: Fiber optic,Contract type: Month-to-month
8782-LKFPK,0.389,90.4,16.05,send offer,Internet service: Fiber optic,Contract type: Month-to-month
2523-EWWZL,0.462,76.1,16.02,send offer,Internet service: Fiber optic,Contract type: Month-to-month
7789-HKSBS,0.334,105.2,15.96,send offer,Internet service: Fiber optic,Streaming movies: Yes
2074-GUHPQ,0.379,92.7,15.93,send offer,Tenure: 17 months,Internet service: Fiber optic
1670-SVOWZ,0.391,89.65,15.69,send offer,Tenure: 14 months,Internet service: Fiber optic
7233-DRTRF,0.342,102.4,15.69,send offer,Internet service: Fiber optic,Contract type: Month-to-month
4398-HSCJH,0.551,63.6,15.66,send offer,Tenure: 3 months,Contract type: Month-to-month
0310-MVLET,0.353,99.15,15.65,send offer,Internet service: Fiber optic,Contract type: Month-to-month
8468-EHYJA,0.351,99.65,15.61,send offer,Internet service: Fiber optic,Contract type: Month-to-month
4821-SJHJV,0.391,89.6,15.59,send offer,Internet service: Fiber optic,Contract type: Month-to-month
7410-OIEDU,0.437,79.85,15.34,send offer,Tenure: 10 months,Internet service: Fiber optic
2041-JIJCI,0.545,64.0,15.31,send offer,Tenure: 5 months,Contract type: Month-to-month
6204-IEUXJ,0.435,80.1,15.24,send offer,Tenure: 3 months,Internet service: Fiber optic
8992-JQYUN,0.692,50.35,15.22,send offer,Tenure: 1 months,Contract type: Month-to-month
2921-XWDJH,0.417,83.45,15.19,send offer,Internet service: Fiber optic,Contract type: Month-to-month
4948-WBBKL,0.464,74.9,15.09,send offer,Internet service: Fiber optic,Contract type: Month-to-month
3692-JHONH,0.326,106.5,15.08,send offer,Internet service: Fiber optic,Payment method: Electronic check
1469-LBJQJ,0.33,105.2,14.91,send offer,Internet service: Fiber optic,Contract type: Month-to-month
6961-VCPMC,0.431,80.4,14.86,send offer,Internet service: Fiber optic,Contract type: Month-to-month
3804-RVTGV,0.334,103.85,14.86,send offer,Internet service: Fiber optic,Contract type: Month-to-month
6260-ONULR,0.552,62.8,14.82,send offer,Tenure: 1 months,Contract type: Month-to-month
6807-SIWJI,0.33,104.85,14.75,send offer,Internet service: Fiber optic,Payment method: Electronic check
6416-YJTTB,0.435,79.5,14.73,send offer,Tenure: 11 months,Internet service: Fiber optic
2070-FNEXE,0.452,76.45,14.63,send offer,Tenure: 7 months,Internet service: Fiber optic
9777-WJJPR,0.39,88.65,14.62,send offer,Internet service: Fiber optic,Contract type: Month-to-month
9552-TGUZV,0.461,75.0,14.61,send offer,Tenure: 8 months,Internet service: Fiber optic
2207-QPJED,0.383,90.0,14.54,send offer,Internet service: Fiber optic,Contract type: Month-to-month
5816-QVHRX,0.344,100.3,14.43,send offer,Internet service: Fiber optic,Contract type: Month-to-month
7030-NJVDP,0.386,89.25,14.36,send offer,Internet service: Fiber optic,Contract type: Month-to-month
4657-FWVFY,0.357,96.35,14.33,send offer,Internet service: Fiber optic,Contract type: Month-to-month
3329-WDIOK,0.68,50.6,14.3,send offer,Tenure: 3 months,Contract type: Month-to-month
4361-BKAXE,0.3,114.5,14.2,send offer,Internet service: Fiber optic,Contract type: Month-to-month
6217-TOWGS,0.455,75.4,14.14,send offer,Tenure: 17 months,Contract type: Month-to-month
8988-ECPJR,0.431,79.6,14.07,send offer,Internet service: Fiber optic,Contract type: Month-to-month
9412-GHEEC,0.327,104.8,14.06,send offer,Internet service: Fiber optic,Contract type: Month-to-month
9919-YLNNG,0.33,103.8,14.03,send offer,Internet service: Fiber optic,Contract type: Month-to-month
6168-YBYNP,0.308,111.35,14.01,send offer,Internet service: Fiber optic,Contract type: Month-to-month
7351-KYHQH,0.527,64.95,13.98,send offer,Tenure: 7 months,Contract type: Month-to-month
8993-IZEUX,0.495,69.15,13.95,send offer,Tenure: 7 months,Internet service: Fiber optic
0730-KOAVE,0.363,94.3,13.9,send offer,Internet service: Fiber optic,Contract type: Month-to-month
6692-YQHXC,0.489,69.95,13.88,send offer,Tenure: 16 months,Internet service: Fiber optic
5433-KYGHE,0.397,86.0,13.83,send offer,Tenure: 14 months,Internet service: Fiber optic
7993-PYKOF,0.455,75.0,13.73,send offer,Tenure: 8 months,Internet service: Fiber optic
3969-GYXEL,0.447,76.4,13.72,send offer,Tenure: 11 months,Internet service: Fiber optic
6080-TCMYC,0.42,81.2,13.69,send offer,Internet service: Fiber optic,Contract type: Month-to-month
1956-YIFGE,0.341,100.05,13.68,send offer,Internet service: Fiber optic,Tenure: 22 months
9909-IDLEK,0.352,96.8,13.65,send offer,Internet service: Fiber optic,Contract type: Month-to-month
2067-QYTCF,0.307,111.15,13.63,send offer,Internet service: Fiber optic,Contract type: Month-to-month
3761-FLYZI,0.313,108.8,13.54,send offer,Internet service: Fiber optic,Contract type: Month-to-month
9158-VCTQB,0.299,113.6,13.44,send offer,Internet service: Fiber optic,Contract type: Month-to-month
1228-ZLNBX,0.451,75.3,13.31,send offer,Internet service: Fiber optic,Contract type: Month-to-month
3162-KKZXO,0.339,100.15,13.27,send offer,Internet service: Fiber optic,Payment method: Electronic check
3627-FHKBK,0.45,75.3,13.25,send offer,Tenure: 1 months,Internet service: Fiber optic
7967-HYCDE,0.479,70.7,13.22,send offer,Tenure: 8 months,Internet service: Fiber optic
6078-VESFR,0.48,70.45,13.1,send offer,Tenure: 13 months,Internet service: Fiber optic
0727-BMPLR,0.338,100.0,13.08,send offer,Internet service: Fiber optic,Payment method: Electronic check
4220-TINQT,0.318,106.35,13.05,send offer,Internet service: Fiber optic,Contract type: Month-to-month
1304-BCCFO,0.483,70.05,13.03,send offer,Tenure: 9 months,Contract type: Month-to-month
2636-OHFMN,0.696,48.55,13.01,send offer,Tenure: 4 months,Contract type: Month-to-month
9286-DOJGF,0.451,74.95,12.99,send offer,Internet service: Fiber optic,Contract type: Month-to-month
7718-RXDGG,0.492,68.6,12.94,send offer,Tenure: 15 months,Internet service: Fiber optic
3987-KQDDU,0.447,75.6,12.94,send offer,Tenure: 9 months,Internet service: Fiber optic
8564-LDKFL,0.318,106.0,12.89,send offer,Internet service: Fiber optic,Streaming movies: Yes
3898-GUYTS,0.348,97.05,12.86,send offer,Internet service: Fiber optic,Contract type: Month-to-month
4566-GOLUK,0.313,107.35,12.57,send offer,Internet service: Fiber optic,Contract type: Month-to-month
2133-TSRRM,0.319,105.35,12.49,send offer,Internet service: Fiber optic,Contract type: Month-to-month
7077-XJMET,0.452,74.15,12.44,send offer,Tenure: 12 months,Contract type: Month-to-month
4176-FXYBO,0.306,109.55,12.44,send offer,Internet service: Fiber optic,Contract type: Month-to-month
4116-TZAQJ,0.451,74.25,12.39,send offer,Tenure: 9 months,Internet service: Fiber optic
3005-TYFRD,0.323,103.65,12.38,send offer,Internet service: Fiber optic,Contract type: Month-to-month
8348-HFYIV,0.68,49.25,12.36,send offer,Tenure: 2 months,Contract type: Month-to-month
2883-ILGWO,0.319,104.9,12.32,send offer,Internet service: Fiber optic,Contract type: Month-to-month
6173-GOLSU,0.354,94.65,12.29,send offer,Internet service: Fiber optic,Contract type: Month-to-month
0599-XNYDO,0.479,69.8,12.16,send offer,Internet service: Fiber optic,Contract type: Month-to-month
9169-BSVIN,0.446,74.75,12.04,send offer,Tenure: 12 months,Contract type: Month-to-month
4993-JCRGJ,0.394,84.3,11.74,send offer,Internet service: Fiber optic,Contract type: Month-to-month
9079-YEXQJ,0.299,111.1,11.73,send offer,Internet service: Fiber optic,Contract type: Month-to-month
3211-ILJTT,0.471,70.4,11.69,send offer,Tenure: 17 months,Internet service: Fiber optic
6022-UGGSO,0.446,74.4,11.61,send offer,Internet service: Fiber optic,Contract type: Month-to-month
2988-PLAHS,0.474,69.95,11.55,send offer,Tenure: 3 months,Payment method: Electronic check
3094-JOJAI,0.447,74.15,11.54,send offer,Internet service: Fiber optic,Tenure: 18 months
7318-EIVKO,0.559,59.25,11.54,send offer,Tenure: 8 months,Contract type: Month-to-month
2737-WFVYW,0.732,45.25,11.54,send offer,Tenure: 2 months,Contract type: Month-to-month
1636-NTNCO,0.65,50.95,11.51,send offer,Tenure: 4 months,Contract type: Month-to-month
3481-JHUZH,0.412,80.25,11.46,send offer,Internet service: Fiber optic,Contract type: Month-to-month
9620-ENEJV,0.469,70.55,11.45,send offer,Tenure: 6 months,Internet service: Fiber optic
7207-RMRDB,0.313,105.5,11.43,send offer,Internet service: Fiber optic,Contract type: Month-to-month
7486-KSRVI,0.331,100.0,11.41,send offer,Internet service: Fiber optic,Payment method: Electronic check
5141-ZUVBH,0.355,93.0,11.4,send offer,Tenure: 9 months,Internet service: Fiber optic
8840-DQLGN,0.329,100.5,11.36,send offer,Internet service: Fiber optic,Contract type: Month-to-month
2640-PMGFL,0.415,79.5,11.33,send offer,Internet service: Fiber optic,Contract type: Month-to-month
7296-PIXQY,0.47,70.2,11.31,send offer,Tenure: 14 months,Internet service: Fiber optic
5712-AHQNN,0.36,91.65,11.3,send offer,Internet service: Fiber optic,Contract type: Month-to-month
7529-ZDFXI,0.367,89.85,11.24,send offer,Internet service: Fiber optic,Contract type: Month-to-month
2235-DWLJU,0.743,44.4,11.24,send offer,Tenure: 6 months,Contract type: Month-to-month
8404-GFGCZ,0.503,65.6,11.22,send offer,Tenure: 4 months,Contract type: Month-to-month
3325-FUYCG,0.311,106.1,11.16,send offer,Internet service: Fiber optic,Payment method: Electronic check
5149-TGWDZ,0.315,104.55,11.11,send offer,Internet service: Fiber optic,Tenure: 21 months
1866-OBPNR,0.441,74.6,11.08,send offer,Tenure: 1 months,Internet service: Fiber optic
5118-MUEYH,0.313,105.1,11.03,send offer,Internet service: Fiber optic,Contract type: Month-to-month
0080-OROZO,0.331,99.25,10.89,send offer,Internet service: Fiber optic,Payment method: Electronic check
7251-LJBQN,0.316,103.75,10.88,send offer,Internet service: Fiber optic,Streaming movies: Yes
6845-RGTYS,0.332,98.75,10.87,send offer,Internet service: Fiber optic,Contract type: Month-to-month
7517-SAWMO,0.448,73.2,10.85,send offer,Internet service: Fiber optic,Contract type: Month-to-month
1436-ZMJAN,0.483,67.8,10.78,send offer,Tenure: 10 months,Contract type: Month-to-month
6825-UYPFK,0.433,75.6,10.75,send offer,Internet service: Fiber optic,Contract type: Month-to-month
1644-IRKSF,0.349,93.8,10.72,send offer,Internet service: Fiber optic,Payment method: Electronic check
6362-QHAFM,0.302,108.3,10.67,send offer,Internet service: Fiber optic,Payment method: Electronic check
1357-BIJKI,0.333,98.25,10.62,send offer,Internet service: Fiber optic,Payment method: Electronic check
2208-UGTGR,0.331,98.6,10.55,send offer,Internet service: Fiber optic,Contract type: Month-to-month
1427-VERSM,0.33,98.7,10.31,send offer,Internet service: Fiber optic,Contract type: Month-to-month
7826-VVKWT,0.337,96.55,10.24,send offer,Internet service: Fiber optic,Tenure: 24 months
9029-FEGVJ,0.41,79.3,10.24,send offer,Internet service: Fiber optic,Contract type: Month-to-month
7240-ETPTR,0.667,48.75,10.23,send offer,Tenure: 9 months,Contract type: Month-to-month
1323-OOEPC,0.33,98.4,10.16,send offer,Internet service: Fiber optic,Contract type: Month-to-month
0365-GXEZS,0.415,78.2,10.08,send offer,Internet service: Fiber optic,Tenure: 18 months
6745-JEFZB,0.354,91.5,10.05,send offer,Internet service: Fiber optic,Contract type: Month-to-month
4824-GUCBY,0.397,81.7,10.05,send offer,Internet service: Fiber optic,Contract type: Month-to-month
8417-GSODA,0.351,92.2,9.96,send offer,Internet service: Fiber optic,Streaming movies: Yes
2141-RRYGO,0.472,68.65,9.94,send offer,Tenure: 4 months,Contract type: Month-to-month
5394-SVGJV,0.328,98.8,9.9,send offer,Internet service: Fiber optic,Contract type: Month-to-month
1216-JWVUX,0.428,75.5,9.81,send offer,Internet service: Fiber optic,Contract type: Month-to-month
7975-TZMLR,0.313,103.1,9.72,send offer,Internet service: Fiber optic,Payment method: Electronic check
3023-GFLBR,0.373,86.15,9.38,send offer,Internet service: Fiber optic,Contract type: Month-to-month
2969-QWUBZ,0.624,51.4,9.31,send offer,Tenure: 2 months,Contract type: Month-to-month
0422-UXFAP,0.325,98.85,9.31,send offer,Internet service: Fiber optic,Payment method: Electronic check
6771-XWBDM,0.307,104.5,9.21,send offer,Internet service: Fiber optic,Contract type: Month-to-month
0064-YIJGF,0.422,75.75,9.09,send offer,Internet service: Fiber optic,Contract type: Month-to-month
5035-PGZXH,0.299,106.8,8.96,send offer,Internet service: Fiber optic,Payment method: Electronic check
8152-UOBNY,0.299,106.8,8.96,send offer,Internet service: Fiber optic,Payment method: Electronic check
4636-JGAAI,0.359,88.85,8.93,send offer,Internet service: Fiber optic,Contract type: Month-to-month
2178-PMGCJ,0.457,69.7,8.81,send offer,Internet service: Fiber optic,Contract type: Month-to-month
3063-QFSZL,0.575,55.4,8.77,send offer,Tenure: 1 months,Contract type: Month-to-month
3192-LNKRK,0.379,84.05,8.77,send offer,Internet service: Fiber optic,Contract type: Month-to-month
4465-VDKIQ,0.409,77.8,8.7,send offer,Internet service: Fiber optic,Tenure: 18 months
2195-ZRVAX,0.373,85.3,8.7,send offer,Internet service: Fiber optic,Contract type: Month-to-month
7587-AOVVU,0.316,100.75,8.69,send offer,Internet service: Fiber optic,Contract type: Month-to-month
3234-VKACU,0.451,70.3,8.49,send offer,Tenure: 2 months,Contract type: Month-to-month
4248-HCETZ,0.398,79.65,8.4,send offer,Internet service: Fiber optic,Contract type: Month-to-month
5301-GAUUY,0.394,80.35,8.37,send offer,Internet service: Fiber optic,Contract type: Month-to-month
9239-ZBZZV,0.66,47.95,8.35,send offer,Tenure: 6 months,Contract type: Month-to-month
4558-FANTW,0.344,91.85,8.33,send offer,Tenure: 17 months,Internet service: Fiber optic
1728-CXQBE,0.336,94.25,8.3,send offer,Internet service: Fiber optic,Contract type: Month-to-month
6711-VTNRE,0.361,87.55,8.23,send offer,Internet service: Fiber optic,Contract type: Month-to-month
8008-HAWED,0.621,50.75,8.11,send offer,Tenure: 14 months,Contract type: Month-to-month
1910-FMXJM,0.392,80.4,8.03,send offer,Internet service: Fiber optic,Contract type: Month-to-month
9722-UJOJR,0.445,70.75,8.01,send offer,Internet service: Fiber optic,Contract type: Month-to-month
3349-ANQNH,0.316,99.5,8.0,send offer,Internet service: Fiber optic,Payment method: Electronic check
6233-HXJMX,0.352,89.3,7.87,send offer,Internet service: Fiber optic,Contract type: Month-to-month
9822-OAOVB,0.566,55.45,7.82,send offer,Tenure: 1 months,Contract type: Month-to-month
3346-BRMIS,0.648,48.35,7.7,send offer,Tenure: 18 months,Contract type: Month-to-month
0327-WFZSY,0.313,100.0,7.66,send offer,Internet service: Fiber optic,Payment method: Electronic check
9495-SKLKD,0.326,95.95,7.65,send offer,Internet service: Fiber optic,Contract type: Month-to-month
9812-GHVRI,0.373,83.85,7.65,send offer,Internet service: Fiber optic,Contract type: Month-to-month
5628-RKIFK,0.308,101.55,7.6,send offer,Internet service: Fiber optic,Contract type: Month-to-month
9626-VFRGG,0.353,88.5,7.56,send offer,Internet service: Fiber optic,Contract type: Month-to-month
6726-WEXXK,0.363,85.9,7.43,send offer,Internet service: Fiber optic,Payment method: Electronic check
2027-WKXMW,0.287,108.75,7.4,send offer,Internet service: Fiber optic,Contract type: Month-to-month
3583-EKAPL,0.567,55.0,7.38,send offer,Tenure: 1 months,Contract type: Month-to-month
1518-VOWAV,0.418,74.65,7.37,send offer,Tenure: 9 months,Contract type: Month-to-month
6874-SGLHU,0.32,97.0,7.12,send offer,Internet service: Fiber optic,Streaming movies: Yes
5055-MGMGF,0.295,105.05,6.93,send offer,Internet service: Fiber optic,Contract type: Month-to-month
0407-BDJKB,0.323,95.75,6.87,send offer,Internet service: Fiber optic,Contract type: Month-to-month
7927-AUXBZ,0.363,85.15,6.84,send offer,Internet service: Fiber optic,Contract type: Month-to-month
4118-CEVPF,0.279,110.8,6.81,send offer,Internet service: Fiber optic,Streaming movies: Yes
4931-TRZWN,0.43,71.95,6.78,send offer,Tenure: 13 months,Contract type: Month-to-month
6927-WTFIV,0.433,71.3,6.69,send offer,Internet service: Fiber optic,Contract type: Month-to-month
8178-EYZUO,0.329,93.7,6.65,send offer,Internet service: Fiber optic,Contract type: Month-to-month
2452-KDRRH,0.304,101.4,6.6,send offer,Internet service: Fiber optic,Contract type: Month-to-month
5895-QSXOD,0.44,70.05,6.59,send offer,Tenure: 9 months,Internet service: Fiber optic
8544-GOQSH,0.385,80.05,6.59,send offer,Tenure: 14 months,Internet service: Fiber optic
9389-ACWBI,0.44,69.95,6.5,send offer,Tenure: 5 months,Internet service: Fiber optic
4523-WXCEF,0.304,101.1,6.29,send offer,Internet service: Fiber optic,Contract type: Month-to-month
8751-EDEKA,0.341,89.9,6.19,send offer,Internet service: Fiber optic,Contract type: Month-to-month
3317-HRTNN,0.67,45.7,6.17,send offer,Tenure: 5 months,Contract type: Month-to-month
1307-TVUFB,0.386,79.35,6.15,send offer,Internet service: Fiber optic,Contract type: Month-to-month
2144-BFDSO,0.282,108.75,6.13,send offer,Internet service: Fiber optic,Contract type: Month-to-month
0943-ZQPXH,0.329,92.95,6.11,send offer,Internet service: Fiber optic,Contract type: Month-to-month
4343-EJVQB,0.411,74.35,5.99,send offer,Tenure: 7 months,Internet service: Fiber optic
0708-LGSMF,0.464,65.85,5.99,send offer,Tenure: 13 months,Contract type: Month-to-month
0475-RIJEP,0.392,77.85,5.96,send offer,Internet service: Fiber optic,Contract type: Month-to-month
8648-PFRMP,0.658,46.35,5.92,send offer,Tenure: 14 months,Contract type: Month-to-month
9643-YBLUR,0.441,69.05,5.83,send offer,Tenure: 9 months,Contract type: Month-to-month
1548-FEHVL,0.287,106.2,5.79,send offer,Internet service: Fiber optic,Contract type: Month-to-month
5522-NYKPB,0.354,85.9,5.75,send offer,Internet service: Fiber optic,Contract type: Month-to-month
6234-PFPXL,0.317,95.9,5.69,send offer,Internet service: Fiber optic,Contract type: Month-to-month
4484-CGXFK,0.55,55.3,5.67,send offer,Tenure: 3 months,Contract type: Month-to-month
6179-GJPSO,0.281,108.15,5.6,send offer,Internet service: Fiber optic,Contract type: Month-to-month
5671-UUNXD,0.302,100.65,5.56,send offer,Internet service: Fiber optic,Payment method: Electronic check
9822-WMWVG,0.285,106.5,5.53,send offer,Internet service: Fiber optic,Contract type: Month-to-month
2873-ZLIWT,0.357,84.85,5.46,send offer,Internet service: Fiber optic,Contract type: Month-to-month
2519-LBNQL,0.29,104.35,5.41,send offer,Internet service: Fiber optic,Payment method: Electronic check
9272-LSVYH,0.431,70.15,5.35,send offer,Tenure: 10 months,Internet service: Fiber optic
1174-FGIFN,0.334,90.45,5.3,send offer,Internet service: Fiber optic,Payment method: Electronic check
2869-ADAWR,0.338,89.3,5.28,send offer,Internet service: Fiber optic,Contract type: Month-to-month
1216-BGTSP,0.279,108.45,5.25,send offer,Internet service: Fiber optic,Contract type: Month-to-month
8645-KWHJO,0.549,55.0,5.25,send offer,Tenure: 14 months,Contract type: Month-to-month
3956-CJUST,0.4,75.4,5.18,send offer,Internet service: Fiber optic,Contract type: Month-to-month
5146-CBVOE,0.402,75.1,5.17,send offer,Tenure: 16 months,Internet service: Fiber optic
7159-FVYPK,0.436,69.15,5.14,send offer,Tenure: 3 months,Contract type: Month-to-month
4007-NHVHI,0.31,96.85,4.9,send offer,Internet service: Fiber optic,Contract type: Month-to-month
8677-HDZEE,0.285,105.45,4.82,send offer,Internet service: Fiber optic,Contract type: Month-to-month
7401-RUBNK,0.401,74.8,4.71,send offer,Internet service: Fiber optic,Tenure: 18 months
6668-CNMFP,0.335,89.35,4.61,send offer,Internet service: Fiber optic,Tenure: 19 months
7964-VEXDG,0.372,80.35,4.58,send offer,Internet service: Fiber optic,Contract type: Month-to-month
3511-APPBJ,0.299,99.95,4.57,send offer,Internet service: Fiber optic,Tenure: 23 months
2806-MLNTI,0.284,105.1,4.56,send offer,Internet service: Fiber optic,Streaming movies: Yes
5909-ECHUI,0.531,56.25,4.55,send offer,Tenure: 1 months,Contract type: Month-to-month
4471-KXAUH,0.354,84.3,4.49,send offer,Internet service: Fiber optic,Contract type: Month-to-month
6778-YSNIH,0.506,59.0,4.43,send offer,Tenure: 2 months,Contract type: Month-to-month
2360-RDGRO,0.286,104.25,4.41,send offer,Internet service: Fiber optic,Contract type: Month-to-month
9584-EXCDZ,0.423,70.5,4.37,send offer,Tenure: 17 months,Internet service: Fiber optic
5356-CSVSQ,0.461,64.6,4.35,send offer,Tenure: 3 months,Contract type: Month-to-month
3669-LVWZB,0.584,51.0,4.34,send offer,Tenure: 5 months,Contract type: Month-to-month
8033-VCZGH,0.286,103.95,4.32,send offer,Internet service: Fiber optic,Payment method: Electronic check
2495-INZWQ,0.666,44.55,4.11,send offer,Tenure: 4 months,Contract type: Month-to-month
7176-WIONM,0.595,49.85,4.07,send offer,Tenure: 12 months,Contract type: Month-to-month
3058-HJCUY,0.289,102.6,4.06,send offer,Internet service: Fiber optic,Payment method: Electronic check
3583-KRKMD,0.39,75.9,3.95,send offer,Internet service: Fiber optic,Tenure: 18 months
7627-JKIAZ,0.374,78.95,3.83,send offer,Internet service: Fiber optic,Contract type: Month-to-month
6202-DYYFX,0.389,76.0,3.82,send offer,Internet service: Fiber optic,Tenure: 22 months
6985-HAYWX,0.372,79.3,3.67,send offer,Internet service: Fiber optic,Contract type: Month-to-month
6994-KERXL,0.527,55.9,3.61,send offer,Tenure: 4 months,Contract type: Month-to-month
0533-BNWKF,0.344,85.45,3.58,send offer,Internet service: Fiber optic,Contract type: Month-to-month
3207-OYBWH,0.309,95.25,3.49,send offer,Internet service: Fiber optic,Contract type: Month-to-month
4097-YODCF,0.283,103.8,3.48,send offer,Internet service: Fiber optic,Payment method: Electronic check
2272-UOINI,0.374,78.5,3.45,send offer,Tenure: 7 months,Contract type: Month-to-month
3780-YVMFA,0.428,68.55,3.41,send offer,Tenure: 8 months,Contract type: Month-to-month
7284-BUYEC,0.575,50.95,3.31,send offer,Tenure: 5 months,Contract type: Month-to-month
8496-EJAUI,0.397,73.85,3.27,send offer,Internet service: Fiber optic,Contract type: Month-to-month
2684-EIWEO,0.319,91.7,3.22,send offer,Internet service: Fiber optic,Contract type: Month-to-month
3733-LSYCE,0.388,75.35,3.21,send offer,Tenure: 15 months,Internet service: Fiber optic
5916-QEWPT,0.424,69.0,3.16,send offer,Tenure: 2 months,Contract type: Month-to-month
7929-DMBCV,0.361,81.0,3.14,send offer,Internet service: Fiber optic,Contract type: Month-to-month
5934-TSSAU,0.388,75.3,3.13,send offer,Internet service: Fiber optic,Contract type: Month-to-month
0988-JRWWP,0.539,54.2,3.1,send offer,Tenure: 3 months,Contract type: Month-to-month
7568-PODML,0.645,45.3,3.07,send offer,Tenure: 1 months,Contract type: Month-to-month
2455-USLMV,0.344,84.75,3.03,send offer,Internet service: Fiber optic,Contract type: Month-to-month
5543-QDCRY,0.517,56.4,2.99,send offer,Tenure: 4 months,Contract type: Month-to-month
8749-JMNKX,0.311,93.8,2.96,send offer,Internet service: Fiber optic,Contract type: Month-to-month
5502-RLUYV,0.279,103.95,2.75,send offer,Internet service: Fiber optic,Contract type: Month-to-month
6891-JPYFF,0.276,105.25,2.71,send offer,Internet service: Fiber optic,Contract type: Month-to-month
8903-XEBGX,0.525,55.3,2.67,send offer,Tenure: 2 months,Contract type: Month-to-month
2669-OIDSD,0.29,100.05,2.67,send offer,Internet service: Fiber optic,Contract type: Month-to-month
2931-SVLTV,0.263,110.1,2.65,send offer,Internet service: Fiber optic,Contract type: Month-to-month
4724-WXVWF,0.304,95.4,2.63,send offer,Internet service: Fiber optic,Contract type: Month-to-month
0674-EYYZV,0.53,54.65,2.62,send offer,Tenure: 1 months,Contract type: Month-to-month
4989-LIXVT,0.302,95.9,2.62,send offer,Internet service: Fiber optic,Contract type: Month-to-month
6702-OHFWR,0.669,43.3,2.55,send offer,Tenure: 1 months,Contract type: Month-to-month
2884-GBPFB,0.411,70.3,2.45,send offer,Internet service: Fiber optic,Contract type: Month-to-month
6599-SFQVE,0.525,55.0,2.39,send offer,Tenure: 6 months,Contract type: Month-to-month
3995-WFCSM,0.475,60.85,2.39,send offer,Tenure: 2 months,Contract type: Month-to-month
0248-IPDFW,0.576,50.1,2.36,send offer,Tenure: 1 months,Contract type: Month-to-month
0348-SDKOL,0.283,102.1,2.34,send offer,Internet service: Fiber optic,Contract type: Month-to-month
6967-QIQRV,0.283,101.9,2.31,send offer,Tenure: 15 months,Internet service: Fiber optic
7000-WCEVQ,0.468,61.6,2.29,send offer,Contract type: Month-to-month,Tenure: 20 months
8779-QRDMV,0.727,39.65,2.26,send offer,Tenure: 1 months,Contract type: Month-to-month
7273-TEFQD,0.7,41.15,2.2,send offer,Tenure: 3 months,Contract type: Month-to-month
2582-FFFZR,0.569,50.6,2.17,send offer,Contract type: Month-to-month,Tenure: 22 months
3018-TFTSU,0.352,81.7,2.14,send offer,Tenure: 12 months,Internet service: Fiber optic
5501-TVMGM,0.519,55.25,1.99,send offer,Tenure: 1 months,Contract type: Month-to-month
0257-ZESQC,0.382,75.2,1.99,send offer,Internet service: Fiber optic,Contract type: Month-to-month
7798-JVXYM,0.412,69.65,1.94,send offer,Tenure: 14 months,Contract type: Month-to-month
3567-PQTSO,0.272,105.25,1.92,send offer,Internet service: Fiber optic,Payment method: Electronic check
8552-OBVRU,0.274,104.5,1.86,send offer,Internet service: Fiber optic,Contract type: Month-to-month
6908-VVYHM,0.315,90.65,1.75,send offer,Internet service: Fiber optic,Contract type: Month-to-month
7511-YMXVQ,0.629,45.4,1.71,send offer,Tenure: 9 months,Contract type: Month-to-month
9774-NRNAU,0.337,84.8,1.69,send offer,Contract type: Month-to-month,Streaming movies: Yes
7767-UXAGJ,0.566,50.45,1.69,send offer,Tenure: 1 months,Contract type: Month-to-month
1373-ORVIZ,0.43,66.35,1.68,send offer,Tenure: 11 months,Contract type: Month-to-month
1396-QWFBJ,0.386,74.05,1.67,send offer,Internet service: Fiber optic,Contract type: Month-to-month
2927-QRRQV,0.302,94.65,1.64,send offer,Internet service: Fiber optic,Payment method: Electronic check
7537-CBQUZ,0.26,109.4,1.49,send offer,Internet service: Fiber optic,Contract type: Month-to-month
7596-LDUXP,0.334,85.15,1.44,send offer,Tenure: 12 months,Internet service: Fiber optic
3208-YPIOE,0.378,75.25,1.44,send offer,Internet service: Fiber optic,Contract type: Month-to-month
8761-NSOBC,0.282,100.55,1.35,send offer,Internet service: Fiber optic,Contract type: Month-to-month
2740-TVLFN,0.565,50.15,1.24,send offer,Tenure: 1 months,Contract type: Month-to-month
7615-ESMYF,0.636,44.6,1.23,send offer,Tenure: 2 months,Contract type: Month-to-month
0924-BJCRC,0.316,89.45,1.09,send offer,Internet service: Fiber optic,Contract type: Month-to-month
0406-BPDVR,0.278,101.5,1.02,send offer,Internet service: Fiber optic,Streaming movies: Yes
3838-OZURD,0.268,105.0,0.89,send offer,Internet service: Fiber optic,Contract type: Month-to-month
1230-QAJDW,0.431,65.25,0.78,send offer,Tenure: 3 months,Contract type: Month-to-month
2378-HTWFW,0.309,91.0,0.78,send offer,Internet service: Fiber optic,Contract type: Month-to-month
0431-APWVY,0.312,90.1,0.74,send offer,Internet service: Fiber optic,Streaming movies: Yes
3415-TAILE,0.427,65.7,0.62,send offer,Tenure: 2 months,Contract type: Month-to-month
9170-CCKOU,0.311,90.2,0.61,send offer,Tenure: 17 months,Internet service: Fiber optic
7248-VZQLC,0.329,85.2,0.61,send offer,Internet service: Fiber optic,Contract type: Month-to-month
6048-QBXKL,0.496,56.55,0.56,send offer,Tenure: 2 months,Contract type: Month-to-month
2615-YVMYX,0.261,107.5,0.53,send offer,Internet service: Fiber optic,Contract type: Month-to-month
2479-BRAMR,0.334,83.75,0.49,send offer,Internet service: Fiber optic,Contract type: Month-to-month
6646-QVXLR,0.27,103.75,0.49,send offer,Internet service: Fiber optic,Payment method: Electronic check
8404-FYDIB,0.322,86.65,0.33,send offer,Internet service: Fiber optic,Contract type: Month-to-month
8623-ULFNQ,0.423,66.05,0.32,send offer,Contract type: Month-to-month,Payment method: Electronic check
3143-ILDAL,0.295,94.45,0.24,send offer,Internet service: Fiber optic,Contract type: Month-to-month
1169-WCVAK,0.314,88.8,0.21,send offer,Internet service: Fiber optic,Contract type: Month-to-month
3707-LRWZD,0.332,84.05,0.2,send offer,Internet service: Fiber optic,Payment method: Electronic check
3137-LUPIX,0.433,64.4,0.19,send offer,Tenure: 4 months,Contract type: Month-to-month
0260-ZDLGK,0.382,72.9,0.18,send offer,Tenure: 9 months,Contract type: Month-to-month
6199-IWKGC,0.278,100.25,0.16,send offer,Internet service: Fiber optic,Payment method: Electronic check
8623-TMRBY,0.33,84.2,0.03,send offer,Internet service: Fiber optic,Contract type: Month-to-month
9003-CPATH,0.348,79.9,0.03,send offer,Internet service: Fiber optic,Contract type: Month-to-month
1550-LOAHA,0.33,84.15,-0.01,no offer,Internet service: Fiber optic,Contract type: Month-to-month
3657-COGMW,0.257,108.1,-0.03,no offer,Internet service: Fiber optic,Contract type: Month-to-month
9356-AXGMP,0.25,110.7,-0.24,no offer,Internet service: Fiber optic,Payment method: Electronic check
6647-ZEDXT,0.25,110.45,-0.27,no offer,Internet service: Fiber optic,Streaming movies: Yes
1689-MRZQR,0.353,78.3,-0.29,no offer,Internet service: Fiber optic,Contract type: Month-to-month
9522-BNTHX,0.491,56.25,-0.32,no offer,Contract type: Month-to-month,Payment method: Electronic check
4983-CLMLV,0.269,102.7,-0.34,no offer,Internet service: Fiber optic,Contract type: Month-to-month
4860-IJUDE,0.374,73.75,-0.35,no offer,Tenure: 13 months,Internet service: Fiber optic
6986-IJDHX,0.32,86.3,-0.38,no offer,Internet service: Fiber optic,Contract type: Month-to-month
9819-FBNSV,0.382,72.25,-0.38,no offer,Internet service: Fiber optic,Contract type: Month-to-month
5136-KCKGI,0.265,103.7,-0.56,no offer,Internet service: Fiber optic,Streaming movies: Yes
7504-UWHNB,0.394,69.75,-0.62,no offer,Internet service: Fiber optic,Contract type: Month-to-month
8313-KTIHG,0.448,61.3,-0.62,no offer,Tenure: 4 months,Contract type: Month-to-month
0237-YFUTL,0.251,109.65,-0.63,no offer,Internet service: Fiber optic,Contract type: Month-to-month
3014-WJKSM,0.365,75.3,-0.71,no offer,Internet service: Fiber optic,Contract type: Month-to-month
3571-RFHAR,0.251,109.15,-0.71,no offer,Internet service: Fiber optic,Contract type: Month-to-month
7047-FWEYA,0.266,103.15,-0.73,no offer,Internet service: Fiber optic,Payment method: Electronic check
0106-GHRQR,0.384,71.4,-0.77,no offer,Tenure: 16 months,Contract type: Month-to-month
4238-HFHSN,0.332,82.15,-1.0,no offer,Internet service: Fiber optic,Contract type: Month-to-month
6227-HWPWX,0.396,69.0,-1.02,no offer,Tenure: 15 months,Internet service: Fiber optic
4581-LNWUM,0.555,49.15,-1.09,no offer,Tenure: 13 months,Contract type: Month-to-month
5924-IFQTT,0.374,72.8,-1.11,no offer,Tenure: 13 months,Contract type: Month-to-month
2931-FSOHN,0.454,59.9,-1.21,no offer,Tenure: 13 months,Contract type: Month-to-month
6664-FPDAC,0.243,111.95,-1.22,no offer,Internet service: Fiber optic,Payment method: Electronic check
0691-NIKRI,0.257,105.95,-1.26,no offer,Internet service: Fiber optic,Streaming movies: Yes
6987-XQSJT,0.342,79.5,-1.32,no offer,Internet service: Fiber optic,Contract type: Month-to-month
5339-TJFEK,0.257,105.5,-1.34,no offer,Internet service: Fiber optic,Contract type: Month-to-month
0822-QGCXA,0.323,83.85,-1.45,no offer,Contract type: Month-to-month,Payment method: Electronic check
0531-ZZJWQ,0.366,74.0,-1.48,no offer,Internet service: Fiber optic,Contract type: Month-to-month
8294-UIMBA,0.287,94.4,-1.51,no offer,Internet service: Fiber optic,Streaming movies: Yes
7470-MCQTK,0.555,48.75,-1.57,no offer,Tenure: 13 months,Contract type: Month-to-month
5839-SUYVZ,0.363,74.55,-1.58,no offer,Tenure: 16 months,Internet service: Fiber optic
6578-KRMAW,0.289,93.4,-1.63,no offer,Internet service: Fiber optic,Contract type: Month-to-month
3194-ORPIK,0.32,84.4,-1.7,no offer,Internet service: Fiber optic,Contract type: Month-to-month
6581-NQCBA,0.54,49.95,-1.73,no offer,Tenure: 16 months,Contract type: Month-to-month
4720-VSTSI,0.318,84.8,-1.75,no offer,Internet service: Fiber optic,Contract type: Month-to-month
1842-EZJMK,0.26,103.7,-1.79,no offer,Internet service: Fiber optic,Contract type: Month-to-month
6353-BRMMA,0.258,104.1,-1.91,no offer,Internet service: Fiber optic,Contract type: Month-to-month
6439-GTPCA,0.307,87.25,-2.18,no offer,Internet service: Fiber optic,Contract type: Month-to-month
4143-HHPMK,0.313,85.35,-2.21,no offer,Internet service: Fiber optic,Contract type: Month-to-month
0749-IRGQE,0.59,45.3,-2.27,no offer,Tenure: 13 months,Contract type: Month-to-month
9052-VKDUW,0.244,109.4,-2.29,no offer,Internet service: Fiber optic,Contract type: Month-to-month
3509-GWQGF,0.381,70.0,-2.38,no offer,Internet service: Fiber optic,Contract type: Month-to-month
7245-JMTTQ,0.239,111.5,-2.4,no offer,Internet service: Fiber optic,Payment method: Electronic check
7404-JLKQG,0.463,57.55,-2.42,no offer,Tenure: 3 months,Contract type: Month-to-month
1480-IVEVR,0.327,81.6,-2.45,no offer,Internet service: Fiber optic,Senior citizen
9734-UYXQI,0.539,49.4,-2.48,no offer,Tenure: 2 months,Contract type: Month-to-month
0520-FDVVT,0.26,102.35,-2.55,no offer,Internet service: Fiber optic,Streaming movies: Yes
7895-VONWT,0.55,48.25,-2.73,no offer,Contract type: Month-to-month,Tenure: 25 months
1025-FALIX,0.384,69.05,-2.79,no offer,Internet service: Fiber optic,Contract type: Month-to-month
8725-JEDFD,0.383,69.05,-2.81,no offer,Internet service: Fiber optic,Contract type: Month-to-month
5018-GWURO,0.309,85.6,-2.84,no offer,Internet service: Fiber optic,Contract type: Month-to-month
9681-KYGYB,0.3,88.2,-2.85,no offer,Internet service: Fiber optic,Contract type: Month-to-month
0929-PECLO,0.295,89.6,-2.89,no offer,Internet service: Fiber optic,Contract type: Month-to-month
9842-EFSYY,0.462,57.2,-2.95,no offer,Tenure: 4 months,Contract type: Month-to-month
2386-OWURY,0.277,95.3,-2.96,no offer,Internet service: Fiber optic,Contract type: Month-to-month
2858-EIMXH,0.275,95.85,-2.99,no offer,Internet service: Fiber optic,Streaming movies: Yes
1658-XUHBX,0.297,88.75,-2.99,no offer,Internet service: Fiber optic,Contract type: Month-to-month
1370-GGAWX,0.28,94.15,-2.99,no offer,Internet service: Fiber optic,Payment method: Electronic check
3518-PZXZQ,0.477,55.3,-2.99,no offer,Tenure: 1 months,Contract type: Month-to-month
0178-SZBHO,0.302,87.2,-3.1,no offer,Internet service: Fiber optic,Contract type: Month-to-month
9825-YCXWZ,0.26,101.1,-3.28,no offer,Internet service: Fiber optic,Streaming movies: Yes
5060-TQUQN,0.314,83.55,-3.31,no offer,Internet service: Fiber optic,Contract type: Month-to-month
4010-YLMVT,0.246,106.6,-3.39,no offer,Internet service: Fiber optic,Contract type: Month-to-month
2632-UCGVD,0.262,100.05,-3.41,no offer,Internet service: Fiber optic,Contract type: Month-to-month
0212-ISBBF,0.52,50.35,-3.41,no offer,Contract type: Month-to-month,Tenure: 22 months
5371-VYLSX,0.314,83.4,-3.45,no offer,Internet service: Fiber optic,Contract type: Month-to-month
9776-CLUJA,0.338,77.5,-3.45,no offer,Internet service: Fiber optic,Contract type: Month-to-month
3776-EKTKM,0.717,36.45,-3.52,no offer,Tenure: 1 months,Contract type: Month-to-month
6429-SHBCB,0.376,69.6,-3.53,no offer,Contract type: Month-to-month,Tenure: 19 months
4831-EOBFE,0.276,94.65,-3.59,no offer,Internet service: Fiber optic,Contract type: Month-to-month
6402-EJMWF,0.472,55.3,-3.67,no offer,Tenure: 4 months,Contract type: Month-to-month
4067-HLYQI,0.37,70.4,-3.69,no offer,Internet service: Fiber optic,Contract type: Month-to-month
4226-KKDON,0.391,66.65,-3.69,no offer,Tenure: 8 months,Contract type: Month-to-month
2480-EJWYP,0.266,97.8,-3.74,no offer,Internet service: Fiber optic,Streaming movies: Yes
1930-WNXSB,0.28,92.85,-3.88,no offer,Internet service: Fiber optic,Contract type: Month-to-month
6689-VRRTK,0.237,109.8,-3.9,no offer,Internet service: Fiber optic,Streaming movies: Yes
5686-CMAWK,0.299,86.75,-3.9,no offer,Tenure: 17 months,Internet service: Fiber optic
7850-VWJUU,0.346,75.0,-3.98,no offer,Internet service: Fiber optic,Contract type: Month-to-month
0585-EGDDA,0.324,80.0,-4.0,no offer,Internet service: Fiber optic,Contract type: Month-to-month
3923-CSIHK,0.364,71.05,-4.09,no offer,Internet service: Fiber optic,Contract type: Month-to-month
8065-BVEPF,0.261,99.1,-4.1,no offer,Internet service: Fiber optic,Contract type: Month-to-month
2731-GJRDG,0.236,109.55,-4.21,no offer,Internet service: Fiber optic,Streaming movies: Yes
4662-EKDPQ,0.416,62.05,-4.22,no offer,Tenure: 2 months,Contract type: Month-to-month
2157-MXBJS,0.343,75.3,-4.24,no offer,Tenure: 13 months,Streaming movies: Yes
0486-HECZI,0.267,96.75,-4.29,no offer,Internet service: Fiber optic,Contract type: Month-to-month
9776-OJUZI,0.27,95.45,-4.29,no offer,Internet service: Fiber optic,Contract type: Month-to-month
1024-KPRBB,0.289,89.1,-4.31,no offer,Internet service: Fiber optic,Streaming movies: Yes
2189-UXTKY,0.325,79.2,-4.33,no offer,Contract type: Month-to-month,Tenure: 22 months
4183-WCSEP,0.328,78.45,-4.35,no offer,Internet service: Fiber optic,Contract type: Month-to-month
2782-LFZVW,0.436,58.95,-4.45,no offer,Tenure: 11 months,Contract type: Month-to-month
7426-GSWPO,0.248,103.5,-4.55,no offer,Internet service: Fiber optic,Contract type: Month-to-month
9445-ZUEQE,0.301,85.2,-4.6,no offer,Internet service: Fiber optic,Contract type: Month-to-month
9323-HGFWY,0.252,101.9,-4.63,no offer,Internet service: Fiber optic,Streaming movies: Yes
0601-WZHJF,0.552,46.35,-4.72,no offer,Tenure: 14 months,Contract type: Month-to-month
9112-WSNPU,0.363,70.55,-4.73,no offer,Internet service: Fiber optic,Contract type: Month-to-month
9360-AHGNL,0.233,109.55,-4.85,no offer,Internet service: Fiber optic,Streaming movies: Yes
7661-CPURM,0.291,87.7,-4.86,no offer,Internet service: Fiber optic,Tenure: 19 months
9210-IAHGH,0.36,70.75,-4.96,no offer,Tenure: 7 months,Contract type: Month-to-month
3814-MLAXC,0.319,79.85,-4.97,no offer,Internet service: Fiber optic,Contract type: Month-to-month
5201-USSQZ,0.296,85.9,-5.02,no offer,Internet service: Fiber optic,Contract type: Month-to-month
4468-KAZHE,0.424,60.0,-5.03,no offer,Contract type: Month-to-month,Tenure: 20 months
1587-FKLZB,0.255,99.5,-5.12,no offer,Internet service: Fiber optic,Contract type: Month-to-month
6821-JPCDC,0.262,97.05,-5.12,no offer,Internet service: Fiber optic,Payment method: Electronic check
4462-CYWMH,0.283,89.8,-5.14,no offer,Internet service: Fiber optic,Contract type: Month-to-month
4080-IIARD,0.333,76.2,-5.15,no offer,Tenure: 13 months,Contract type: Month-to-month
4567-AKPIA,0.233,109.1,-5.16,no offer,Internet service: Fiber optic,Streaming movies: Yes
2386-LAHRK,0.474,53.5,-5.19,no offer,Tenure: 1 months,Contract type: Month-to-month
3062-ICYZQ,0.27,93.8,-5.3,no offer,Internet service: Fiber optic,Contract type: Month-to-month
9688-YGXVR,0.287,88.15,-5.31,no offer,Internet service: Fiber optic,Contract type: Month-to-month
5568-DMXZS,0.387,65.45,-5.31,no offer,Tenure: 8 months,Contract type: Month-to-month
3842-QTGDL,0.314,80.75,-5.31,no offer,Tenure: 16 months,Internet service: Fiber optic
7133-VBDCG,0.317,79.85,-5.36,no offer,Internet service: Fiber optic,Contract type: Month-to-month
5370-IIVVL,0.242,104.5,-5.36,no offer,Internet service: Fiber optic,Streaming movies: Yes
0867-LDTTC,0.336,75.15,-5.42,no offer,Tenure: 5 months,Contract type: Month-to-month
7067-KSAZT,0.238,106.25,-5.45,no offer,Internet service: Fiber optic,Payment method: Electronic check
4612-THJBS,0.241,104.75,-5.56,no offer,Internet service: Fiber optic,Streaming movies: Yes
6538-POCHL,0.319,79.0,-5.57,no offer,Internet service: Fiber optic,Contract type: Month-to-month
2626-URJFX,0.495,50.9,-5.59,no offer,Tenure: 4 months,Contract type: Month-to-month
2519-ERQOJ,0.461,54.6,-5.59,no offer,Contract type: Month-to-month,Payment method: Electronic check
1217-VASWC,0.25,100.55,-5.63,no offer,Internet service: Fiber optic,Streaming movies: Yes
1047-NNCBF,0.356,70.55,-5.77,no offer,Internet service: Fiber optic,Contract type: Month-to-month
0060-FUALY,0.265,94.75,-5.78,no offer,Internet service: Fiber optic,Contract type: Month-to-month
4680-KUTAJ,0.451,55.6,-5.79,no offer,Tenure: 11 months,Contract type: Month-to-month
3688-FTHLT,0.398,63.05,-5.81,no offer,Tenure: 16 months,Contract type: Month-to-month
2267-FPIMA,0.266,94.4,-5.85,no offer,Internet service: Fiber optic,Contract type: Month-to-month
6243-OZGFH,0.557,44.95,-5.9,no offer,Contract type: Month-to-month,Tenure: 23 months
0129-KPTWJ,0.264,94.65,-5.93,no offer,Internet service: Fiber optic,Contract type: Month-to-month
1907-YLNYW,0.375,66.7,-5.94,no offer,Tenure: 8 months,Contract type: Month-to-month
0596-BQCEQ,0.25,100.15,-5.94,no offer,Internet service: Fiber optic,Contract type: Month-to-month
4307-KTUMW,0.267,93.9,-5.94,no offer,Internet service: Fiber optic,Contract type: Month-to-month
4016-BJKTZ,0.23,108.9,-5.98,no offer,Internet service: Fiber optic,Tenure: 25 months
0191-ZHSKZ,0.334,74.75,-6.01,no offer,Contract type: Month-to-month,Payment method: Electronic check
6897-UUBNU,0.278,89.65,-6.11,no offer,Internet service: Fiber optic,Contract type: Month-to-month
2924-KHUVI,0.248,100.55,-6.13,no offer,Internet service: Fiber optic,Payment method: Electronic check
1891-FZYSA,0.277,89.95,-6.15,no offer,Internet service: Fiber optic,Contract type: Month-to-month
6172-FECYY,0.294,84.5,-6.26,no offer,Internet service: Fiber optic,Contract type: Month-to-month
7693-QPEFS,0.341,72.95,-6.33,no offer,Internet service: Fiber optic,Contract type: Month-to-month
3503-TYDAY,0.309,80.45,-6.39,no offer,Internet service: Fiber optic,Contract type: Month-to-month
9544-PYPSJ,0.258,96.1,-6.39,no offer,Internet service: Fiber optic,Contract type: Month-to-month
9254-RBFON,0.252,98.6,-6.42,no offer,Tenure: 17 months,Internet service: Fiber optic
2474-LCNUE,0.337,73.65,-6.42,no offer,Contract type: Month-to-month,Tenure: 23 months
6288-LBEAR,0.313,79.1,-6.44,no offer,Internet service: Fiber optic,Contract type: Month-to-month
7129-ACFOG,0.461,53.8,-6.44,no offer,Tenure: 5 months,Contract type: Month-to-month
8445-DNBAE,0.495,50.05,-6.46,no offer,Tenure: 1 months,Contract type: Month-to-month
5536-SLHPM,0.319,77.75,-6.51,no offer,Internet service: Fiber optic,Contract type: Month-to-month
8267-ZNYVZ,0.239,103.75,-6.52,no offer,Internet service: Fiber optic,Payment method: Electronic check
7916-VCCPB,0.338,73.25,-6.53,no offer,Tenure: 16 months,Internet service: Fiber optic
1784-EZDKJ,0.232,106.8,-6.58,no offer,Internet service: Fiber optic,Streaming movies: Yes
7112-OPOTK,0.362,68.25,-6.66,no offer,Internet service: Fiber optic,Contract type: Month-to-month
7271-AJDTL,0.261,94.45,-6.67,no offer,Internet service: Fiber optic,Contract type: Month-to-month
3891-PUQOD,0.417,59.2,-6.74,no offer,Tenure: 1 months,Contract type: Month-to-month
0899-WZRSD,0.234,105.35,-6.75,no offer,Internet service: Fiber optic,Contract type: Month-to-month
9474-PHLYD,0.415,59.45,-6.76,no offer,Tenure: 15 months,Contract type: Month-to-month
2929-QNSRW,0.251,98.25,-6.77,no offer,Internet service: Fiber optic,Payment method: Electronic check
0979-PHULV,0.248,99.45,-6.77,no offer,Internet service: Fiber optic,Contract type: Month-to-month
6218-KNUBD,0.415,59.45,-6.77,no offer,Tenure: 6 months,Contract type: Month-to-month
1849-RJYIG,0.41,60.0,-6.81,no offer,Tenure: 8 months,Contract type: Month-to-month
1656-DRSMG,0.224,109.85,-6.85,no offer,Internet service: Fiber optic,Contract type: Month-to-month
6629-CZTTH,0.441,55.7,-6.9,no offer,Tenure: 1 months,Contract type: Month-to-month
4929-BSTRX,0.458,53.55,-6.98,no offer,Tenure: 1 months,Contract type: Month-to-month
2886-KEFUM,0.228,107.5,-7.06,no offer,Internet service: Fiber optic,Payment method: Electronic check
0603-OLQDC,0.351,69.85,-7.09,no offer,Tenure: 12 months,Contract type: Month-to-month
4074-SJFFA,0.447,54.75,-7.1,no offer,Tenure: 1 months,Contract type: Month-to-month
5274-XHAKY,0.26,94.3,-7.1,no offer,Internet service: Fiber optic,Contract type: Month-to-month
2842-BCQGE,0.325,75.35,-7.12,no offer,Internet service: Fiber optic,Contract type: Month-to-month
4351-QLCSU,0.445,55.0,-7.13,no offer,Tenure: 1 months,Contract type: Month-to-month
5076-YVXCM,0.293,83.4,-7.15,no offer,Internet service: Fiber optic,Contract type: Month-to-month
8651-ENBZX,0.231,106.0,-7.19,no offer,Internet service: Fiber optic,Payment method: Electronic check
4191-XOVOM,0.232,105.4,-7.2,no offer,Internet service: Fiber optic,Contract type: Month-to-month
3858-XHYJO,0.231,105.75,-7.23,no offer,Internet service: Fiber optic,Streaming movies: Yes
0541-FITGH,0.393,62.15,-7.24,no offer,Tenure: 2 months,Contract type: Month-to-month
7673-LPRNY,0.311,78.55,-7.25,no offer,Tenure: 23 months,Payment method: Electronic check
5575-TPIZQ,0.274,89.15,-7.31,no offer,Internet service: Fiber optic,Contract type: Month-to-month
0224-RLWWD,0.55,44.3,-7.35,no offer,Tenure: 2 months,Contract type: Month-to-month
8812-ZRHFP,0.282,86.45,-7.36,no offer,Internet service: Fiber optic,Payment method: Electronic check
1465-LNTLJ,0.378,64.4,-7.43,no offer,Tenure: 8 months,Contract type: Month-to-month
3717-LNXKW,0.265,91.7,-7.52,no offer,Internet service: Fiber optic,Contract type: Month-to-month
1260-TTRXI,0.447,54.3,-7.54,no offer,Tenure: 4 months,Contract type: Month-to-month
6173-ITPWD,0.291,83.35,-7.63,no offer,Internet service: Fiber optic,Contract type: Month-to-month
0841-NULXI,0.682,35.55,-7.66,no offer,Tenure: 1 months,Contract type: Month-to-month
5172-MIGPM,0.37,65.55,-7.66,no offer,Tenure: 4 months,Contract type: Month-to-month
6641-XRPSU,0.346,70.0,-7.7,no offer,Internet service: Fiber optic,Contract type: Month-to-month
5002-GCQFH,0.258,93.85,-7.76,no offer,Internet service: Fiber optic,Contract type: Month-to-month
6128-AQBMT,0.448,53.95,-7.77,no offer,Contract type: Month-to-month,Payment method: Electronic check
4349-GFQHK,0.445,54.35,-7.78,no offer,Tenure: 1 months,Contract type: Month-to-month
4488-KQFDT,0.232,103.95,-7.91,no offer,Internet service: Fiber optic,Payment method: Electronic check
4749-VFKVB,0.48,50.1,-8.03,no offer,Tenure: 1 months,Contract type: Month-to-month
2100-BDNSN,0.353,67.95,-8.13,no offer,Tenure: 5 months,Contract type: Month-to-month
4554-YGZIH,0.267,90.05,-8.13,no offer,Internet service: Fiber optic,Contract type: Month-to-month
2208-NQBCT,0.293,81.95,-8.16,no offer,Internet service: Fiber optic,Contract type: Month-to-month
2674-MLXMN,0.241,99.65,-8.18,no offer,Internet service: Fiber optic,Contract type: Month-to-month
0734-OXWBT,0.339,70.7,-8.2,no offer,Tenure: 3 months,Contract type: Month-to-month
2279-AXJJK,0.25,95.65,-8.32,no offer,Internet service: Fiber optic,Contract type: Month-to-month
4201-JMNGR,0.428,55.8,-8.38,no offer,Tenure: 1 months,Contract type: Month-to-month
2475-MROZF,0.251,95.0,-8.5,no offer,Internet service: Fiber optic,Contract type: Month-to-month
6599-GZWCM,0.319,74.65,-8.54,no offer,Tenure: 13 months,Internet service: Fiber optic
6135-OZQVA,0.444,53.65,-8.55,no offer,Tenure: 7 months,Contract type: Month-to-month
0277-BKSQP,0.438,54.4,-8.56,no offer,Tenure: 8 months,Contract type: Month-to-month
0463-ZSDNT,0.419,56.75,-8.59,no offer,Tenure: 10 months,Contract type: Month-to-month
2761-XECQW,0.549,43.35,-8.6,no offer,Tenure: 8 months,Contract type: Month-to-month
6614-VBEGU,0.342,69.45,-8.63,no offer,Contract type: Month-to-month,Tenure: 24 months
9578-VRMNM,0.364,65.2,-8.69,no offer,Tenure: 16 months,Contract type: Month-to-month
6608-QQLVK,0.47,50.5,-8.78,no offer,Tenure: 1 months,Contract type: Month-to-month
5336-UFNZP,0.221,107.45,-8.78,no offer,Internet service: Fiber optic,Payment method: Electronic check
0643-OKLRP,0.295,80.35,-8.8,no offer,Internet service: Fiber optic,Contract type: Month-to-month
3946-JEWRQ,0.249,95.2,-8.82,no offer,Internet service: Fiber optic,Streaming movies: Yes
4080-OGPJL,0.333,71.15,-8.84,no offer,Tenure: 8 months,Contract type: Month-to-month
2985-JUUBZ,0.318,74.55,-8.84,no offer,Contract type: Month-to-month,Payment method: Electronic check
5378-IKEEG,0.662,35.75,-8.85,no offer,Tenure: 1 months,Contract type: Month-to-month
3754-DXMRT,0.536,44.15,-8.87,no offer,Tenure: 2 months,Contract type: Month-to-month
4250-WAROZ,0.254,93.25,-8.87,no offer,Internet service: Fiber optic,Contract type: Month-to-month
0003-MKNFE,0.395,59.9,-8.89,no offer,Tenure: 9 months,Contract type: Month-to-month
5533-NHFRF,0.533,44.4,-8.91,no offer,Tenure: 7 months,Contract type: Month-to-month
4628-WQCQQ,0.278,85.15,-8.93,no offer,Internet service: Fiber optic,Payment method: Electronic check
8364-TRMMK,0.467,50.65,-8.93,no offer,Tenure: 3 months,Contract type: Month-to-month
5173-WXOQV,0.368,64.2,-9.0,no offer,Tenure: 2 months,Contract type: Month-to-month
1074-AMIOH,0.218,108.25,-9.05,no offer,Internet service: Fiber optic,Contract type: Month-to-month
1100-DDVRV,0.473,49.8,-9.09,no offer,Tenure: 17 months,Contract type: Month-to-month
2240-HSJQD,0.288,81.85,-9.13,no offer,Internet service: Fiber optic,Contract type: Month-to-month
5485-WUYWF,0.354,66.4,-9.2,no offer,Tenure: 2 months,Contract type: Month-to-month
3334-CTHOL,0.47,49.95,-9.25,no offer,Tenure: 1 months,Contract type: Month-to-month
1251-KRREG,0.432,54.4,-9.27,no offer,Tenure: 2 months,Contract type: Month-to-month
1215-FIGMP,0.261,89.9,-9.28,no offer,Internet service: Fiber optic,Contract type: Month-to-month
8096-LOIST,0.417,56.2,-9.34,no offer,Contract type: Month-to-month,Tenure: 19 months
3865-QBWSJ,0.291,80.45,-9.36,no offer,Internet service: Fiber optic,Contract type: Month-to-month
0471-ARVMX,0.224,104.85,-9.37,no offer,Internet service: Fiber optic,Payment method: Electronic check
2382-BCKQJ,0.234,100.15,-9.43,no offer,Internet service: Fiber optic,Payment method: Electronic check
9912-OMZDS,0.22,106.15,-9.45,no offer,Internet service: Fiber optic,Payment method: Electronic check
0100-DUVFC,0.223,104.8,-9.47,no offer,Internet service: Fiber optic,Payment method: Electronic check
6559-RAKOZ,0.238,97.95,-9.56,no offer,Internet service: Fiber optic,Payment method: Electronic check
1871-MOWRM,0.289,80.85,-9.57,no offer,Tenure: 12 months,Internet service: Fiber optic
7346-MEDWM,0.28,83.25,-9.61,no offer,Internet service: Fiber optic,Contract type: Month-to-month
2190-BCXEC,0.296,78.85,-9.67,no offer,Internet service: Fiber optic,Contract type: Month-to-month
6338-AVWCY,0.579,40.15,-9.75,no offer,Tenure: 3 months,Contract type: Month-to-month
8495-LJDFO,0.213,108.95,-9.76,no offer,Internet service: Fiber optic,Contract type: Month-to-month
2267-WTPYD,0.247,94.0,-9.78,no offer,Internet service: Fiber optic,Contract type: Month-to-month
1596-BBVTG,0.309,75.35,-9.78,no offer,Internet service: Fiber optic,Contract type: Month-to-month
0822-GAVAP,0.669,34.7,-9.85,no offer,Tenure: 2 months,Contract type: Month-to-month
0274-JKUJR,0.394,58.85,-9.87,no offer,Tenure: 7 months,Contract type: Month-to-month
6769-DYBQN,0.273,85.0,-9.88,no offer,Internet service: Fiber optic,Contract type: Month-to-month
9514-JDSKI,0.577,40.2,-9.89,no offer,Tenure: 1 months,Contract type: Month-to-month
2153-MREFK,0.234,99.2,-9.9,no offer,Internet service: Fiber optic,Payment method: Electronic check
6907-FLBER,0.427,54.3,-9.96,no offer,Tenure: 1 months,Contract type: Month-to-month
4393-RYCRE,0.218,106.05,-9.98,no offer,Internet service: Fiber optic,Payment method: Electronic check
8149-AIQCG,0.316,73.15,-10.01,no offer,Internet service: Fiber optic,Contract type: Month-to-month
3419-SNJJD,0.22,105.25,-10.04,no offer,Internet service: Fiber optic,Contract type: Month-to-month
2485-ITVKB,0.658,35.1,-10.1,no offer,Tenure: 2 months,Contract type: Month-to-month
1899-VXWXM,0.217,106.1,-10.32,no offer,Internet service: Fiber optic,Streaming movies: Yes
9206-GVPEQ,0.422,54.45,-10.36,no offer,Tenure: 13 months,Contract type: Month-to-month
6818-WOBHJ,0.256,89.6,-10.38,no offer,Internet service: Fiber optic,Contract type: Month-to-month
9833-TGFHX,0.237,97.1,-10.38,no offer,Internet service: Fiber optic,Payment method: Electronic check
8387-MOJJT,0.295,77.95,-10.38,no offer,Internet service: Fiber optic,Contract type: Month-to-month
1360-JYXKQ,0.232,99.1,-10.4,no offer,Internet service: Fiber optic,Payment method: Electronic check
5553-AOINX,0.219,104.9,-10.43,no offer,Internet service: Fiber optic,Payment method: Electronic check
7921-LMDFQ,0.244,94.0,-10.43,no offer,Internet service: Fiber optic,Streaming movies: Yes
8773-HHUOZ,0.354,64.7,-10.52,no offer,Tenure: 17 months,Contract type: Month-to-month
8108-UXRQN,0.453,50.55,-10.54,no offer,Tenure: 11 months,Contract type: Month-to-month
3748-FVMZZ,0.572,40.05,-10.56,no offer,Tenure: 4 months,Contract type: Month-to-month
7356-IWLFW,0.286,80.0,-10.6,no offer,Internet service: Fiber optic,Contract type: Month-to-month
8601-QACRS,0.451,50.6,-10.69,no offer,Tenure: 5 months,Contract type: Month-to-month
2101-RANCD,0.312,73.1,-10.7,no offer,Internet service: Fiber optic,Contract type: Month-to-month
0774-IFUVM,0.35,65.15,-10.74,no offer,Tenure: 11 months,Contract type: Month-to-month
0375-HVGXO,0.656,34.7,-10.81,no offer,Tenure: 1 months,Contract type: Month-to-month
0419-YAAPX,0.267,85.3,-10.86,no offer,Internet service: Fiber optic,Contract type: Month-to-month
3452-SRFEG,0.305,74.6,-10.88,no offer,Internet service: Fiber optic,Contract type: Month-to-month
5325-UWTWJ,0.251,90.55,-10.96,no offer,Internet service: Fiber optic,Contract type: Month-to-month
1061-PNTHC,0.207,109.6,-10.96,no offer,Internet service: Fiber optic,Contract type: Month-to-month
6815-ABQFQ,0.212,107.25,-11.0,no offer,Internet service: Fiber optic,Payment method: Electronic check
8868-GAGIO,0.268,84.55,-11.02,no offer,Internet service: Fiber optic,Contract type: Month-to-month
3756-VNWDH,0.225,100.75,-11.05,no offer,Internet service: Fiber optic,Payment method: Electronic check
7449-HVPIV,0.251,90.4,-11.05,no offer,Internet service: Fiber optic,Contract type: Month-to-month
3522-CDKHF,0.3,75.5,-11.07,no offer,Internet service: Fiber optic,Contract type: Month-to-month
1271-SJBGZ,0.518,43.65,-11.13,no offer,Tenure: 12 months,Contract type: Month-to-month
7890-VYYWG,0.621,36.45,-11.13,no offer,Tenure: 3 months,Contract type: Month-to-month
5949-HGVJL,0.309,73.05,-11.17,no offer,Contract type: Month-to-month,Payment method: Electronic check
9667-TKTVZ,0.415,54.35,-11.28,no offer,Tenure: 2 months,Contract type: Month-to-month
7339-POGZN,0.444,50.7,-11.39,no offer,Tenure: 4 months,Contract type: Month-to-month
6128-CZOMY,0.493,45.65,-11.4,no offer,Tenure: 1 months,Contract type: Month-to-month
0013-MHZWF,0.323,69.4,-11.52,no offer,Tenure: 9 months,Contract type: Month-to-month
7851-FLGGQ,0.503,44.65,-11.53,no offer,Tenure: 1 months,Contract type: Month-to-month
8755-IWJHN,0.235,95.35,-11.54,no offer,Internet service: Fiber optic,Contract type: Month-to-month
2623-DRYAM,0.22,101.75,-11.6,no offer,Internet service: Fiber optic,Payment method: Electronic check
0461-CVKMU,0.267,83.8,-11.6,no offer,Internet service: Fiber optic,Contract type: Month-to-month
4317-VTEOA,0.441,50.75,-11.62,no offer,Tenure: 1 months,Contract type: Month-to-month
7881-EVUAD,0.526,42.6,-11.63,no offer,Tenure: 2 months,Contract type: Month-to-month
6067-NGCEU,0.202,111.05,-11.65,no offer,Internet service: Fiber optic,Contract type: Month-to-month
5077-DXTCG,0.494,45.3,-11.65,no offer,Tenure: 1 months,Contract type: Month-to-month
2522-AHJXR,0.204,109.45,-11.69,no offer,Internet service: Fiber optic,Contract type: Month-to-month
3424-NMNBO,0.205,108.85,-11.71,no offer,Internet service: Fiber optic,Payment method: Electronic check
7905-TVXTA,0.347,64.35,-11.72,no offer,Tenure: 5 months,Contract type: Month-to-month
6253-WRFHY,0.345,64.75,-11.73,no offer,Tenure: 13 months,Payment method: Electronic check
7147-AYBAA,0.317,70.35,-11.79,no offer,Internet service: Fiber optic,Contract type: Month-to-month
2172-EJXVF,0.211,105.9,-11.83,no offer,Internet service: Fiber optic,Payment method: Electronic check
5973-EJGDP,0.255,87.35,-11.83,no offer,Internet service: Fiber optic,Contract type: Month-to-month
5424-RLQLC,0.374,59.65,-11.85,no offer,Tenure: 10 months,Contract type: Month-to-month
7124-UGSUR,0.213,104.4,-11.89,no offer,Internet service: Fiber optic,Streaming movies: Yes
1101-SSWAG,0.436,51.1,-11.9,no offer,Tenure: 15 months,Contract type: Month-to-month
3091-FYHKI,0.628,35.45,-11.92,no offer,Tenure: 1 months,Contract type: Month-to-month
5669-SRAIP,0.563,39.5,-11.93,no offer,Tenure: 5 months,Contract type: Month-to-month
1928-BXYIV,0.364,61.15,-11.97,no offer,Tenure: 1 months,Contract type: Month-to-month
2135-RXIHG,0.487,45.65,-11.97,no offer,Tenure: 1 months,Contract type: Month-to-month
6038-GCYEC,0.411,54.15,-11.97,no offer,Contract type: Month-to-month,Tenure: 24 months
1113-IUJYX,0.21,105.95,-12.0,no offer,Tenure: 14 months,Internet service: Fiber optic
7459-RRWQZ,0.343,64.65,-12.04,no offer,Tenure: 15 months,Contract type: Month-to-month
8614-VGMMV,0.452,49.1,-12.05,no offer,Tenure: 15 months,Contract type: Month-to-month
5898-IGSLP,0.249,89.3,-12.05,no offer,Internet service: Fiber optic,Contract type: Month-to-month
8257-RZAHR,0.343,64.7,-12.06,no offer,Tenure: 14 months,Contract type: Month-to-month
2232-DMLXU,0.402,55.2,-12.11,no offer,Tenure: 1 months,Contract type: Month-to-month
3466-WAESX,0.321,69.1,-12.12,no offer,Tenure: 16 months,Contract type: Month-to-month
0326-VDYXE,0.227,97.65,-12.15,no offer,Internet service: Fiber optic,Payment method: Electronic check
4678-DVQEO,0.424,52.2,-12.19,no offer,Tenure: 1 months,Contract type: Month-to-month
8878-HMWBV,0.45,49.15,-12.21,no offer,Tenure: 3 months,Contract type: Month-to-month
8910-LEDAG,0.309,71.55,-12.24,no offer,Internet service: Fiber optic,Contract type: Month-to-month
0067-DKWBL,0.449,49.25,-12.25,no offer,Tenure: 2 months,Contract type: Month-to-month
3164-AALRN,0.316,70.0,-12.27,no offer,Tenure: 5 months,Streaming movies: Yes
9752-ZNQUT,0.454,48.6,-12.31,no offer,Tenure: 1 months,Contract type: Month-to-month
7594-LZNWR,0.319,69.15,-12.33,no offer,Internet service: Fiber optic,Contract type: Month-to-month
4431-EDMIQ,0.291,75.7,-12.4,no offer,Tenure: 7 months,Contract type: Month-to-month
6917-YACBP,0.245,89.75,-12.42,no offer,Internet service: Fiber optic,Contract type: Month-to-month
3351-NGXYI,0.407,54.1,-12.47,no offer,Tenure: 16 months,Contract type: Month-to-month
3413-DHLPB,0.212,103.75,-12.51,no offer,Internet service: Fiber optic,Contract type: Month-to-month
4070-OKWVH,0.232,94.6,-12.55,no offer,Internet service: Fiber optic,Contract type: Month-to-month
9154-QDGTH,0.211,104.3,-12.56,no offer,Internet service: Fiber optic,Streaming movies: Yes
2408-TZMJL,0.199,110.15,-12.61,no offer,Internet service: Fiber optic,Payment method: Electronic check
0959-WHOKV,0.222,99.0,-12.62,no offer,Internet service: Fiber optic,Payment method: Electronic check
3584-WKTTW,0.197,111.55,-12.63,no offer,Internet service: Fiber optic,Payment method: Electronic check
9761-XUJWD,0.334,65.6,-12.64,no offer,Tenure: 5 months,Contract type: Month-to-month
2115-BFTIW,0.309,70.95,-12.71,no offer,Internet service: Fiber optic,Contract type: Month-to-month
4257-GAESD,0.486,45.0,-12.74,no offer,Tenure: 6 months,Contract type: Month-to-month
2669-QVCRG,0.269,81.3,-12.77,no offer,Internet service: Fiber optic,Contract type: Month-to-month
6599-CEBNN,0.296,73.95,-12.79,no offer,Internet service: Fiber optic,Contract type: Month-to-month
2408-WITXK,0.63,34.7,-12.8,no offer,Tenure: 10 months,Contract type: Month-to-month
0295-QVKPB,0.342,63.95,-12.82,no offer,Tenure: 5 months,Contract type: Month-to-month
8356-WUAOJ,0.485,45.0,-12.82,no offer,Tenure: 1 months,Contract type: Month-to-month
7384-GHBPI,0.621,35.15,-12.82,no offer,Tenure: 3 months,Contract type: Month-to-month
8652-YHIYU,0.275,79.5,-12.85,no offer,Tenure: 16 months,Internet service: Fiber optic
0618-XWMSS,0.291,74.9,-12.85,no offer,Internet service: Fiber optic,Contract type: Month-to-month
7621-VPNET,0.254,85.9,-12.87,no offer,Internet service: Fiber optic,Contract type: Month-to-month
9058-CBREO,0.432,50.55,-12.89,no offer,Tenure: 1 months,Contract type: Month-to-month
3685-YLCMQ,0.208,104.65,-12.93,no offer,Internet service: Fiber optic,Payment method: Electronic check
4088-YLDSU,0.209,104.15,-12.93,no offer,Internet service: Fiber optic,Payment method: Electronic check
4373-VVHQL,0.486,44.75,-12.99,no offer,Tenure: 1 months,Contract type: Month-to-month
0843-WTBXE,0.255,85.45,-13.01,no offer,Internet service: Fiber optic,Contract type: Month-to-month
9637-EIHEQ,0.428,50.8,-13.08,no offer,Tenure: 1 months,Contract type: Month-to-month
6185-TASNN,0.468,46.3,-13.2,no offer,Tenure: 1 months,Contract type: Month-to-month
8166-ORCHU,0.231,93.55,-13.23,no offer,Internet service: Fiber optic,Payment method: Electronic check
0058-EVZWM,0.241,89.8,-13.31,no offer,Internet service: Fiber optic,Contract type: Month-to-month
4883-QICIH,0.309,69.75,-13.39,no offer,Internet service: Fiber optic,Contract type: Month-to-month
9700-ISPUP,0.329,65.5,-13.39,no offer,Tenure: 10 months,Contract type: Month-to-month
4522-AKYLR,0.394,54.8,-13.42,no offer,Tenure: 13 months,Contract type: Month-to-month
4816-JBHOV,0.482,44.7,-13.42,no offer,Tenure: 2 months,Contract type: Month-to-month
0096-BXERS,0.428,50.35,-13.5,no offer,Tenure: 6 months,Contract type: Month-to-month
5154-VEKBL,0.368,58.5,-13.53,no offer,Tenure: 9 months,Contract type: Month-to-month
3230-WYKIR,0.262,82.0,-13.57,no offer,Tenure: 18 months,Streaming movies: Yes
0512-FLFDW,0.214,100.5,-13.61,no offer,Internet service: Fiber optic,Streaming movies: Yes
0913-XWSCN,0.251,85.5,-13.63,no offer,Internet service: Fiber optic,Contract type: Month-to-month
4377-VDHYI,0.236,90.8,-13.64,no offer,Internet service: Fiber optic,Payment method: Electronic check
2082-CEFLT,0.47,45.6,-13.67,no offer,Tenure: 1 months,Contract type: Month-to-month
2257-BOVXD,0.322,66.6,-13.7,no offer,Tenure: 14 months,Contract type: Month-to-month
5298-GSTLM,0.211,101.4,-13.73,no offer,Internet service: Fiber optic,Streaming movies: Yes
7993-NQLJE,0.285,75.1,-13.75,no offer,Tenure: 15 months,Internet service: Fiber optic
1470-PSXNM,0.229,93.65,-13.77,no offer,Internet service: Fiber optic,Payment method: Electronic check
6968-GMKPR,0.262,81.55,-13.77,no offer,Internet service: Fiber optic,Contract type: Month-to-month
5057-LCOUI,0.421,50.75,-13.8,no offer,Contract type: Month-to-month,Payment method: Electronic check
8064-RAVOH,0.428,49.85,-13.88,no offer,Tenure: 1 months,Contract type: Month-to-month
3521-SYVOR,0.33,64.75,-13.9,no offer,Contract type: Month-to-month,Payment method: Electronic check
4123-FCVCB,0.281,75.85,-13.95,no offer,Tenure: 12 months,Streaming movies: Yes
0319-QZTCO,0.363,58.7,-13.97,no offer,Tenure: 3 months,Contract type: Month-to-month
8728-SKJLR,0.287,74.25,-13.97,no offer,Internet service: Fiber optic,Contract type: Month-to-month
0898-XCGTF,0.221,96.5,-14.02,no offer,Internet service: Fiber optic,Streaming movies: Yes
6704-UTUKK,0.464,45.9,-14.03,no offer,Contract type: Month-to-month,Payment method: Electronic check
4851-BQDNX,0.25,85.05,-14.04,no offer,Internet service: Fiber optic,Payment method: Electronic check
8198-RKSZG,0.264,80.45,-14.06,no offer,Tenure: 14 months,Contract type: Month-to-month
1589-AGTLK,0.468,45.35,-14.2,no offer,Tenure: 3 months,Contract type: Month-to-month
3841-CONLJ,0.606,35.0,-14.21,no offer,Tenure: 1 months,Contract type: Month-to-month
9780-FKVVF,0.358,59.15,-14.21,no offer,Tenure: 6 months,Contract type: Month-to-month
3009-JWMPU,0.219,96.75,-14.23,no offer,Internet service: Fiber optic,Payment method: Electronic check
1703-MGIAB,0.307,69.0,-14.23,no offer,Tenure: 17 months,Contract type: Month-to-month
1169-SAOCL,0.199,106.65,-14.27,no offer,Internet service: Fiber optic,Streaming movies: Yes
1228-FZFRV,0.2,105.95,-14.27,no offer,Internet service: Fiber optic,Contract type: Month-to-month
1564-HJUVY,0.332,63.75,-14.29,no offer,Tenure: 4 months,Contract type: Month-to-month
4727-MCYZG,0.381,55.55,-14.3,no offer,Tenure: 1 months,Contract type: Month-to-month
0215-BQKGS,0.251,84.3,-14.31,no offer,Internet service: Fiber optic,Contract type: Month-to-month
4646-QZXTF,0.26,81.25,-14.32,no offer,Tenure: 7 months,Contract type: Month-to-month
6127-IYJOZ,0.46,45.85,-14.48,no offer,Tenure: 1 months,Contract type: Month-to-month
8280-MQRQN,0.417,50.45,-14.55,no offer,Tenure: 1 months,Contract type: Month-to-month
6680-NENYN,0.201,104.6,-14.59,no offer,Internet service: Fiber optic,Payment method: Electronic check
7103-IPXPJ,0.211,99.4,-14.6,no offer,Internet service: Fiber optic,Payment method: Electronic check
9026-RNUJS,0.417,50.35,-14.6,no offer,Tenure: 5 months,Contract type: Month-to-month
8399-YNDCH,0.35,60.05,-14.6,no offer,Contract type: Month-to-month,Tenure: 21 months
6849-OYAMU,0.21,100.0,-14.61,no offer,Internet service: Fiber optic,Tenure: 19 months
2995-UPRYS,0.212,99.2,-14.61,no offer,Internet service: Fiber optic,Streaming movies: Yes
2277-VWCNI,0.431,48.75,-14.61,no offer,Tenure: 4 months,Contract type: Month-to-month
1406-PUQVY,0.421,49.9,-14.62,no offer,Tenure: 1 months,Contract type: Month-to-month
5804-HYIEZ,0.198,106.05,-14.67,no offer,Internet service: Fiber optic,Contract type: Month-to-month
6896-SRVYQ,0.284,73.85,-14.67,no offer,Internet service: Fiber optic,Contract type: Month-to-month
9948-YPTDG,0.264,79.45,-14.68,no offer,Internet service: Fiber optic,Contract type: Month-to-month
6519-CFDBX,0.462,45.4,-14.69,no offer,Tenure: 2 months,Contract type: Month-to-month
7856-GANIL,0.212,98.7,-14.8,no offer,Internet service: Fiber optic,Streaming TV: Yes
6959-UWKHF,0.488,42.9,-14.82,no offer,Tenure: 1 months,Contract type: Month-to-month
1422-DGUBX,0.264,79.25,-14.87,no offer,Internet service: Fiber optic,Payment method: Electronic check
0224-HJAPT,0.443,47.15,-14.93,no offer,Tenure: 5 months,Contract type: Month-to-month
3780-DDGSE,0.274,76.05,-14.94,no offer,Contract type: Month-to-month,Payment method: Electronic check
0575-CUQOV,0.213,97.95,-14.96,no offer,Internet service: Fiber optic,Payment method: Electronic check
2831-EBWRN,0.454,45.9,-14.98,no offer,Tenure: 4 months,Contract type: Month-to-month
7285-KLOTR,0.264,78.85,-14.98,no offer,Tenure: 12 months,Payment method: Electronic check
7854-FOKSF,0.581,35.9,-14.98,no offer,Tenure: 1 months,Contract type: Month-to-month
5527-ACHSO,0.296,70.5,-14.99,no offer,Tenure: 11 months,Contract type: Month-to-month
4350-ZTLPI,0.191,108.95,-14.99,no offer,Internet service: Fiber optic,Streaming movies: Yes
7129-AZJDE,0.264,78.95,-15.02,no offer,Internet service: Fiber optic,Streaming movies: Yes
5087-SUURX,0.533,39.05,-15.04,no offer,Tenure: 18 months,Contract type: Month-to-month
4832-VRBMR,0.202,103.15,-15.07,no offer,Internet service: Fiber optic,Streaming movies: Yes
8597-CWYHH,0.22,94.35,-15.07,no offer,Internet service: Fiber optic,Streaming movies: Yes
2962-XPMCQ,0.461,45.15,-15.08,no offer,Tenure: 2 months,Contract type: Month-to-month
1853-ARAAQ,0.413,50.35,-15.12,no offer,Contract type: Month-to-month,PhoneService: No
7750-EYXWZ,0.342,60.65,-15.17,no offer,Tenure: 12 months,Payment method: Electronic check
0479-HMSWA,0.197,105.45,-15.24,no offer,Internet service: Fiber optic,Payment method: Electronic check
7669-LCRSD,0.368,56.3,-15.26,no offer,Tenure: 12 months,Contract type: Month-to-month
2673-CXQEU,0.187,110.5,-15.35,no offer,Internet service: Fiber optic,Payment method: Electronic check
3716-UVSPD,0.419,49.3,-15.4,no offer,Tenure: 1 months,Contract type: Month-to-month
8679-LZBMD,0.228,90.65,-15.42,no offer,Internet service: Fiber optic,Streaming movies: Yes
2460-FPSYH,0.37,55.8,-15.43,no offer,Contract type: Month-to-month,Payment method: Electronic check
0516-OOHAR,0.205,100.35,-15.47,no offer,Internet service: Fiber optic,Streaming movies: Yes
5404-GGUKR,0.401,51.35,-15.52,no offer,Tenure: 5 months,Contract type: Month-to-month
9530-EHPOH,0.383,53.75,-15.53,no offer,Tenure: 11 months,Contract type: Month-to-month
8263-OKETD,0.299,68.9,-15.54,no offer,Contract type: Month-to-month,Tenure: 20 months
4855-SNKMY,0.467,44.1,-15.55,no offer,Tenure: 1 months,Contract type: Month-to-month
9332-GYWLO,0.375,54.85,-15.57,no offer,Tenure: 6 months,Contract type: Month-to-month
9026-LHEVG,0.505,40.75,-15.58,no offer,Tenure: 9 months,Contract type: Month-to-month
3162-ZJZFU,0.222,92.55,-15.63,no offer,Internet service: Fiber optic,Contract type: Month-to-month
6360-SVNWV,0.279,73.55,-15.67,no offer,Internet service: Fiber optic,Contract type: Month-to-month
5131-PONJI,0.227,90.4,-15.68,no offer,Internet service: Fiber optic,Contract type: Month-to-month
9269-CQOOL,0.375,54.7,-15.68,no offer,Tenure: 3 months,Contract type: Month-to-month
5896-NPFWW,0.409,50.15,-15.69,no offer,Tenure: 3 months,Contract type: Month-to-month
5204-QZXPU,0.517,39.65,-15.73,no offer,Contract type: Month-to-month,Tenure: 19 months
1750-CSKKM,0.37,55.35,-15.75,no offer,Tenure: 9 months,Contract type: Month-to-month
8679-JOEVF,0.344,59.4,-15.83,no offer,Tenure: 16 months,Contract type: Month-to-month
0856-NAOES,0.336,60.9,-15.85,no offer,Tenure: 6 months,Contract type: Month-to-month
5778-BVOFB,0.343,59.5,-15.86,no offer,Tenure: 9 months,Contract type: Month-to-month
7722-CVFXN,0.194,105.2,-15.96,no offer,Internet service: Fiber optic,Payment method: Electronic check
2187-LZGPL,0.508,40.1,-15.96,no offer,Tenure: 7 months,Contract type: Month-to-month
3404-JNXAX,0.252,80.75,-15.96,no offer,Internet service: Fiber optic,Contract type: Month-to-month
7675-OZCZG,0.453,45.0,-15.97,no offer,Tenure: 3 months,Contract type: Month-to-month
4188-FRABG,0.198,103.05,-15.97,no offer,Internet service: Fiber optic,Contract type: Month-to-month
9828-AOQLM,0.446,45.7,-15.97,no offer,Tenure: 1 months,Contract type: Month-to-month
4937-QPZPO,0.204,99.9,-15.97,no offer,Internet service: Fiber optic,Payment method: Electronic check
8705-WZCYL,0.454,44.8,-16.05,no offer,Tenure: 1 months,Contract type: Month-to-month
2988-GBIVW,0.224,90.85,-16.06,no offer,Internet service: Fiber optic,Contract type: Month-to-month
1541-ETJZO,0.328,62.05,-16.1,no offer,Tenure: 1 months,Contract type: Month-to-month
9588-OZDMQ,0.452,45.0,-16.11,no offer,Tenure: 2 months,Contract type: Month-to-month
0430-IHCDJ,0.414,49.0,-16.13,no offer,Tenure: 15 months,Contract type: Month-to-month
9419-IPPBE,0.225,90.15,-16.16,no offer,Internet service: Fiber optic,Payment method: Electronic check
1485-YDHMM,0.218,93.25,-16.17,no offer,Internet service: Fiber optic,Contract type: Month-to-month
6473-ULUHT,0.239,84.9,-16.17,no offer,Tenure: 16 months,Contract type: Month-to-month
6633-SYEUS,0.244,83.2,-16.17,no offer,Internet service: Fiber optic,Contract type: Month-to-month
5243-SAOTC,0.254,79.85,-16.2,no offer,Internet service: Fiber optic,Contract type: Month-to-month
7611-YKYTC,0.27,75.0,-16.22,no offer,Internet service: Fiber optic,Contract type: Month-to-month
5593-SUAOO,0.244,83.15,-16.23,no offer,Internet service: Fiber optic,Tenure: 24 months
7402-PWYJJ,0.222,91.15,-16.26,no offer,Internet service: Fiber optic,Payment method: Electronic check
8720-RQSBJ,0.46,44.0,-16.31,no offer,Tenure: 1 months,Contract type: Month-to-month
2239-JALAW,0.196,103.25,-16.4,no offer,Internet service: Fiber optic,Streaming movies: Yes
1976-CFOCS,0.439,46.0,-16.42,no offer,Tenure: 1 months,Contract type: Month-to-month
2003-CKLOR,0.203,99.5,-16.44,no offer,Internet service: Fiber optic,Contract type: Month-to-month
1205-WNWPJ,0.339,59.5,-16.47,no offer,Tenure: 7 months,Contract type: Month-to-month
2722-JMONI,0.407,49.55,-16.48,no offer,Tenure: 1 months,Contract type: Month-to-month
1698-XFZCI,0.187,107.75,-16.48,no offer,Internet service: Fiber optic,Payment method: Electronic check
3677-IYRBF,0.662,30.4,-16.52,no offer,Tenure: 2 months,Contract type: Month-to-month
6284-KMNUF,0.205,98.0,-16.52,no offer,Internet service: Fiber optic,Payment method: Electronic check
4415-WNGVR,0.254,79.2,-16.53,no offer,Tenure: 12 months,Payment method: Electronic check
7251-XFOIL,0.226,89.2,-16.54,no offer,Internet service: Fiber optic,Contract type: Month-to-month
5802-ADBRC,0.193,104.4,-16.56,no offer,Internet service: Fiber optic,Streaming movies: Yes
1357-MVDOZ,0.337,59.65,-16.57,no offer,Tenure: 11 months,Contract type: Month-to-month
8547-NSBBO,0.208,96.75,-16.63,no offer,Internet service: Fiber optic,Contract type: Month-to-month
7821-DPRQE,0.186,107.7,-16.63,no offer,Internet service: Fiber optic,Contract type: Month-to-month
6859-RKMZJ,0.365,55.05,-16.66,no offer,Tenure: 11 months,Contract type: Month-to-month
3701-SFMUH,0.288,69.7,-16.68,no offer,Tenure: 7 months,Contract type: Month-to-month
9835-ZIITK,0.181,110.85,-16.68,no offer,Internet service: Fiber optic,Payment method: Electronic check
3154-CFSZG,0.223,90.05,-16.71,no offer,Internet service: Fiber optic,Contract type: Month-to-month
5707-ORNDZ,0.367,54.55,-16.73,no offer,Tenure: 9 months,Contract type: Month-to-month
4881-JVQOD,0.58,34.55,-16.74,no offer,Tenure: 10 months,Contract type: Month-to-month
2000-MPKCA,0.186,107.75,-16.76,no offer,Internet service: Fiber optic,Payment method: Electronic check
8705-DWKTI,0.239,83.8,-16.78,no offer,Internet service: Fiber optic,Contract type: Month-to-month
7442-YGZFK,0.402,49.8,-16.78,no offer,Tenure: 1 months,Contract type: Month-to-month
5897-ZYEKH,0.189,105.6,-16.79,no offer,Internet service: Fiber optic,Payment method: Electronic check
7729-JTEEC,0.449,44.5,-16.79,no offer,Tenure: 2 months,Contract type: Month-to-month
6627-CFOSN,0.201,99.45,-16.79,no offer,Internet service: Fiber optic,Contract type: Month-to-month
3736-BLEPA,0.219,91.25,-16.84,no offer,Internet service: Fiber optic,Streaming TV: Yes
0853-NWIFK,0.199,100.3,-16.85,no offer,Internet service: Fiber optic,Payment method: Electronic check
7743-EXURX,0.39,51.05,-16.96,no offer,Tenure: 8 months,Contract type: Month-to-month
2305-MRGLV,0.26,76.55,-16.98,no offer,Internet service: Fiber optic,Contract type: Month-to-month
2293-IJWPS,0.197,100.75,-17.03,no offer,Internet service: Fiber optic,Streaming movies: Yes
0877-SDMBN,0.191,103.95,-17.09,no offer,Internet service: Fiber optic,Streaming movies: Yes
7398-LXGYX,0.234,84.8,-17.1,no offer,Internet service: Fiber optic,Contract type: Month-to-month
8806-EAGWC,0.36,55.15,-17.11,no offer,Tenure: 3 months,Contract type: Month-to-month
0365-TRTPY,0.218,91.2,-17.15,no offer,Internet service: Fiber optic,Contract type: Month-to-month
1740-CSDJP,0.563,35.25,-17.15,no offer,Tenure: 1 months,Contract type: Month-to-month
7550-WIQVA,0.183,108.25,-17.16,no offer,Internet service: Fiber optic,Payment method: Electronic check
3842-IYKUE,0.232,85.3,-17.21,no offer,Internet service: Fiber optic,Contract type: Month-to-month
8201-AAXCB,0.328,60.35,-17.23,no offer,Contract type: Month-to-month,Tenure: 25 months
9261-WDCAF,0.362,54.65,-17.23,no offer,Tenure: 3 months,Contract type: Month-to-month
3709-OIJEA,0.232,85.2,-17.24,no offer,Internet service: Fiber optic,Payment method: Electronic check
9089-UOWJG,0.339,58.35,-17.27,no offer,Tenure: 12 months,Contract type: Month-to-month
9667-EQRXU,0.491,40.3,-17.27,no offer,Contract type: Month-to-month,Payment method: Electronic check
0015-UOCOJ,0.41,48.2,-17.31,no offer,Tenure: 7 months,Contract type: Month-to-month
7730-IUTDZ,0.263,75.2,-17.31,no offer,Internet service: Fiber optic,Contract type: Month-to-month
7409-JURKQ,0.177,111.8,-17.36,no offer,Internet service: Fiber optic,Streaming movies: Yes
3798-EPWRR,0.449,43.95,-17.37,no offer,Tenure: 2 months,Contract type: Month-to-month
4706-DGAHW,0.437,45.2,-17.38,no offer,Tenure: 1 months,Contract type: Month-to-month
4098-NAUKP,0.233,84.65,-17.38,no offer,Internet service: Fiber optic,Contract type: Month-to-month
6689-KXGBO,0.389,50.55,-17.5,no offer,Tenure: 1 months,Contract type: Month-to-month
1310-QRITU,0.391,50.3,-17.57,no offer,Tenure: 18 months,Contract type: Month-to-month
2103-ZRXFN,0.387,50.75,-17.63,no offer,Tenure: 1 months,Contract type: Month-to-month
4001-TSBTV,0.214,91.55,-17.66,no offer,Internet service: Fiber optic,Contract type: Month-to-month
7766-CLTIC,0.321,60.95,-17.74,no offer,Tenure: 10 months,Contract type: Month-to-month
5174-ITUMV,0.186,105.4,-17.75,no offer,Internet service: Fiber optic,Payment method: Electronic check
0880-FVFWF,0.226,86.4,-17.91,no offer,Internet service: Fiber optic,Contract type: Month-to-month
8647-SDTWQ,0.262,74.3,-17.96,no offer,Internet service: Fiber optic,Contract type: Month-to-month
5828-DWPIL,0.218,89.1,-18.01,no offer,Internet service: Fiber optic,Contract type: Month-to-month
6921-OZMFH,0.349,55.7,-18.05,no offer,Tenure: 5 months,Contract type: Month-to-month
8080-DDEMJ,0.431,45.1,-18.05,no offer,Tenure: 1 months,Contract type: Month-to-month
8189-HBVRW,0.214,90.8,-18.06,no offer,Internet service: Fiber optic,Contract type: Month-to-month
3658-KIBGF,0.354,54.9,-18.08,no offer,Tenure: 1 months,Contract type: Month-to-month
2826-UWHIS,0.238,81.4,-18.09,no offer,Internet service: Fiber optic,Contract type: Month-to-month
1935-IMVBB,0.216,89.7,-18.1,no offer,Internet service: Fiber optic,Contract type: Month-to-month
5816-SCGFC,0.378,51.3,-18.1,no offer,Tenure: 7 months,Contract type: Month-to-month
5136-RGMZO,0.273,71.05,-18.11,no offer,Contract type: Month-to-month,Payment method: Electronic check
9500-LTVBP,0.242,80.05,-18.14,no offer,Internet service: Fiber optic,Contract type: Month-to-month
5047-LHVLY,0.386,50.15,-18.15,no offer,Tenure: 1 months,Contract type: Month-to-month
6854-EXGSF,0.296,65.5,-18.18,no offer,Tenure: 8 months,Contract type: Month-to-month
4685-ERGHK,0.223,86.9,-18.18,no offer,Internet service: Fiber optic,Payment method: Electronic check
1660-HSOOQ,0.39,49.65,-18.19,no offer,Tenure: 1 months,Contract type: Month-to-month
9708-HPXWZ,0.426,45.4,-18.21,no offer,Tenure: 5 months,Contract type: Month-to-month
3050-GBUSH,0.555,34.8,-18.25,no offer,Tenure: 3 months,Contract type: Month-to-month
9139-WQQDY,0.192,100.45,-18.26,no offer,Internet service: Fiber optic,Streaming movies: Yes
2853-CWQFQ,0.325,59.55,-18.26,no offer,Tenure: 1 months,Contract type: Month-to-month
4459-BBGHE,0.434,44.5,-18.29,no offer,Contract type: Month-to-month,Payment method: Electronic check
7634-WSWDB,0.501,38.5,-18.35,no offer,Tenure: 8 months,Contract type: Month-to-month
2750-BJLSB,0.186,103.7,-18.4,no offer,Internet service: Fiber optic,Payment method: Electronic check
6537-OTKMY,0.379,50.75,-18.41,no offer,Tenure: 15 months,Payment method: Electronic check
4847-QNOKA,0.429,44.9,-18.42,no offer,Tenure: 1 months,Contract type: Month-to-month
1536-HBSWP,0.386,49.9,-18.42,no offer,Tenure: 1 months,Contract type: Month-to-month
1091-SOZGA,0.193,99.8,-18.44,no offer,Internet service: Fiber optic,Streaming movies: Yes
0928-JMXNP,0.643,29.9,-18.45,no offer,Tenure: 4 months,Contract type: Month-to-month
0623-IIHUG,0.459,41.9,-18.48,no offer,Contract type: Month-to-month,Tenure: 21 months
9909-DFRJA,0.2,95.85,-18.51,no offer,Internet service: Fiber optic,Tenure: 26 months
9350-VLHMB,0.214,89.55,-18.54,no offer,Internet service: Fiber optic,Contract type: Month-to-month
4109-CYRBD,0.371,51.6,-18.6,no offer,Contract type: Month-to-month,Payment method: Electronic check
6050-IJRHS,0.18,106.5,-18.6,no offer,Internet service: Fiber optic,Payment method: Electronic check
6507-DTJZV,0.288,66.4,-18.67,no offer,Tenure: 13 months,Contract type: Month-to-month
3665-JATSN,0.482,39.7,-18.7,no offer,Contract type: Month-to-month,Tenure: 19 months
1996-DBMUS,0.271,70.65,-18.72,no offer,Internet service: Fiber optic,Contract type: Month-to-month
7549-MYGPK,0.19,100.55,-18.75,no offer,Internet service: Fiber optic,Contract type: Month-to-month
2937-FTHUR,0.294,64.8,-18.8,no offer,Tenure: 18 months,Contract type: Month-to-month
1791-PQHBB,0.312,61.2,-18.82,no offer,Tenure: 2 months,Contract type: Month-to-month
6383-ZTSIW,0.192,99.1,-18.85,no offer,Internet service: Fiber optic,Streaming movies: Yes
3301-LSLWQ,0.288,66.1,-18.85,no offer,Contract type: Month-to-month,Payment method: Electronic check
5136-GFPMB,0.213,89.4,-18.92,no offer,Internet service: Fiber optic,Contract type: Month-to-month
8066-POXGX,0.542,35.1,-18.93,no offer,Tenure: 13 months,Contract type: Month-to-month
5968-VXZLG,0.408,46.6,-18.93,no offer,Tenure: 2 months,Contract type: Month-to-month
5443-SCMKX,0.202,94.3,-18.94,no offer,Internet service: Fiber optic,Payment method: Electronic check
2045-BMBTJ,0.319,59.45,-19.02,no offer,Contract type: Month-to-month,PhoneService: No
4692-NNQRU,0.239,79.2,-19.04,no offer,Internet service: Fiber optic,Tenure: 21 months
5827-MWCZK,0.195,96.95,-19.06,no offer,Internet service: Fiber optic,Contract type: Month-to-month
7025-IWFHT,0.212,89.55,-19.07,no offer,Internet service: Fiber optic,Payment method: Electronic check
6572-ADKRS,0.253,74.8,-19.07,no offer,Internet service: Fiber optic,Contract type: Month-to-month
7241-AJHFS,0.216,87.65,-19.08,no offer,Internet service: Fiber optic,Contract type: Month-to-month
2720-FVBQP,0.387,48.95,-19.09,no offer,Tenure: 6 months,Contract type: Month-to-month
8654-DHAOW,0.349,54.15,-19.13,no offer,Tenure: 2 months,Contract type: Month-to-month
1732-FEKLD,0.199,94.75,-19.22,no offer,Internet service: Fiber optic,Streaming TV: Yes
3873-NFTGI,0.339,55.5,-19.33,no offer,Tenure: 14 months,Contract type: Month-to-month
4791-QRGMF,0.189,99.5,-19.33,no offer,Internet service: Fiber optic,Streaming movies: Yes
0621-TWIEM,0.413,45.55,-19.36,no offer,Tenure: 10 months,Contract type: Month-to-month
5696-QURRL,0.417,45.05,-19.42,no offer,Tenure: 1 months,Contract type: Month-to-month
7203-OYKCT,0.179,104.95,-19.43,no offer,Internet service: Fiber optic,Payment method: Electronic check
1335-HQMKX,0.185,101.35,-19.43,no offer,Internet service: Fiber optic,Payment method: Electronic check
6300-BWMJX,0.201,93.35,-19.45,no offer,Internet service: Fiber optic,Contract type: Month-to-month
1078-TDCRN,0.61,30.75,-19.46,no offer,Tenure: 3 months,Contract type: Month-to-month
7587-RZNME,0.433,43.3,-19.52,no offer,Tenure: 3 months,Contract type: Month-to-month
4676-MQUEA,0.184,101.9,-19.53,no offer,Internet service: Fiber optic,Streaming TV: Yes
2195-VVRJF,0.317,59.1,-19.55,no offer,Tenure: 18 months,Contract type: Month-to-month
4908-XAXAY,0.208,89.85,-19.58,no offer,Internet service: Fiber optic,Streaming movies: Yes
7065-YUNRY,0.413,45.3,-19.6,no offer,Tenure: 1 months,Contract type: Month-to-month
3446-QDSZF,0.337,55.5,-19.61,no offer,Tenure: 4 months,Contract type: Month-to-month
4223-WOZCM,0.374,49.95,-19.64,no offer,Tenure: 2 months,Contract type: Month-to-month
3173-NVMPX,0.338,55.3,-19.67,no offer,Tenure: 9 months,Contract type: Month-to-month
9767-FFLEM,0.269,69.5,-19.68,no offer,Internet service: Fiber optic,Contract type: Month-to-month
6777-TGHTM,0.174,106.95,-19.7,no offer,Internet service: Fiber optic,Streaming movies: Yes
1394-SUIUH,0.219,85.15,-19.7,no offer,Internet service: Fiber optic,Contract type: Month-to-month
9572-MTILT,0.175,106.75,-19.71,no offer,Internet service: Fiber optic,Contract type: Month-to-month
1356-MKYSK,0.237,78.65,-19.75,no offer,Tenure: 6 months,Contract type: Month-to-month
5515-RUGKN,0.34,54.75,-19.82,no offer,Tenure: 8 months,Contract type: Month-to-month
8824-RWFXJ,0.331,56.15,-19.85,no offer,Tenure: 3 months,Contract type: Month-to-month
4918-FYJNT,0.205,90.45,-19.88,no offer,Internet service: Fiber optic,Contract type: Month-to-month
8985-OOPOS,0.251,74.1,-19.88,no offer,Tenure: 1 months,Streaming movies: Yes
7734-DBOAI,0.463,40.1,-19.89,no offer,Tenure: 1 months,Contract type: Month-to-month
9631-XEYKE,0.368,50.4,-19.89,no offer,Tenure: 3 months,Contract type: Month-to-month
9614-RMGHA,0.202,91.85,-19.89,no offer,Internet service: Fiber optic,Contract type: Month-to-month
3410-MHHUM,0.197,94.4,-19.89,no offer,Internet service: Fiber optic,Payment method: Electronic check
7319-VENRZ,0.288,64.3,-19.94,no offer,Tenure: 7 months,Contract type: Month-to-month
6650-VJONK,0.423,43.85,-19.96,no offer,Tenure: 1 months,Contract type: Month-to-month
5201-FRKKS,0.249,74.3,-19.97,no offer,Internet service: Fiber optic,Contract type: Month-to-month
7128-GGCNO,0.254,72.8,-20.09,no offer,Internet service: Fiber optic,Contract type: Month-to-month
5692-FPTAH,0.407,45.4,-20.11,no offer,Tenure: 1 months,Contract type: Month-to-month
9505-SQFSW,0.458,40.3,-20.14,no offer,Tenure: 3 months,Contract type: Month-to-month
9381-NDKME,0.454,40.65,-20.16,no offer,Contract type: Month-to-month,Tenure: 24 months
6625-UTXEW,0.36,51.25,-20.18,no offer,Tenure: 12 months,Contract type: Month-to-month
7377-DMMRI,0.385,47.8,-20.24,no offer,Tenure: 2 months,Contract type: Month-to-month
1450-SKCVI,0.249,73.85,-20.25,no offer,Internet service: Fiber optic,Contract type: Month-to-month
4671-LXRDQ,0.409,45.0,-20.26,no offer,Tenure: 2 months,Contract type: Month-to-month
7188-CBBBA,0.193,95.5,-20.28,no offer,Internet service: Fiber optic,Payment method: Electronic check
4640-UHDOS,0.329,55.95,-20.28,no offer,Tenure: 13 months,Contract type: Month-to-month
3144-KMTWZ,0.197,93.25,-20.36,no offer,Internet service: Fiber optic,Contract type: Month-to-month
9705-IOVQQ,0.185,99.0,-20.38,no offer,Internet service: Fiber optic,Payment method: Electronic check
2237-ZFSMY,0.192,95.55,-20.39,no offer,Internet service: Fiber optic,Payment method: Electronic check
5552-ZNFSJ,0.405,45.3,-20.4,no offer,Tenure: 1 months,Contract type: Month-to-month
9079-LWTFD,0.182,100.75,-20.41,no offer,Internet service: Fiber optic,Contract type: Month-to-month
8952-WCVCD,0.175,104.45,-20.42,no offer,Internet service: Fiber optic,Streaming movies: Yes
7683-CBDKJ,0.28,65.45,-20.44,no offer,Tenure: 14 months,Contract type: Month-to-month
1471-GIQKQ,0.367,49.95,-20.44,no offer,Tenure: 1 months,Contract type: Month-to-month
6583-SZVGP,0.169,108.1,-20.44,no offer,Internet service: Fiber optic,Streaming movies: Yes
4361-JEIVL,0.412,44.4,-20.45,no offer,Tenure: 1 months,Contract type: Month-to-month
9415-TPKRV,0.328,55.75,-20.45,no offer,Tenure: 8 months,Contract type: Month-to-month
1353-LJWEM,0.301,60.9,-20.46,no offer,Tenure: 11 months,Contract type: Month-to-month
4194-WHFCB,0.189,96.65,-20.47,no offer,Internet service: Fiber optic,Contract type: Month-to-month
0786-VSSUD,0.469,39.0,-20.48,no offer,Tenure: 16 months,Contract type: Month-to-month
4237-RLAQD,0.399,45.85,-20.5,no offer,Tenure: 1 months,Contract type: Month-to-month
1355-KUSBG,0.375,48.8,-20.51,no offer,Tenure: 7 months,Contract type: Month-to-month
2275-RBYQS,0.402,45.4,-20.54,no offer,Tenure: 1 months,Contract type: Month-to-month
5939-XAIXZ,0.325,56.1,-20.56,no offer,Contract type: Month-to-month,Tenure: 19 months
0887-HJGAR,0.399,45.7,-20.59,no offer,Tenure: 1 months,Contract type: Month-to-month
8124-NZVGJ,0.37,49.25,-20.62,no offer,Tenure: 6 months,PhoneService: No
7825-GKXMW,0.398,45.8,-20.62,no offer,Tenure: 1 months,Contract type: Month-to-month
4767-HZZHQ,0.222,82.05,-20.65,no offer,Internet service: Fiber optic,Contract type: Month-to-month
7876-BEUTG,0.373,48.8,-20.65,no offer,Tenure: 15 months,Contract type: Month-to-month
8979-CAMGB,0.178,102.1,-20.67,no offer,Internet service: Fiber optic,Payment method: Electronic check
1612-EOHDH,0.403,45.15,-20.68,no offer,Tenure: 1 months,Contract type: Month-to-month
1193-RTSLK,0.217,83.9,-20.71,no offer,Internet service: Fiber optic,Contract type: Month-to-month
9489-UTFKA,0.298,60.9,-20.76,no offer,Tenure: 8 months,Contract type: Month-to-month
3870-MQAMG,0.165,110.35,-20.78,no offer,Internet service: Fiber optic,Payment method: Electronic check
4672-FOTSD,0.27,67.25,-20.78,no offer,Tenure: 12 months,Contract type: Month-to-month
4718-DHSMV,0.507,35.8,-20.79,no offer,Tenure: 11 months,Contract type: Month-to-month
1710-RCXUS,0.201,90.35,-20.79,no offer,Internet service: Fiber optic,Streaming movies: Yes
7869-ZYDST,0.307,59.05,-20.84,no offer,Contract type: Month-to-month,Streaming TV: Yes
9831-BPFRI,0.202,89.55,-20.96,no offer,Internet service: Fiber optic,Payment method: Electronic check
5402-HTOTQ,0.327,55.3,-20.98,no offer,Tenure: 16 months,Contract type: Month-to-month
8980-WQFWL,0.291,62.1,-21.0,no offer,Contract type: Month-to-month,Payment method: Electronic check
5133-POWUA,0.394,45.8,-21.01,no offer,Tenure: 1 months,Contract type: Month-to-month
4918-QLLIW,0.338,53.4,-21.03,no offer,Tenure: 3 months,Contract type: Month-to-month
0691-JVSYA,0.19,94.85,-21.03,no offer,Internet service: Fiber optic,Streaming movies: Yes
1845-ZLLIG,0.359,50.15,-21.06,no offer,Tenure: 1 months,Contract type: Month-to-month
1548-ARAGG,0.308,58.5,-21.06,no offer,Tenure: 4 months,Contract type: Month-to-month
5392-AKEMH,0.4,45.05,-21.09,no offer,Tenure: 12 months,Contract type: Month-to-month
4905-JEFDW,0.433,41.6,-21.11,no offer,Tenure: 11 months,Payment method: Electronic check
4690-LLKUA,0.399,45.05,-21.16,no offer,Tenure: 17 months,Contract type: Month-to-month
7776-QGYJC,0.221,81.5,-21.17,no offer,Internet service: Fiber optic,Contract type: Month-to-month
6595-COKXZ,0.404,44.45,-21.19,no offer,Tenure: 1 months,Contract type: Month-to-month
8344-WFMFH,0.359,50.1,-21.19,no offer,Tenure: 9 months,Contract type: Month-to-month
0442-ZXKVS,0.155,115.6,-21.19,no offer,Internet service: Fiber optic,Streaming movies: Yes
6876-ADESB,0.366,48.95,-21.25,no offer,Tenure: 1 months,Contract type: Month-to-month
7799-DSEWS,0.262,68.35,-21.26,no offer,Tenure: 18 months,Contract type: Month-to-month
6686-YPGHK,0.21,85.5,-21.28,no offer,Internet service: Fiber optic,Contract type: Month-to-month
3751-KTZEL,0.511,35.05,-21.29,no offer,Tenure: 1 months,Contract type: Month-to-month
2207-NHRJK,0.353,50.8,-21.31,no offer,Tenure: 1 months,Contract type: Month-to-month
4187-CINZD,0.188,95.25,-21.33,no offer,Internet service: Fiber optic,Streaming movies: Yes
8945-MUQUF,0.189,94.8,-21.33,no offer,Internet service: Fiber optic,Payment method: Electronic check
1963-SVUCV,0.395,45.3,-21.35,no offer,Tenure: 1 months,Contract type: Month-to-month
3566-HJGPK,0.393,45.55,-21.36,no offer,Tenure: 1 months,Contract type: Month-to-month
1226-UDFZR,0.361,49.6,-21.37,no offer,Tenure: 2 months,Contract type: Month-to-month
4374-YMUSQ,0.154,116.25,-21.4,no offer,Internet service: Fiber optic,Streaming movies: Yes
3572-UOLYZ,0.211,84.8,-21.42,no offer,Internet service: Fiber optic,Contract type: Month-to-month
5846-QFDFI,0.201,88.6,-21.48,no offer,Internet service: Fiber optic,Contract type: Month-to-month
8920-NAVAY,0.161,110.75,-21.52,no offer,Internet service: Fiber optic,Streaming movies: Yes
7663-RGWBC,0.403,44.15,-21.55,no offer,Tenure: 1 months,Contract type: Month-to-month
5233-GEEAX,0.605,29.4,-21.57,no offer,Tenure: 8 months,Contract type: Month-to-month
6952-OMNWB,0.221,80.35,-21.57,no offer,Internet service: Fiber optic,Contract type: Month-to-month
2898-LSJGD,0.318,55.95,-21.6,no offer,Tenure: 21 months,Payment method: Electronic check
4673-KKSLS,0.203,87.6,-21.63,no offer,Internet service: Fiber optic,Contract type: Month-to-month
5268-DSMNQ,0.181,97.95,-21.69,no offer,Internet service: Fiber optic,Streaming TV: Yes
9214-EKVXR,0.403,44.0,-21.69,no offer,Tenure: 1 months,Contract type: Month-to-month
4566-QVRRW,0.402,44.05,-21.72,no offer,Tenure: 11 months,Contract type: Month-to-month
9314-QDMDW,0.289,61.25,-21.73,no offer,Tenure: 11 months,Payment method: Electronic check
7530-HDYDS,0.21,84.25,-21.77,no offer,Internet service: Fiber optic,Contract type: Month-to-month
4065-JJAVA,0.357,49.5,-21.8,no offer,Tenure: 1 months,Contract type: Month-to-month
5186-EJEGL,0.254,69.5,-21.81,no offer,Tenure: 9 months,Contract type: Month-to-month
3629-WEAAM,0.276,64.1,-21.83,no offer,Tenure: 8 months,Contract type: Month-to-month
5811-IWXYM,0.175,101.25,-21.83,no offer,Internet service: Fiber optic,Streaming movies: Yes
5481-NTDOH,0.165,107.05,-21.84,no offer,Internet service: Fiber optic,Streaming movies: Yes
1110-KYLGQ,0.163,108.25,-21.84,no offer,Internet service: Fiber optic,Contract type: Month-to-month
6633-MPWBS,0.359,49.2,-21.86,no offer,Tenure: 5 months,Contract type: Month-to-month
9481-SFCQY,0.295,59.8,-21.86,no offer,Tenure: 14 months,Contract type: Month-to-month
9992-UJOEL,0.351,50.3,-21.91,no offer,Tenure: 2 months,Contract type: Month-to-month
7905-NJMXS,0.275,64.2,-21.93,no offer,Tenure: 7 months,Contract type: Month-to-month
7579-OOPEC,0.351,50.15,-21.95,no offer,Tenure: 2 months,Contract type: Month-to-month
3927-NLNRY,0.187,94.25,-21.95,no offer,Internet service: Fiber optic,Streaming movies: Yes
1767-TGTKO,0.387,45.45,-22.0,no offer,Tenure: 8 months,Contract type: Month-to-month
9138-EFSMO,0.223,78.95,-22.01,no offer,Internet service: Fiber optic,Tenure: 26 months
8950-MTZNV,0.391,44.95,-22.02,no offer,Tenure: 1 months,Contract type: Month-to-month
6789-HJBWG,0.356,49.4,-22.05,no offer,Tenure: 12 months,Contract type: Month-to-month
8710-YGLWG,0.391,44.9,-22.08,no offer,Tenure: 1 months,Contract type: Month-to-month
0322-CHQRU,0.387,45.35,-22.09,no offer,Tenure: 2 months,Contract type: Month-to-month
9462-MJUAW,0.348,50.4,-22.1,no offer,Tenure: 4 months,Contract type: Month-to-month
7359-PTSXY,0.383,45.75,-22.12,no offer,Tenure: 1 months,Contract type: Month-to-month
3347-YJZZE,0.219,80.1,-22.14,no offer,Contract type: Month-to-month,Streaming movies: Yes
6313-GIDIT,0.322,54.45,-22.15,no offer,Contract type: Month-to-month,Payment method: Electronic check
1707-HABPF,0.192,91.3,-22.17,no offer,Internet service: Fiber optic,Streaming TV: Yes
6270-OMFIW,0.185,94.4,-22.21,no offer,Internet service: Fiber optic,Payment method: Electronic check
4138-NAXED,0.216,81.0,-22.28,no offer,Internet service: Fiber optic,Contract type: Month-to-month
1728-BQDMA,0.393,44.45,-22.29,no offer,Tenure: 2 months,Contract type: Month-to-month
5309-TAIKL,0.278,62.8,-22.3,no offer,Tenure: 7 months,Contract type: Month-to-month
1448-CYWKC,0.166,105.2,-22.31,no offer,Internet service: Fiber optic,Streaming movies: Yes
8970-ANWXO,0.236,73.75,-22.34,no offer,Tenure: 23 months,Streaming movies: Yes
4280-DLSHD,0.318,54.75,-22.34,no offer,Tenure: 8 months,Contract type: Month-to-month
5365-LLFYV,0.38,45.85,-22.36,no offer,Tenure: 2 months,Contract type: Month-to-month
4537-DKTAL,0.382,45.55,-22.41,no offer,Tenure: 2 months,Contract type: Month-to-month
6733-LRIZX,0.16,108.95,-22.42,no offer,Internet service: Fiber optic,Payment method: Electronic check
0550-DCXLH,0.237,73.35,-22.42,no offer,Tenure: 13 months,Contract type: Month-to-month
8450-UYIBU,0.436,39.85,-22.43,no offer,Contract type: Month-to-month,Payment method: Electronic check
3426-NIYYL,0.337,51.55,-22.45,no offer,Tenure: 15 months,Contract type: Month-to-month
2379-GYFLQ,0.183,94.9,-22.45,no offer,Internet service: Fiber optic,Streaming TV: Yes
2758-RNWXS,0.195,89.2,-22.48,no offer,Internet service: Fiber optic,Payment method: Electronic check
5067-XJQFU,0.16,108.45,-22.49,no offer,Internet service: Fiber optic,Payment method: Electronic check
7590-VHVEG,0.582,29.85,-22.5,no offer,Tenure: 1 months,Contract type: Month-to-month
0887-WBJVH,0.186,93.45,-22.51,no offer,Internet service: Fiber optic,Payment method: Electronic check
7016-NVRIC,0.192,90.1,-22.55,no offer,Internet service: Fiber optic,Streaming movies: Yes
9117-SHLZX,0.379,45.7,-22.55,no offer,Tenure: 1 months,Contract type: Month-to-month
0980-PVMRC,0.341,50.85,-22.57,no offer,Contract type: Month-to-month,Payment method: Electronic check
6345-ULYRW,0.196,88.4,-22.58,no offer,Internet service: Fiber optic,Streaming movies: Yes
1582-RAFML,0.288,60.1,-22.58,no offer,Tenure: 1 months,Contract type: Month-to-month
4320-QMLLA,0.316,54.85,-22.59,no offer,Tenure: 7 months,Contract type: Month-to-month
8627-ZYGSZ,0.219,78.9,-22.62,no offer,Internet service: Fiber optic,Payment method: Electronic check
6304-IJFSQ,0.347,49.9,-22.63,no offer,Tenure: 3 months,Contract type: Month-to-month
8180-AKMJV,0.388,44.55,-22.64,no offer,Tenure: 1 months,Contract type: Month-to-month
1261-FWTTE,0.499,34.65,-22.64,no offer,Contract type: Month-to-month,Tenure: 23 months
5188-HGMLP,0.234,74.0,-22.65,no offer,Internet service: Fiber optic,Contract type: Month-to-month
6923-EFPNL,0.334,51.75,-22.68,no offer,Tenure: 4 months,Contract type: Month-to-month
7134-MJPDY,0.168,102.85,-22.73,no offer,Internet service: Fiber optic,Streaming movies: Yes
4913-EHYUI,0.165,104.55,-22.76,no offer,Internet service: Fiber optic,Streaming movies: Yes
3807-BPOMJ,0.182,94.75,-22.78,no offer,Internet service: Fiber optic,Payment method: Electronic check
7551-DACSP,0.312,55.3,-22.78,no offer,Tenure: 6 months,Contract type: Month-to-month
7663-ZTEGJ,0.171,100.55,-22.79,no offer,Internet service: Fiber optic,Streaming movies: Yes
1089-HDMKP,0.316,54.55,-22.8,no offer,Tenure: 11 months,Contract type: Month-to-month
2718-GAXQD,0.374,46.0,-22.81,no offer,Tenure: 4 months,Contract type: Month-to-month
5447-WZAFP,0.172,100.3,-22.82,no offer,Internet service: Fiber optic,Streaming movies: Yes
5438-QMDDL,0.288,59.8,-22.84,no offer,Contract type: Month-to-month,Tenure: 19 months
4570-QHXHL,0.393,43.75,-22.88,no offer,Tenure: 9 months,Contract type: Month-to-month
0440-MOGPM,0.213,80.55,-22.88,no offer,Payment method: Electronic check,Streaming movies: Yes
5046-NUHWD,0.381,45.0,-22.93,no offer,Contract type: Month-to-month,Payment method: Electronic check
8663-UPDGF,0.247,69.5,-22.93,no offer,Contract type: Month-to-month,Tenure: 26 months
5759-RCVCB,0.487,35.2,-22.94,no offer,Tenure: 3 months,Contract type: Month-to-month
8229-TNIQA,0.379,45.3,-22.95,no offer,Tenure: 4 months,Contract type: Month-to-month
6142-VSJQO,0.386,44.35,-22.99,no offer,Tenure: 1 months,Contract type: Month-to-month
3278-FSIXX,0.378,45.25,-23.01,no offer,Tenure: 2 months,Contract type: Month-to-month
5198-EFNBM,0.188,90.65,-23.1,no offer,Internet service: Fiber optic,Payment method: Electronic check
2272-JKMSI,0.154,110.8,-23.12,no offer,Internet service: Fiber optic,Payment method: Electronic check
2585-KTFRE,0.242,70.45,-23.14,no offer,Tenure: 1 months,Contract type: Month-to-month
2372-HWUHI,0.385,44.35,-23.15,no offer,Tenure: 2 months,Contract type: Month-to-month
6537-QLGEX,0.439,38.9,-23.15,no offer,Tenure: 16 months,Contract type: Month-to-month
6728-VOIFY,0.178,96.0,-23.15,no offer,Internet service: Fiber optic,Payment method: Electronic check
0623-GDISB,0.352,48.45,-23.16,no offer,Tenure: 1 months,Contract type: Month-to-month
7607-QKKTJ,0.179,95.0,-23.2,no offer,Internet service: Fiber optic,Streaming movies: Yes
9391-YZEJW,0.181,94.0,-23.2,no offer,Internet service: Fiber optic,Streaming movies: Yes
2637-FKFSY,0.369,46.1,-23.21,no offer,Tenure: 3 months,Contract type: Month-to-month
2433-KMEAS,0.312,54.45,-23.35,no offer,Contract type: Month-to-month,Tenure: 22 months
9518-RWHZL,0.17,100.05,-23.36,no offer,Internet service: Fiber optic,Streaming movies: Yes
3926-CUQZX,0.376,45.1,-23.38,no offer,Tenure: 1 months,Contract type: Month-to-month
7055-HNEOJ,0.304,55.8,-23.38,no offer,Tenure: 3 months,Contract type: Month-to-month
6366-XIVKZ,0.268,63.15,-23.5,no offer,Tenure: 13 months,Contract type: Month-to-month
4789-KWMXN,0.152,110.85,-23.53,no offer,Internet service: Fiber optic,Streaming movies: Yes
9373-WSLOY,0.338,50.0,-23.53,no offer,Contract type: Month-to-month,Payment method: Electronic check
1041-RXHRA,0.24,70.25,-23.53,no offer,Internet service: Fiber optic,Contract type: Month-to-month
3190-XFANI,0.168,100.6,-23.54,no offer,Internet service: Fiber optic,Streaming movies: Yes
1478-VPOAD,0.385,43.8,-23.55,no offer,Tenure: 1 months,Contract type: Month-to-month
3537-HPKQT,0.217,77.75,-23.57,no offer,Internet service: Fiber optic,Contract type: Month-to-month
3413-BMNZE,0.373,45.25,-23.58,no offer,Tenure: 1 months,Contract type: Month-to-month
7733-UDMTP,0.307,55.0,-23.59,no offer,Contract type: Month-to-month,Payment method: Electronic check
0961-ZWLVI,0.154,109.2,-23.6,no offer,Internet service: Fiber optic,Streaming movies: Yes
0580-PIQHM,0.166,101.6,-23.6,no offer,Internet service: Fiber optic,Streaming movies: Yes
0103-CSITQ,0.154,109.4,-23.62,no offer,Internet service: Fiber optic,Streaming movies: Yes
7123-WQUHX,0.177,95.0,-23.63,no offer,Internet service: Fiber optic,Streaming TV: Yes
8650-RHRKE,0.568,29.65,-23.64,no offer,Tenure: 4 months,Contract type: Month-to-month
1591-MQJTP,0.18,93.65,-23.68,no offer,Internet service: Fiber optic,Streaming movies: Yes
3541-ZNUHK,0.198,85.1,-23.68,no offer,Internet service: Fiber optic,Contract type: Month-to-month
5198-HQAEN,0.187,89.7,-23.72,no offer,Internet service: Fiber optic,Payment method: Electronic check
0587-DMGBH,0.337,49.85,-23.73,no offer,Tenure: 8 months,Contract type: Month-to-month
3763-GCZHZ,0.161,104.05,-23.74,no offer,Internet service: Fiber optic,Payment method: Electronic check
8999-XXGNS,0.159,105.75,-23.74,no offer,Internet service: Fiber optic,Streaming movies: Yes
7957-RYHQD,0.212,79.2,-23.76,no offer,Internet service: Fiber optic,Contract type: Month-to-month
1410-RSCMR,0.235,71.35,-23.77,no offer,Tenure: 7 months,Contract type: Month-to-month
5175-AOBHI,0.364,46.0,-23.79,no offer,Tenure: 4 months,Contract type: Month-to-month
1409-PHXTF,0.152,110.45,-23.8,no offer,Internet service: Fiber optic,Payment method: Electronic check
0956-ACVZC,0.178,94.1,-23.81,no offer,Internet service: Fiber optic,Streaming movies: Yes
3144-AUDBS,0.341,49.15,-23.83,no offer,Tenure: 6 months,Contract type: Month-to-month
4959-JOSRX,0.375,44.6,-23.85,no offer,Tenure: 2 months,Contract type: Month-to-month
0778-NELLA,0.482,34.7,-23.88,no offer,Tenure: 9 months,Contract type: Month-to-month
4695-VADHF,0.291,57.45,-23.9,no offer,Tenure: 18 months,Contract type: Month-to-month
7841-TZDMQ,0.363,46.0,-23.92,no offer,Tenure: 2 months,Contract type: Month-to-month
3055-OYMSE,0.226,73.8,-23.93,no offer,Internet service: Fiber optic,Contract type: Month-to-month
1986-PHGZF,0.286,58.4,-23.96,no offer,Tenure: 18 months,Contract type: Month-to-month
5630-AHZIL,0.259,64.5,-23.97,no offer,Tenure: 3 months,Contract type: Month-to-month
1942-OQFRW,0.379,44.0,-24.0,no offer,Tenure: 1 months,Contract type: Month-to-month
0621-HJWXJ,0.204,81.55,-24.01,no offer,Internet service: Fiber optic,Contract type: Month-to-month
9281-PKKZE,0.379,43.95,-24.05,no offer,Contract type: Month-to-month,Payment method: Electronic check
1768-ZAIFU,0.66,25.2,-24.06,no offer,Tenure: 1 months,Contract type: Month-to-month
0082-LDZUE,0.375,44.3,-24.07,no offer,Tenure: 1 months,Contract type: Month-to-month
8388-FYNPZ,0.293,56.75,-24.11,no offer,Tenure: 4 months,Contract type: Month-to-month
1794-HBQTJ,0.342,48.6,-24.12,no offer,Tenure: 1 months,Contract type: Month-to-month
5174-RNGBH,0.25,66.25,-24.16,no offer,Tenure: 9 months,Contract type: Month-to-month
7426-WEIJX,0.205,80.95,-24.16,no offer,Internet service: Fiber optic,Contract type: Month-to-month
3179-GBRWV,0.255,64.95,-24.18,no offer,Contract type: Month-to-month,Tenure: 21 months
0374-IOEGQ,0.372,44.6,-24.18,no offer,Tenure: 3 months,Contract type: Month-to-month
1020-JPQOW,0.183,90.55,-24.18,no offer,Internet service: Fiber optic,Contract type: Month-to-month
0311-QYWSS,0.335,49.45,-24.23,no offer,Tenure: 6 months,Contract type: Month-to-month
6890-PFRQX,0.238,69.5,-24.3,no offer,Tenure: 18 months,Contract type: Month-to-month
2235-ZGKPT,0.325,50.85,-24.3,no offer,Tenure: 4 months,Contract type: Month-to-month
5493-SDRDQ,0.3,55.1,-24.3,no offer,Tenure: 2 months,Contract type: Month-to-month
0895-LMRSF,0.254,64.9,-24.32,no offer,Tenure: 23 months,Streaming movies: Yes
3043-TYBNO,0.272,60.65,-24.36,no offer,Tenure: 3 months,Contract type: Month-to-month
1803-BGNBD,0.304,54.3,-24.36,no offer,Tenure: 12 months,Contract type: Month-to-month
7932-WPTDS,0.665,24.8,-24.38,no offer,Tenure: 1 months,Contract type: Month-to-month
1591-NFNLQ,0.206,80.0,-24.4,no offer,Internet service: Fiber optic,Contract type: Month-to-month
3113-IWHLC,0.295,55.8,-24.46,no offer,Tenure: 5 months,Contract type: Month-to-month
1104-FEJAM,0.255,64.4,-24.46,no offer,Contract type: Month-to-month,Payment method: Electronic check
3961-SXAXY,0.373,44.05,-24.51,no offer,Tenure: 1 months,Contract type: Month-to-month
3538-WZPHD,0.555,29.6,-24.54,no offer,Tenure: 3 months,Contract type: Month-to-month
7989-VCQOH,0.197,83.25,-24.55,no offer,Tenure: 18 months,Contract type: Month-to-month
1950-KSVVJ,0.145,113.3,-24.59,no offer,Internet service: Fiber optic,Streaming movies: Yes
2834-SPCJV,0.195,84.1,-24.63,no offer,Internet service: Fiber optic,Contract type: Month-to-month
3982-DQLUS,0.191,85.75,-24.64,no offer,Internet service: Fiber optic,Contract type: Month-to-month
5708-EVONK,0.175,93.4,-24.66,no offer,Internet service: Fiber optic,Contract type: Month-to-month
2181-UAESM,0.306,53.45,-24.67,no offer,Tenure: 2 months,Contract type: Month-to-month
7740-BTPUX,0.144,113.6,-24.69,no offer,Internet service: Fiber optic,Payment method: Electronic check
8049-WJCLQ,0.271,60.2,-24.7,no offer,Tenure: 10 months,Contract type: Month-to-month
1502-XFCVR,0.153,106.45,-24.72,no offer,Internet service: Fiber optic,Payment method: Electronic check
0187-WZNAB,0.219,74.4,-24.74,no offer,Internet service: Fiber optic,Contract type: Month-to-month
9036-CSKBW,0.152,107.45,-24.74,no offer,Internet service: Fiber optic,Streaming movies: Yes
9481-IEBZY,0.144,112.9,-24.77,no offer,Internet service: Fiber optic,Contract type: Month-to-month
6240-EURKS,0.466,35.0,-24.8,no offer,Tenure: 18 months,Contract type: Month-to-month
3345-PBBFH,0.329,49.55,-24.8,no offer,Tenure: 8 months,Contract type: Month-to-month
4026-SKKHW,0.324,50.25,-24.82,no offer,Tenure: 3 months,Contract type: Month-to-month
9732-KPKBW,0.302,53.95,-24.83,no offer,Tenure: 1 months,Contract type: Month-to-month
8229-MYEJZ,0.318,51.2,-24.85,no offer,Tenure: 10 months,Contract type: Month-to-month
4450-YOOHP,0.321,50.65,-24.88,no offer,Contract type: Month-to-month,PhoneService: No
6421-SZVEM,0.196,82.85,-24.89,no offer,Internet service: Fiber optic,Streaming movies: Yes
2270-CHBFN,0.171,95.1,-24.93,no offer,Internet service: Fiber optic,Contract type: Month-to-month
6575-SUVOI,0.234,69.5,-24.94,no offer,Contract type: Month-to-month,Tenure: 25 months
4826-TZEVA,0.217,74.8,-25.02,no offer,Internet service: Fiber optic,Contract type: Month-to-month
0048-LUMLS,0.177,91.2,-25.08,no offer,Internet service: Fiber optic,Streaming movies: Yes
2359-QWQUL,0.154,104.7,-25.1,no offer,Internet service: Fiber optic,Streaming movies: Yes
5734-EJKXG,0.136,118.6,-25.12,no offer,Internet service: Fiber optic,Payment method: Electronic check
0786-IVLAW,0.149,108.1,-25.13,no offer,Internet service: Fiber optic,Streaming movies: Yes
6576-FBXOJ,0.296,54.6,-25.14,no offer,Tenure: 17 months,Payment method: Electronic check
4193-ORFCL,0.358,45.1,-25.15,no offer,Tenure: 1 months,Contract type: Month-to-month
3339-EAQNV,0.166,97.25,-25.18,no offer,Internet service: Fiber optic,Streaming movies: Yes
6439-LAJXL,0.234,68.95,-25.18,no offer,Tenure: 9 months,Contract type: Month-to-month
5334-JLAXU,0.171,94.1,-25.2,no offer,Internet service: Fiber optic,Contract type: Month-to-month
4472-VESGY,0.164,98.15,-25.21,no offer,Internet service: Fiber optic,Contract type: Month-to-month
2252-JHJGE,0.155,104.0,-25.24,no offer,Internet service: Fiber optic,Payment method: Electronic check
8496-DMZUK,0.178,90.4,-25.25,no offer,Internet service: Fiber optic,Multiple lines: Yes
6620-JDYNW,0.265,60.6,-25.3,no offer,Tenure: 18 months,Contract type: Month-to-month
9108-EJFJP,0.3,53.55,-25.3,no offer,Tenure: 1 months,Contract type: Month-to-month
9661-MHUMO,0.326,49.25,-25.33,no offer,Tenure: 1 months,Contract type: Month-to-month
9746-MDMBK,0.141,113.45,-25.38,no offer,Internet service: Fiber optic,Streaming movies: Yes
1116-DXXDF,0.159,100.45,-25.4,no offer,Internet service: Fiber optic,Payment method: Electronic check
4957-TREIR,0.248,64.4,-25.45,no offer,Tenure: 3 months,Contract type: Month-to-month
9978-HYCIN,0.188,84.95,-25.46,no offer,Internet service: Fiber optic,Streaming TV: Yes
4277-UDIEF,0.197,81.0,-25.49,no offer,Contract type: Month-to-month,Tenure: 24 months
3313-QKNKB,0.187,85.55,-25.5,no offer,Internet service: Fiber optic,Payment method: Electronic check
9101-BWFSS,0.147,108.55,-25.52,no offer,Internet service: Fiber optic,Payment method: Electronic check
8887-IPQNC,0.361,44.25,-25.52,no offer,Tenure: 7 months,Contract type: Month-to-month
0206-TBWLC,0.139,114.65,-25.53,no offer,Internet service: Fiber optic,Streaming movies: Yes
5287-QWLKY,0.152,105.1,-25.53,no offer,Internet service: Fiber optic,Contract type: Month-to-month
3165-HDOEW,0.348,45.85,-25.53,no offer,Tenure: 1 months,Contract type: Month-to-month
0823-HSCDJ,0.325,49.15,-25.54,no offer,Contract type: Month-to-month,Payment method: Electronic check
7516-GMHUV,0.152,105.05,-25.57,no offer,Internet service: Fiber optic,Streaming movies: Yes
2309-OSFEU,0.47,33.9,-25.57,no offer,Tenure: 10 months,Contract type: Month-to-month
3170-GWYKC,0.152,104.95,-25.61,no offer,Internet service: Fiber optic,Contract type: Month-to-month
4950-BDEUX,0.324,49.2,-25.61,no offer,Contract type: Month-to-month,Payment method: Electronic check
8091-TTVAX,0.159,100.35,-25.63,no offer,Internet service: Fiber optic,Streaming movies: Yes
0239-OXEXL,0.189,84.25,-25.67,no offer,Internet service: Fiber optic,Contract type: Month-to-month
9644-UMGQA,0.323,49.15,-25.74,no offer,Tenure: 6 months,Contract type: Month-to-month
1596-OQSPS,0.31,51.1,-25.76,no offer,Tenure: 11 months,Contract type: Month-to-month
4945-RVMTE,0.266,59.55,-25.77,no offer,Contract type: Month-to-month,Streaming TV: Yes
8023-QHAIO,0.206,76.85,-25.79,no offer,Internet service: Fiber optic,Contract type: Month-to-month
1352-VHKAJ,0.221,71.6,-25.87,no offer,Contract type: Month-to-month,Streaming movies: Yes
8961-QDZZJ,0.166,95.0,-25.97,no offer,Internet service: Fiber optic,Payment method: Electronic check
3097-NNSPB,0.321,49.05,-26.02,no offer,Tenure: 2 months,Contract type: Month-to-month
0369-ZGOVK,0.223,70.4,-26.03,no offer,Internet service: Fiber optic,Online security: No
0999-QXNSA,0.343,45.75,-26.1,no offer,Tenure: 7 months,Contract type: Month-to-month
1840-BIUOG,0.228,68.7,-26.12,no offer,Tenure: 20 months,Payment method: Electronic check
6637-KYRCV,0.514,30.5,-26.13,no offer,Tenure: 5 months,Contract type: Month-to-month
6888-SBYAI,0.309,50.7,-26.15,no offer,Tenure: 1 months,Contract type: Month-to-month
3845-JHAMY,0.441,35.5,-26.18,no offer,Tenure: 16 months,Contract type: Month-to-month
1135-HIORI,0.14,111.45,-26.19,no offer,Internet service: Fiber optic,Payment method: Electronic check
1697-NVVGY,0.236,66.4,-26.2,no offer,Contract type: Month-to-month,Tenure: 19 months
7794-JASDG,0.308,50.75,-26.22,no offer,Tenure: 1 months,Contract type: Month-to-month
2957-JIRMN,0.185,84.45,-26.22,no offer,Internet service: Fiber optic,Payment method: Electronic check
0374-AACSZ,0.312,50.15,-26.23,no offer,Tenure: 1 months,Contract type: Month-to-month
5295-PCJOO,0.316,49.4,-26.25,no offer,Tenure: 4 months,Contract type: Month-to-month
9938-EKRGF,0.185,84.45,-26.32,no offer,Tenure: 15 months,Contract type: Month-to-month
9058-HRZSV,0.165,94.4,-26.34,no offer,Internet service: Fiber optic,Contract type: Month-to-month
5697-GOMBF,0.434,35.9,-26.36,no offer,Contract type: Month-to-month,Payment method: Electronic check
4030-VPZBD,0.503,30.9,-26.4,no offer,Tenure: 2 months,Contract type: Month-to-month
5569-IDSEY,0.147,105.7,-26.41,no offer,Internet service: Fiber optic,Streaming movies: Yes
1545-ACTAS,0.156,99.7,-26.42,no offer,Internet service: Fiber optic,Streaming movies: Yes
3945-GFWQL,0.349,44.55,-26.42,no offer,Tenure: 12 months,Contract type: Month-to-month
7544-ZVIKX,0.148,105.05,-26.43,no offer,Internet service: Fiber optic,Streaming movies: Yes
5423-BHIXO,0.287,54.2,-26.44,no offer,Contract type: Month-to-month,Payment method: Electronic check
7716-YTYHG,0.189,82.05,-26.47,no offer,Internet service: Fiber optic,Streaming movies: Yes
3714-JTVOV,0.208,74.15,-26.61,no offer,Internet service: Fiber optic,Contract type: Month-to-month
5208-HFSBT,0.281,55.05,-26.62,no offer,Tenure: 2 months,Contract type: Month-to-month
0023-HGHWL,0.615,25.1,-26.63,no offer,Tenure: 1 months,Contract type: Month-to-month
4958-GZWIY,0.317,48.7,-26.7,no offer,Tenure: 7 months,Contract type: Month-to-month
5673-TIYIB,0.381,40.4,-26.72,no offer,Tenure: 2 months,Contract type: Month-to-month
8992-OBVDG,0.25,61.65,-26.74,no offer,Contract type: Month-to-month,Tenure: 21 months
1024-GUALD,0.621,24.8,-26.74,no offer,Tenure: 1 months,Contract type: Month-to-month
1848-LBZHY,0.306,50.3,-26.75,no offer,Tenure: 7 months,Contract type: Month-to-month
4208-UFFGW,0.342,44.95,-26.76,no offer,Tenure: 2 months,Contract type: Month-to-month
6476-YHMGA,0.201,76.5,-26.76,no offer,Tenure: 15 months,Contract type: Month-to-month
2027-OAQQC,0.314,49.05,-26.78,no offer,Contract type: Month-to-month,PhoneService: No
9821-BESNZ,0.147,104.25,-26.81,no offer,Internet service: Fiber optic,Payment method: Electronic check
7250-EQKIY,0.304,50.45,-26.84,no offer,Tenure: 1 months,Contract type: Month-to-month
0701-TJSEF,0.225,68.25,-26.87,no offer,Tenure: 9 months,Contract type: Month-to-month
3946-MHCZW,0.301,50.9,-26.9,no offer,Tenure: 1 months,Contract type: Month-to-month
2903-YYTBW,0.344,44.55,-26.94,no offer,Tenure: 1 months,Contract type: Month-to-month
9659-ZTWSM,0.143,107.35,-26.94,no offer,Internet service: Fiber optic,Streaming movies: Yes
2833-SLKDQ,0.34,45.05,-26.96,no offer,Tenure: 1 months,Contract type: Month-to-month
5311-IHLEI,0.3,50.95,-26.98,no offer,Tenure: 12 months,Contract type: Month-to-month
5522-JBWMO,0.347,44.0,-26.98,no offer,Tenure: 1 months,Contract type: Month-to-month
0746-JTRFU,0.61,25.05,-26.99,no offer,Tenure: 2 months,Contract type: Month-to-month
4075-JFPGR,0.163,93.5,-27.0,no offer,Internet service: Fiber optic,Payment method: Electronic check
5027-XWQHA,0.341,44.75,-27.02,no offer,Tenure: 6 months,Contract type: Month-to-month
1763-WQFUK,0.302,50.5,-27.03,no offer,Tenure: 3 months,Contract type: Month-to-month
9943-VSZUV,0.202,75.7,-27.05,no offer,Internet service: Fiber optic,Contract type: Month-to-month
9844-FELAJ,0.141,107.9,-27.05,no offer,Internet service: Fiber optic,Payment method: Electronic check
6207-WIOLX,0.26,58.6,-27.07,no offer,Contract type: Month-to-month,Tenure: 25 months
1215-VFYVK,0.316,48.25,-27.11,no offer,Tenure: 4 months,Contract type: Month-to-month
6198-PNNSZ,0.139,109.8,-27.12,no offer,Internet service: Fiber optic,Streaming movies: Yes
3606-SBKRY,0.304,50.05,-27.13,no offer,Payment method: Electronic check,PhoneService: No
3656-TKRVZ,0.275,55.35,-27.13,no offer,Tenure: 3 months,Contract type: Month-to-month
2911-UREFD,0.272,55.9,-27.15,no offer,Contract type: Month-to-month,Payment method: Electronic check
0322-YINQP,0.313,48.55,-27.16,no offer,Tenure: 1 months,Contract type: Month-to-month
1635-FJFCC,0.345,44.05,-27.17,no offer,Tenure: 5 months,Contract type: Month-to-month
1984-FCOWB,0.139,109.5,-27.17,no offer,Internet service: Fiber optic,Payment method: Electronic check
4482-FTFFX,0.271,56.15,-27.19,no offer,Tenure: 5 months,Contract type: Month-to-month
1684-FLBGS,0.218,69.5,-27.23,no offer,Contract type: Month-to-month,Tenure: 23 months
0584-BJQGZ,0.194,78.35,-27.25,no offer,Contract type: Month-to-month,Tenure: 25 months
4797-AXPXK,0.253,60.0,-27.27,no offer,Tenure: 1 months,Contract type: Month-to-month
8421-WZOOW,0.159,95.3,-27.28,no offer,Internet service: Fiber optic,Contract type: Month-to-month
5150-LJNSR,0.154,98.05,-27.31,no offer,Internet service: Fiber optic,Streaming TV: Yes
1862-SKORY,0.385,39.3,-27.34,no offer,Contract type: Month-to-month,Payment method: Electronic check
6410-LEFEN,0.335,45.15,-27.35,no offer,Tenure: 9 months,Contract type: Month-to-month
6844-DZKRF,0.301,50.2,-27.39,no offer,Tenure: 2 months,Contract type: Month-to-month
7009-LGECI,0.298,50.55,-27.45,no offer,Tenure: 4 months,Contract type: Month-to-month
9572-WUKSB,0.504,29.9,-27.47,no offer,Tenure: 3 months,Contract type: Month-to-month
1732-VHUBQ,0.213,70.55,-27.54,no offer,Internet service: Fiber optic,Contract type: Month-to-month
7593-XFKDI,0.324,46.3,-27.55,no offer,Tenure: 1 months,Contract type: Month-to-month
6257-RJOHI,0.296,50.8,-27.55,no offer,Tenure: 4 months,Contract type: Month-to-month
2842-JTCCU,0.326,46.05,-27.55,no offer,Tenure: 2 months,Contract type: Month-to-month
2284-VFLKH,0.151,99.25,-27.56,no offer,Internet service: Fiber optic,Streaming movies: Yes
7088-FBAWU,0.201,74.55,-27.58,no offer,Tenure: 17 months,Contract type: Month-to-month
6959-GQEGV,0.198,75.95,-27.6,no offer,Contract type: Month-to-month,Payment method: Electronic check
2672-DZUOY,0.596,25.15,-27.6,no offer,Tenure: 1 months,Contract type: Month-to-month
1142-IHLOO,0.171,87.55,-27.62,no offer,Internet service: Fiber optic,Streaming movies: Yes
7252-NTGSS,0.332,45.15,-27.62,no offer,Tenure: 1 months,Contract type: Month-to-month
3806-DXQOM,0.445,33.65,-27.67,no offer,Tenure: 4 months,Contract type: Month-to-month
6143-JQKEA,0.327,45.8,-27.67,no offer,Tenure: 10 months,Contract type: Month-to-month
4815-GBTCD,0.595,25.15,-27.67,no offer,Tenure: 4 months,Contract type: Month-to-month
2957-LOLHO,0.33,45.4,-27.67,no offer,Tenure: 12 months,Contract type: Month-to-month
3253-HKOKL,0.149,100.3,-27.67,no offer,Internet service: Fiber optic,Payment method: Electronic check
9873-MNDKV,0.335,44.65,-27.71,no offer,Tenure: 11 months,Contract type: Month-to-month
7054-LGEQW,0.325,45.95,-27.71,no offer,Tenure: 1 months,Contract type: Month-to-month
8718-PTMEZ,0.481,31.05,-27.73,no offer,Tenure: 13 months,Contract type: Month-to-month
5448-VWNAM,0.197,75.9,-27.73,no offer,Contract type: Month-to-month,Tenure: 19 months
6769-DCQLI,0.142,105.0,-27.73,no offer,Internet service: Fiber optic,Streaming movies: Yes
8775-CEBBJ,0.338,44.2,-27.74,no offer,Tenure: 9 months,Contract type: Month-to-month
6339-DKLMK,0.472,31.65,-27.76,no offer,Tenure: 13 months,Contract type: Month-to-month
4003-FUSHP,0.242,61.55,-27.85,no offer,Contract type: Month-to-month,Tenure: 19 months
9033-EOXWV,0.201,74.05,-27.88,no offer,Tenure: 12 months,Streaming movies: Yes
2676-OXPPQ,0.267,55.7,-27.89,no offer,Tenure: 6 months,Contract type: Month-to-month
0719-SYFRB,0.241,61.65,-27.9,no offer,Tenure: 12 months,Contract type: Month-to-month
7312-XSBAT,0.298,49.75,-27.97,no offer,Tenure: 1 months,Contract type: Month-to-month
4083-BFNYK,0.156,95.0,-27.98,no offer,Internet service: Fiber optic,Streaming movies: Yes
1575-KRZZE,0.268,55.2,-28.01,no offer,Tenure: 4 months,Contract type: Month-to-month
0567-GGCAC,0.241,61.4,-28.03,no offer,Tenure: 7 months,Contract type: Month-to-month
9103-TCIHJ,0.265,55.7,-28.07,no offer,Tenure: 15 months,Contract type: Month-to-month
7163-OCEQI,0.188,78.65,-28.07,no offer,Tenure: 22 months,Streaming movies: Yes
3589-PPVKW,0.333,44.4,-28.08,no offer,Tenure: 9 months,Contract type: Month-to-month
0872-JCPIB,0.225,65.75,-28.08,no offer,Tenure: 17 months,Contract type: Month-to-month
6235-VDHOM,0.519,28.45,-28.09,no offer,Tenure: 5 months,Contract type: Month-to-month
4753-PADAS,0.14,105.7,-28.1,no offer,Internet service: Fiber optic,Streaming movies: Yes
2458-EOMRE,0.23,64.05,-28.12,no offer,Tenure: 11 months,Contract type: Month-to-month
6425-YQLLO,0.139,105.95,-28.14,no offer,Internet service: Fiber optic,Streaming movies: Yes
6322-PJJDJ,0.156,94.8,-28.16,no offer,Internet service: Fiber optic,Payment method: Electronic check
2659-VXMWZ,0.132,111.3,-28.16,no offer,Internet service: Fiber optic,Payment method: Electronic check
5140-FOMCQ,0.135,109.15,-28.2,no offer,Internet service: Fiber optic,Streaming movies: Yes
3466-BYAVD,0.212,69.5,-28.21,no offer,Tenure: 15 months,Contract type: Month-to-month
8286-AFUYI,0.307,47.95,-28.24,no offer,Tenure: 1 months,Contract type: Month-to-month
5948-UJZLF,0.298,49.25,-28.26,no offer,Tenure: 2 months,Contract type: Month-to-month
7754-IXRMC,0.324,45.35,-28.28,no offer,Tenure: 1 months,Contract type: Month-to-month
6574-MCOEH,0.185,79.15,-28.32,no offer,Payment method: Electronic check,Streaming movies: Yes
4332-MUOEZ,0.155,94.3,-28.33,no offer,Internet service: Fiber optic,Tenure: 20 months
6906-MPARY,0.164,89.6,-28.34,no offer,Internet service: Fiber optic,Streaming movies: Yes
5143-EGQFK,0.494,29.65,-28.34,no offer,Tenure: 10 months,Contract type: Month-to-month
5780-INQIK,0.296,49.4,-28.36,no offer,Tenure: 8 months,Contract type: Month-to-month
1699-HPSBG,0.245,59.8,-28.37,no offer,Tenure: 12 months,Payment method: Electronic check
6145-NNPNO,0.332,44.15,-28.38,no offer,Tenure: 1 months,Contract type: Month-to-month
8433-WPJTV,0.141,103.9,-28.39,no offer,Internet service: Fiber optic,Streaming movies: Yes
8929-KSWIH,0.147,99.3,-28.39,no offer,Internet service: Fiber optic,Tenure: 25 months
8242-JSVBO,0.328,44.65,-28.4,no offer,Tenure: 7 months,Contract type: Month-to-month
4925-LMHOK,0.25,58.6,-28.4,no offer,Tenure: 15 months,Contract type: Month-to-month
8216-AZUUZ,0.146,100.4,-28.41,no offer,Internet service: Fiber optic,Payment method: Electronic check
0330-BGYZE,0.143,102.5,-28.44,no offer,Internet service: Fiber optic,Streaming movies: Yes
7446-YPODE,0.242,60.25,-28.45,no offer,Tenure: 11 months,Contract type: Month-to-month
0292-WEGCH,0.169,86.2,-28.46,no offer,Contract type: Month-to-month,Payment method: Electronic check
8715-KKTFG,0.141,103.3,-28.46,no offer,Internet service: Fiber optic,Streaming movies: Yes
2219-MVUSO,0.323,45.15,-28.48,no offer,Tenure: 8 months,Contract type: Month-to-month
1170-SASML,0.171,85.4,-28.5,no offer,Internet service: Fiber optic,Contract type: Month-to-month
1867-TJHTS,0.183,79.8,-28.51,no offer,Internet service: Fiber optic,Contract type: Month-to-month
9244-ZVAPM,0.32,45.6,-28.53,no offer,Tenure: 1 months,Contract type: Month-to-month
7629-WIXZF,0.246,59.1,-28.59,no offer,Tenure: 7 months,Payment method: Electronic check
7108-DGVUU,0.203,71.7,-28.61,no offer,Tenure: 21 months,Streaming movies: Yes
4324-BZCKL,0.261,55.55,-28.62,no offer,Tenure: 10 months,Contract type: Month-to-month
5760-WRAHC,0.208,69.75,-28.62,no offer,Contract type: Month-to-month,Tenure: 22 months
5949-EBSQK,0.236,61.45,-28.62,no offer,Tenure: 4 months,Contract type: Month-to-month
2672-OJQZP,0.324,44.75,-28.63,no offer,Tenure: 1 months,Contract type: Month-to-month
1334-FJSVR,0.599,24.25,-28.64,no offer,Tenure: 1 months,Contract type: Month-to-month
5197-PYEPU,0.154,94.45,-28.67,no offer,Internet service: Fiber optic,Streaming TV: Yes
0228-MAUWC,0.243,59.55,-28.7,no offer,Contract type: Month-to-month,Tenure: 19 months
7299-GNVPL,0.172,84.4,-28.7,no offer,Internet service: Fiber optic,Contract type: Month-to-month
2480-SQIOB,0.323,44.8,-28.71,no offer,Tenure: 4 months,Contract type: Month-to-month
3668-QPYBK,0.269,53.85,-28.74,no offer,Tenure: 2 months,Contract type: Month-to-month
3808-HFKDE,0.326,44.35,-28.74,no offer,Contract type: Month-to-month,Tenure: 20 months
6797-UCJHZ,0.138,104.6,-28.79,no offer,Internet service: Fiber optic,Streaming movies: Yes
2817-NTQDO,0.317,45.55,-28.79,no offer,Tenure: 13 months,Contract type: Month-to-month
3633-CDBUW,0.179,80.85,-28.8,no offer,Tenure: 17 months,Payment method: Electronic check
4256-ZWTZI,0.283,51.0,-28.87,no offer,Tenure: 5 months,Contract type: Month-to-month
5014-WUQMG,0.15,96.1,-28.9,no offer,Internet service: Fiber optic,Payment method: Electronic check
1213-NGCUN,0.29,49.65,-28.92,no offer,Tenure: 6 months,Contract type: Month-to-month
0612-RTZZA,0.569,25.25,-28.95,no offer,Tenure: 1 months,Contract type: Month-to-month
5473-KHBPS,0.15,95.7,-29.0,no offer,Internet service: Fiber optic,Streaming TV: Yes
1794-SWWKL,0.241,59.65,-29.01,no offer,Tenure: 15 months,Contract type: Month-to-month
3085-QUOZK,0.326,43.95,-29.03,no offer,Tenure: 1 months,Contract type: Month-to-month
8158-WPEZG,0.402,35.65,-29.04,no offer,Tenure: 11 months,Contract type: Month-to-month
8731-WBBMB,0.175,81.9,-29.09,no offer,Contract type: Month-to-month,Tenure: 26 months
6982-SSHFK,0.322,44.4,-29.09,no offer,Tenure: 1 months,Contract type: Month-to-month
9881-VCZEP,0.264,54.1,-29.12,no offer,Contract type: Month-to-month,Tenure: 25 months
6582-OIVSP,0.316,45.3,-29.13,no offer,Tenure: 1 months,Contract type: Month-to-month
1501-SGHBW,0.312,45.85,-29.14,no offer,Tenure: 2 months,Contract type: Month-to-month
6905-NIQIN,0.282,50.65,-29.15,no offer,Tenure: 1 months,Contract type: Month-to-month
2065-MMKGR,0.201,71.0,-29.17,no offer,Streaming movies: Yes,Streaming TV: Yes
0130-SXOUN,0.16,89.4,-29.17,no offer,Internet service: Fiber optic,Contract type: Month-to-month
4146-SVFUD,0.32,44.6,-29.17,no offer,Tenure: 1 months,Contract type: Month-to-month
4747-LCAQL,0.18,79.0,-29.23,no offer,Contract type: Month-to-month,Tenure: 25 months
8757-TFHHJ,0.286,49.8,-29.23,no offer,Tenure: 1 months,Contract type: Month-to-month
9396-ZSFLL,0.292,48.85,-29.23,no offer,Tenure: 15 months,Contract type: Month-to-month
2709-UQGNP,0.276,51.65,-29.25,no offer,Tenure: 10 months,Contract type: Month-to-month
8660-BUETV,0.318,44.75,-29.27,no offer,Tenure: 3 months,Contract type: Month-to-month
8805-JNRAZ,0.289,49.2,-29.29,no offer,Tenure: 2 months,Contract type: Month-to-month
4430-UZIPO,0.386,36.85,-29.31,no offer,Tenure: 3 months,Contract type: Month-to-month
7175-NTIXE,0.187,76.15,-29.32,no offer,Contract type: Month-to-month,Tenure: 25 months
7501-VTYLJ,0.275,51.55,-29.33,no offer,Tenure: 2 months,Contract type: Month-to-month
0929-HYQEW,0.283,50.15,-29.34,no offer,Tenure: 3 months,Contract type: Month-to-month
5960-MVTUK,0.476,29.75,-29.38,no offer,Tenure: 3 months,Contract type: Month-to-month
4710-FDUIZ,0.141,100.3,-29.39,no offer,Internet service: Fiber optic,Streaming movies: Yes
4800-CZMPC,0.137,103.25,-29.39,no offer,Internet service: Fiber optic,Streaming movies: Yes
2242-MFOTG,0.177,80.1,-29.41,no offer,Internet service: Fiber optic,Multiple lines: Yes
0661-XEYAN,0.549,25.8,-29.42,no offer,Tenure: 1 months,Contract type: Month-to-month
8734-FNWVH,0.237,59.7,-29.44,no offer,Contract type: Month-to-month,Streaming movies: Yes
2040-OBMLJ,0.173,81.7,-29.47,no offer,Internet service: Fiber optic,Online security: No
3683-QKIUE,0.278,50.8,-29.47,no offer,Tenure: 6 months,Contract type: Month-to-month
7580-UGXNC,0.257,54.85,-29.51,no offer,Tenure: 2 months,Contract type: Month-to-month
4184-VODJZ,0.155,91.35,-29.51,no offer,Internet service: Fiber optic,Payment method: Electronic check
0639-TSIQW,0.137,102.95,-29.52,no offer,Internet service: Fiber optic,Contract type: Month-to-month
7365-BVCJH,0.578,24.4,-29.56,no offer,Tenure: 1 months,Contract type: Month-to-month
1496-GGSUK,0.548,25.7,-29.56,no offer,Tenure: 1 months,Contract type: Month-to-month
9972-VAFJJ,0.15,94.0,-29.56,no offer,Internet service: Fiber optic,Payment method: Electronic check
4323-OHFOW,0.134,105.55,-29.56,no offer,Internet service: Fiber optic,Streaming movies: Yes
8444-WRIDW,0.175,80.45,-29.56,no offer,Internet service: Fiber optic,Contract type: Month-to-month
5868-CZJDR,0.45,31.35,-29.56,no offer,Tenure: 1 months,Contract type: Month-to-month
0415-MOSGF,0.317,44.4,-29.57,no offer,Tenure: 1 months,Contract type: Month-to-month
9644-KVCNC,0.153,92.15,-29.57,no offer,Internet service: Fiber optic,Streaming TV: Yes
9391-DXGGG,0.158,89.15,-29.58,no offer,Internet service: Fiber optic,Streaming movies: Yes
0810-BDHAW,0.179,78.4,-29.62,no offer,Tenure: 24 months,Payment method: Electronic check
9348-YVOMK,0.314,44.8,-29.64,no offer,Tenure: 4 months,Contract type: Month-to-month
0931-MHTEM,0.14,100.05,-29.65,no offer,Internet service: Fiber optic,Streaming movies: Yes
7694-VLBWQ,0.135,104.1,-29.71,no offer,Internet service: Fiber optic,Payment method: Electronic check
0471-LVHGK,0.192,73.0,-29.74,no offer,Payment method: Electronic check,Streaming movies: Yes
4869-EPIUS,0.173,80.9,-29.74,no offer,Internet service: Fiber optic,Payment method: Electronic check
2716-GFZOR,0.163,86.1,-29.75,no offer,Internet service: Fiber optic,Contract type: Month-to-month
9040-KZVWO,0.185,75.5,-29.76,no offer,Internet service: Fiber optic,Tenure: 26 months
6817-WTYHE,0.312,44.9,-29.77,no offer,Tenure: 2 months,Contract type: Month-to-month
2402-TAIRZ,0.175,80.05,-29.79,no offer,Internet service: Fiber optic,Payment method: Electronic check
7593-JNWRU,0.313,44.6,-29.81,no offer,Tenure: 6 months,Contract type: Month-to-month
8329-GWVPJ,0.2,69.75,-29.86,no offer,Internet service: Fiber optic,Contract type: Month-to-month
6617-WLBQC,0.17,81.85,-29.86,no offer,Internet service: Fiber optic,Tenure: 23 months
6563-VNPMN,0.163,85.7,-29.88,no offer,Internet service: Fiber optic,Contract type: Month-to-month
3859-CVCET,0.305,45.65,-29.9,no offer,Tenure: 4 months,Contract type: Month-to-month
1600-DILPE,0.309,45.0,-29.93,no offer,Tenure: 12 months,Contract type: Month-to-month
8450-JOVAH,0.245,56.7,-29.94,no offer,Tenure: 2 months,Contract type: Month-to-month
7410-KTVFV,0.281,49.55,-29.95,no offer,Tenure: 18 months,Contract type: Month-to-month
6723-WSNTY,0.129,108.1,-29.96,no offer,Internet service: Fiber optic,Streaming movies: Yes
2625-TRCZQ,0.28,49.65,-29.99,no offer,Contract type: Month-to-month,Payment method: Electronic check
7966-YOTQW,0.255,54.5,-30.0,no offer,Tenure: 10 months,Contract type: Month-to-month
9470-RTWDV,0.169,82.0,-30.01,no offer,Tenure: 26 months,Streaming movies: Yes
5732-IKGQH,0.133,104.45,-30.04,no offer,Internet service: Fiber optic,Streaming movies: Yes
4061-UKJWL,0.305,45.45,-30.04,no offer,Tenure: 3 months,Contract type: Month-to-month
9693-XMUOB,0.276,50.25,-30.05,no offer,Contract type: Month-to-month,Payment method: Electronic check
2436-QBZFP,0.354,39.2,-30.06,no offer,Contract type: Month-to-month,Tenure: 22 months
5480-HPRRX,0.548,25.3,-30.07,no offer,Tenure: 3 months,Contract type: Month-to-month
3797-VTIDR,0.59,23.45,-30.12,no offer,Tenure: 1 months,Contract type: Month-to-month
0616-ATFGB,0.552,25.05,-30.15,no offer,Tenure: 1 months,Contract type: Month-to-month
8849-GYOKR,0.13,106.55,-30.15,no offer,Internet service: Fiber optic,Streaming movies: Yes
2560-PPCHE,0.132,105.05,-30.16,no offer,Internet service: Fiber optic,Streaming movies: Yes
3086-RUCRN,0.134,103.1,-30.17,no offer,Internet service: Fiber optic,Contract type: Month-to-month
5207-PLSTK,0.283,48.75,-30.18,no offer,Tenure: 1 months,Contract type: Month-to-month
7797-EJMDP,0.209,66.05,-30.19,no offer,Tenure: 8 months,Contract type: Month-to-month
7130-CTCUS,0.253,54.55,-30.2,no offer,Tenure: 16 months,Contract type: Month-to-month
0549-CYCQN,0.173,79.6,-30.2,no offer,Internet service: Fiber optic,Senior citizen
3723-BFBGR,0.252,54.8,-30.21,no offer,Contract type: Month-to-month,Tenure: 24 months
4644-PIZRT,0.196,70.35,-30.23,no offer,Tenure: 17 months,Streaming TV: Yes
5858-EAFCZ,0.31,44.45,-30.26,no offer,Tenure: 1 months,Contract type: Month-to-month
3059-NGMXB,0.199,69.2,-30.26,no offer,Tenure: 14 months,Contract type: Month-to-month
9249-FXSCK,0.124,111.25,-30.26,no offer,Internet service: Fiber optic,Streaming movies: Yes
5103-MHMHY,0.299,45.95,-30.28,no offer,Tenure: 1 months,Contract type: Month-to-month
6397-JNZZG,0.248,55.55,-30.28,no offer,Contract type: Month-to-month,PhoneService: No
1208-NBVFH,0.277,49.6,-30.31,no offer,Contract type: Month-to-month,Tenure: 20 months
4250-FDVOU,0.244,56.25,-30.35,no offer,Tenure: 6 months,Contract type: Month-to-month
5261-QSHQM,0.561,24.45,-30.36,no offer,Tenure: 4 months,Contract type: Month-to-month
5312-IRCFR,0.148,92.85,-30.37,no offer,Internet service: Fiber optic,Payment method: Electronic check
0617-FHSGK,0.182,75.2,-30.38,no offer,Internet service: Fiber optic,Contract type: Month-to-month
9142-KZXOP,0.199,68.85,-30.42,no offer,Internet service: Fiber optic,Contract type: Month-to-month
0356-ERHVT,0.298,45.9,-30.42,no offer,Tenure: 11 months,Contract type: Month-to-month
1324-NLTJE,0.249,55.0,-30.45,no offer,Tenure: 15 months,Contract type: Month-to-month
1389-WNUIB,0.18,76.0,-30.47,no offer,Tenure: 20 months,Streaming movies: Yes
5651-WYIPH,0.274,49.85,-30.47,no offer,Tenure: 18 months,Contract type: Month-to-month
2049-BAFNW,0.381,35.9,-30.48,no offer,Tenure: 1 months,Contract type: Month-to-month
1309-XGFSN,0.169,80.85,-30.49,no offer,Payment method: Electronic check,Streaming movies: Yes
3786-WOVKF,0.128,106.85,-30.49,no offer,Internet service: Fiber optic,Streaming movies: Yes
2898-MRKPI,0.135,101.05,-30.53,no offer,Internet service: Fiber optic,Streaming movies: Yes
4081-DYXAV,0.304,44.85,-30.54,no offer,Tenure: 19 months,PhoneService: No
1768-HNVGJ,0.195,70.05,-30.57,no offer,Contract type: Month-to-month,Payment method: Electronic check
5074-FBGHB,0.13,104.65,-30.58,no offer,Internet service: Fiber optic,Streaming movies: Yes
8791-GFXLZ,0.278,49.05,-30.6,no offer,Tenure: 12 months,Contract type: Month-to-month
9163-GHAYE,0.278,48.85,-30.62,no offer,Tenure: 15 months,Contract type: Month-to-month
7636-OWBPG,0.463,29.35,-30.63,no offer,Tenure: 12 months,Contract type: Month-to-month
9786-IJYDL,0.12,113.2,-30.65,no offer,Internet service: Fiber optic,Streaming movies: Yes
7242-QZLXF,0.537,25.3,-30.67,no offer,Tenure: 1 months,Contract type: Month-to-month
8992-VONJD,0.242,56.0,-30.67,no offer,Tenure: 13 months,Contract type: Month-to-month
4402-FTBXC,0.151,89.8,-30.68,no offer,Internet service: Fiber optic,Contract type: Month-to-month
5469-CTCWN,0.128,106.0,-30.68,no offer,Internet service: Fiber optic,Payment method: Electronic check
5945-AZYHT,0.124,109.6,-30.69,no offer,Internet service: Fiber optic,Payment method: Electronic check
7623-TRNQN,0.272,49.9,-30.7,no offer,Tenure: 1 months,Contract type: Month-to-month
7853-OETYL,0.466,29.05,-30.74,no offer,Tenure: 4 months,Contract type: Month-to-month
5167-GBFRE,0.537,25.2,-30.75,no offer,Tenure: 4 months,Contract type: Month-to-month
0975-UYDTX,0.15,90.1,-30.79,no offer,Tenure: 26 months,Streaming movies: Yes
0096-FCPUF,0.21,64.5,-30.79,no offer,Contract type: Month-to-month,Streaming movies: Yes
7802-EFKNY,0.542,24.95,-30.8,no offer,Tenure: 5 months,Contract type: Month-to-month
6543-CPZMK,0.451,29.95,-30.85,no offer,Tenure: 9 months,Contract type: Month-to-month
8967-SZQAS,0.267,50.45,-30.86,no offer,Tenure: 14 months,Contract type: Month-to-month
4868-AADLV,0.116,116.25,-30.86,no offer,Internet service: Fiber optic,Payment method: Electronic check
9651-GTSAQ,0.127,106.1,-30.87,no offer,Internet service: Fiber optic,Streaming movies: Yes
4432-ADRLB,0.302,44.65,-30.89,no offer,Tenure: 2 months,Contract type: Month-to-month
5482-PLVPE,0.553,24.35,-30.89,no offer,Tenure: 2 months,Contract type: Month-to-month
9564-KCLHR,0.263,51.25,-30.9,no offer,Tenure: 1 months,Contract type: Month-to-month
5600-PDUJF,0.272,49.5,-30.91,no offer,Tenure: 6 months,Contract type: Month-to-month
3090-LETTY,0.221,60.95,-30.93,no offer,Tenure: 2 months,Contract type: Month-to-month
9762-YAQAA,0.165,81.4,-30.97,no offer,Internet service: Fiber optic,Online security: No
7595-EHCDL,0.265,50.6,-31.02,no offer,Contract type: Month-to-month,PhoneService: No
6133-OZILE,0.381,35.2,-31.02,no offer,Tenure: 18 months,Contract type: Month-to-month
8947-YRTDV,0.142,94.8,-31.02,no offer,Internet service: Fiber optic,Streaming movies: Yes
0836-SEYLU,0.33,40.65,-31.06,no offer,Tenure: 9 months,Contract type: Month-to-month
1919-RTPQD,0.299,44.75,-31.09,no offer,Tenure: 7 months,Contract type: Month-to-month
4130-MZLCC,0.264,50.55,-31.12,no offer,Tenure: 5 months,Contract type: Month-to-month
3886-CERTZ,0.122,109.25,-31.15,no offer,Internet service: Fiber optic,Payment method: Electronic check
7351-MHQVU,0.262,50.95,-31.17,no offer,Tenure: 6 months,Contract type: Month-to-month
6778-JFCMK,0.264,50.6,-31.19,no offer,Tenure: 24 months,PhoneService: No
1360-XFJMR,0.122,109.7,-31.19,no offer,Internet service: Fiber optic,Streaming movies: Yes
8190-ZTQFB,0.26,51.35,-31.21,no offer,Payment method: Electronic check,PhoneService: No
4625-EWPTF,0.438,30.45,-31.22,no offer,Tenure: 8 months,Contract type: Month-to-month
4923-ADWXJ,0.202,65.8,-31.23,no offer,Contract type: Month-to-month,Tenure: 25 months
9974-JFBHQ,0.134,99.15,-31.25,no offer,Internet service: Fiber optic,Contract type: Month-to-month
3316-UWXUY,0.142,93.5,-31.25,no offer,Internet service: Fiber optic,Contract type: Month-to-month
3468-DRVQJ,0.189,70.3,-31.27,no offer,Tenure: 10 months,Payment method: Electronic check
5149-CUZUJ,0.143,92.9,-31.27,no offer,Internet service: Fiber optic,Streaming TV: Yes
7537-RBWEA,0.528,25.15,-31.3,no offer,Tenure: 1 months,Contract type: Month-to-month
1625-JAIIY,0.16,83.0,-31.31,no offer,Internet service: Fiber optic,Payment method: Electronic check
7554-AKDQF,0.291,45.65,-31.32,no offer,Tenure: 6 months,Contract type: Month-to-month
2810-FTLEM,0.265,50.15,-31.32,no offer,Tenure: 16 months,Contract type: Month-to-month
1447-PJGGA,0.139,95.25,-31.36,no offer,Internet service: Fiber optic,Payment method: Electronic check
1895-QTKDO,0.302,43.95,-31.37,no offer,Tenure: 1 months,Contract type: Month-to-month
3669-OYSJI,0.287,46.2,-31.39,no offer,Tenure: 1 months,Contract type: Month-to-month
7054-ENNGU,0.261,50.85,-31.39,no offer,Tenure: 9 months,Contract type: Month-to-month
2001-MCUUW,0.122,108.65,-31.42,no offer,Internet service: Fiber optic,Payment method: Electronic check
6732-FZUGP,0.139,94.9,-31.43,no offer,Internet service: Fiber optic,Streaming TV: Yes
1335-NTIUC,0.53,24.95,-31.44,no offer,Tenure: 9 months,Contract type: Month-to-month
6032-IGALN,0.527,25.1,-31.44,no offer,Tenure: 1 months,Contract type: Month-to-month
2862-PFNIK,0.535,24.7,-31.46,no offer,Tenure: 1 months,Contract type: Month-to-month
3642-GKTCT,0.115,115.1,-31.48,no offer,Internet service: Fiber optic,Streaming movies: Yes
4827-USJHP,0.255,51.8,-31.49,no offer,Contract type: Month-to-month,Tenure: 20 months
5843-TTHGI,0.264,50.0,-31.49,no offer,Tenure: 18 months,Contract type: Month-to-month
4195-NZGTA,0.522,25.25,-31.53,no offer,Tenure: 1 months,Contract type: Month-to-month
0820-FNRNX,0.198,66.7,-31.53,no offer,Tenure: 17 months,Contract type: Month-to-month
4367-NHWMM,0.529,24.9,-31.55,no offer,Tenure: 1 months,Contract type: Month-to-month
2108-YKQTY,0.26,50.7,-31.56,no offer,Tenure: 4 months,Contract type: Month-to-month
2207-OBZNX,0.258,51.0,-31.59,no offer,Tenure: 7 months,Contract type: Month-to-month
6839-ITVZJ,0.219,60.05,-31.6,no offer,Contract type: Month-to-month,Payment method: Electronic check
4976-LNFVV,0.383,34.3,-31.61,no offer,Contract type: Month-to-month,Tenure: 19 months
7389-KBFIT,0.434,30.25,-31.61,no offer,Tenure: 2 months,Contract type: Month-to-month
1229-RCALF,0.114,115.0,-31.63,no offer,Internet service: Fiber optic,Payment method: Electronic check
0595-ITUDF,0.143,91.8,-31.73,no offer,Internet service: Fiber optic,Contract type: Month-to-month
2043-WVTQJ,0.235,55.7,-31.77,no offer,Tenure: 1 months,Contract type: Month-to-month
4012-ZTHBR,0.291,44.95,-31.78,no offer,Contract type: Month-to-month,Tenure: 21 months
9402-CXWPL,0.132,98.9,-31.78,no offer,Internet service: Fiber optic,Payment method: Electronic check
3132-TVFDZ,0.291,44.85,-31.78,no offer,Contract type: Month-to-month,Payment method: Electronic check
2748-MYRVK,0.131,99.9,-31.8,no offer,Internet service: Fiber optic,Streaming movies: Yes
0409-WTMPL,0.118,110.65,-31.84,no offer,Internet service: Fiber optic,Streaming movies: Yes
5215-LNLDJ,0.527,24.7,-31.87,no offer,Tenure: 7 months,Contract type: Month-to-month
7868-BGSZA,0.162,80.2,-31.88,no offer,Payment method: Electronic check,Streaming movies: Yes
5071-FBJFS,0.259,50.3,-31.89,no offer,Tenure: 4 months,Contract type: Month-to-month
4700-UBQMV,0.171,75.9,-31.91,no offer,Tenure: 21 months,Streaming movies: Yes
6097-EQISJ,0.127,102.45,-31.92,no offer,Internet service: Fiber optic,Streaming movies: Yes
8665-UTDHZ,0.43,30.2,-31.94,no offer,Tenure: 1 months,Contract type: Month-to-month
7674-YTAFD,0.163,79.95,-31.94,no offer,Internet service: Fiber optic,Online security: No
3620-MWJNE,0.238,54.45,-31.98,no offer,Tenure: 2 months,Contract type: Month-to-month
9475-NNDGC,0.114,113.15,-32.04,no offer,Internet service: Fiber optic,Streaming movies: Yes
5951-AOFIH,0.195,66.4,-32.05,no offer,Contract type: Month-to-month,Streaming TV: Yes
3199-NPKCN,0.116,111.25,-32.07,no offer,Internet service: Fiber optic,Payment method: Electronic check
6131-FOYAS,0.217,59.6,-32.07,no offer,Contract type: Month-to-month,Payment method: Electronic check
2075-RMJIK,0.261,49.4,-32.12,no offer,Tenure: 5 months,Contract type: Month-to-month
8263-JQAIK,0.527,24.45,-32.15,no offer,Tenure: 2 months,Contract type: Month-to-month
8993-PHFWD,0.51,25.25,-32.16,no offer,Tenure: 3 months,Contract type: Month-to-month
8268-YDIXR,0.138,93.15,-32.19,no offer,Internet service: Fiber optic,Payment method: Electronic check
5337-IIWKZ,0.287,44.85,-32.24,no offer,Contract type: Month-to-month,Payment method: Electronic check
8205-MQUGY,0.261,49.2,-32.27,no offer,Tenure: 12 months,Contract type: Month-to-month
5701-ZIKJE,0.254,50.55,-32.3,no offer,Tenure: 13 months,Contract type: Month-to-month
7878-JGDKK,0.288,44.55,-32.31,no offer,Tenure: 4 months,Contract type: Month-to-month
2894-QOJRX,0.377,34.0,-32.31,no offer,Contract type: Month-to-month,Tenure: 25 months
5913-INRQV,0.142,90.15,-32.34,no offer,Internet service: Fiber optic,Streaming TV: Yes
8676-OOQEJ,0.42,30.5,-32.34,no offer,Tenure: 4 months,Contract type: Month-to-month
9227-LUNBG,0.52,24.6,-32.35,no offer,Tenure: 1 months,Contract type: Month-to-month
8409-WQJUX,0.236,54.2,-32.36,no offer,Tenure: 25 months,Payment method: Electronic check
2616-UUTFK,0.176,72.75,-32.36,no offer,Contract type: Month-to-month,Streaming TV: Yes
9565-JSNFM,0.182,70.45,-32.36,no offer,Internet service: Fiber optic,Online security: No
4468-YDOVK,0.263,48.65,-32.38,no offer,Tenure: 5 months,Contract type: Month-to-month
7395-XWZOY,0.232,55.0,-32.38,no offer,Contract type: Month-to-month,Tenure: 20 months
1543-LLLFT,0.13,98.3,-32.39,no offer,Internet service: Fiber optic,Streaming TV: Yes
3703-TTEPD,0.195,65.35,-32.42,no offer,Contract type: Month-to-month,Tenure: 21 months
2851-STERV,0.175,73.0,-32.43,no offer,Payment method: Electronic check,Streaming movies: Yes
6156-UZDLF,0.146,87.15,-32.45,no offer,Internet service: Fiber optic,Tenure: 26 months
6035-RIIOM,0.131,97.2,-32.45,no offer,Internet service: Fiber optic,Streaming movies: Yes
6483-OATDN,0.248,51.3,-32.47,no offer,Tenure: 8 months,Contract type: Month-to-month
9571-EDEBV,0.129,98.65,-32.5,no offer,Internet service: Fiber optic,Streaming movies: Yes
3030-YZADT,0.283,44.95,-32.56,no offer,Tenure: 9 months,Contract type: Month-to-month
1456-TWCGB,0.258,49.25,-32.58,no offer,Tenure: 4 months,Contract type: Month-to-month
6629-LADHQ,0.249,50.95,-32.6,no offer,Tenure: 2 months,Contract type: Month-to-month
3577-AMVUX,0.23,55.05,-32.64,no offer,Tenure: 1 months,Contract type: Month-to-month
4939-KYYPY,0.213,59.45,-32.64,no offer,Contract type: Month-to-month,Payment method: Electronic check
2108-XWMPY,0.357,35.45,-32.65,no offer,Tenure: 3 months,Contract type: Month-to-month
4236-UJPWO,0.517,24.5,-32.65,no offer,Tenure: 2 months,Contract type: Month-to-month
4816-OKWNX,0.122,103.4,-32.7,no offer,Internet service: Fiber optic,Streaming movies: Yes
7879-CGSFV,0.125,100.9,-32.74,no offer,Internet service: Fiber optic,Streaming movies: Yes
4450-MDZFX,0.169,74.35,-32.79,no offer,Internet service: Fiber optic,Contract type: Month-to-month
2087-QAREY,0.23,54.7,-32.8,no offer,Contract type: Month-to-month,Tenure: 22 months
9743-DQKQW,0.501,25.1,-32.84,no offer,Tenure: 3 months,Contract type: Month-to-month
7421-ZLUPA,0.43,29.25,-32.84,no offer,Tenure: 8 months,Contract type: Month-to-month
8455-HIRAQ,0.283,44.45,-32.85,no offer,Tenure: 8 months,Contract type: Month-to-month
4929-ROART,0.223,56.25,-32.87,no offer,Tenure: 18 months,Contract type: Month-to-month
2391-SOORI,0.255,49.35,-32.87,no offer,Tenure: 4 months,Contract type: Month-to-month
3523-QRQLL,0.181,69.5,-32.89,no offer,Tenure: 22 months,Streaming movies: Yes
3604-WLABM,0.231,54.25,-32.91,no offer,Tenure: 10 months,Contract type: Month-to-month
0423-UDIJQ,0.255,49.2,-32.92,no offer,Tenure: 9 months,Contract type: Month-to-month
4338-EYCER,0.23,54.6,-32.93,no offer,Contract type: Month-to-month,Tenure: 21 months
9448-REEVD,0.28,44.7,-32.94,no offer,Tenure: 1 months,Contract type: Month-to-month
4079-VTGLK,0.167,74.85,-32.95,no offer,Payment method: Electronic check,Streaming movies: Yes
0750-EBAIU,0.137,91.25,-33.03,no offer,Internet service: Fiber optic,Payment method: Electronic check
9701-CDXHR,0.181,69.15,-33.03,no offer,Internet service: Fiber optic,Contract type: Month-to-month
6227-FBDXH,0.125,99.5,-33.05,no offer,Internet service: Fiber optic,Streaming movies: Yes
3258-SANFR,0.279,44.7,-33.11,no offer,Tenure: 6 months,Contract type: Month-to-month
3237-AJGEH,0.401,31.0,-33.13,no offer,Tenure: 3 months,Contract type: Month-to-month
6402-SSEJG,0.204,61.05,-33.14,no offer,Tenure: 25 months,Payment method: Electronic check
1297-VQDRP,0.116,107.15,-33.17,no offer,Internet service: Fiber optic,Streaming movies: Yes
5482-NUPNA,0.205,60.4,-33.21,no offer,Tenure: 4 months,Contract type: Month-to-month
1810-BOHSY,0.129,96.4,-33.23,no offer,Internet service: Fiber optic,Streaming movies: Yes
1573-LGXBA,0.127,97.55,-33.28,no offer,Internet service: Fiber optic,Streaming movies: Yes
1428-IEDPR,0.113,109.3,-33.37,no offer,Internet service: Fiber optic,Payment method: Electronic check
0742-MOABM,0.246,50.05,-33.38,no offer,Tenure: 4 months,Contract type: Month-to-month
8050-WYBND,0.249,49.45,-33.38,no offer,Tenure: 22 months,PhoneService: No
8807-ARQET,0.305,40.35,-33.39,no offer,Contract type: Month-to-month,Payment method: Electronic check
7950-XWOVN,0.355,34.7,-33.4,no offer,Tenure: 11 months,Contract type: Month-to-month
7521-AFHAB,0.275,44.8,-33.4,no offer,Tenure: 5 months,Contract type: Month-to-month
4452-QIIEB,0.28,43.9,-33.41,no offer,Tenure: 7 months,Contract type: Month-to-month
7758-XKCBS,0.415,29.7,-33.41,no offer,Tenure: 15 months,Contract type: Month-to-month
8963-JLGJT,0.22,55.9,-33.43,no offer,Tenure: 3 months,Contract type: Month-to-month
4439-YRNVD,0.339,36.25,-33.43,no offer,Tenure: 10 months,Contract type: Month-to-month
2692-AQCPF,0.114,108.05,-33.48,no offer,Internet service: Fiber optic,Streaming movies: Yes
2091-MJTFX,0.24,51.2,-33.48,no offer,Contract type: Month-to-month,PhoneService: No
8167-GJLRN,0.403,30.4,-33.51,no offer,Tenure: 3 months,Contract type: Month-to-month
9626-WEQRM,0.421,29.15,-33.52,no offer,Tenure: 4 months,Contract type: Month-to-month
8910-ICHIU,0.128,95.65,-33.53,no offer,Internet service: Fiber optic,Streaming TV: Yes
0678-RLHVP,0.116,105.55,-33.57,no offer,Internet service: Fiber optic,Payment method: Electronic check
8695-WDYEA,0.238,51.25,-33.63,no offer,Tenure: 1 months,Contract type: Month-to-month
4456-RHSNB,0.246,49.6,-33.64,no offer,Contract type: Month-to-month,Tenure: 19 months
2606-RMDHZ,0.4,30.5,-33.64,no offer,Tenure: 6 months,Contract type: Month-to-month
2186-QZEYA,0.208,58.55,-33.65,no offer,Contract type: Month-to-month,Senior citizen
8217-QYOHV,0.219,55.75,-33.66,no offer,Tenure: 5 months,Contract type: Month-to-month
7963-GQRMY,0.275,44.3,-33.69,no offer,Tenure: 3 months,Contract type: Month-to-month
3580-REOAC,0.271,44.85,-33.72,no offer,Tenure: 10 months,Contract type: Month-to-month
5985-BEHZK,0.116,105.0,-33.73,no offer,Internet service: Fiber optic,Streaming movies: Yes
3920-HIHMQ,0.246,49.5,-33.75,no offer,Contract type: Month-to-month,Tenure: 26 months
8885-QSQBX,0.245,49.55,-33.76,no offer,Tenure: 1 months,Contract type: Month-to-month
9136-ALYBR,0.497,24.45,-33.77,no offer,Tenure: 1 months,Contract type: Month-to-month
8740-XLHDR,0.281,43.25,-33.77,no offer,Tenure: 5 months,Contract type: Month-to-month
7742-MYPGI,0.249,48.8,-33.78,no offer,Tenure: 6 months,Contract type: Month-to-month
3639-XJHKQ,0.2,60.6,-33.79,no offer,Contract type: Month-to-month,Tenure: 19 months
5343-SGUBI,0.151,80.2,-33.81,no offer,Internet service: Fiber optic,Online security: No
8095-WANWK,0.268,45.25,-33.85,no offer,Tenure: 10 months,Contract type: Month-to-month
5542-DHSXL,0.221,54.7,-33.86,no offer,Tenure: 4 months,Contract type: Month-to-month
3097-IDVPU,0.242,50.1,-33.86,no offer,Contract type: Month-to-month,Tenure: 19 months
0799-DDIHE,0.261,46.3,-33.87,no offer,Tenure: 15 months,Contract type: Month-to-month
8706-HRADD,0.278,43.55,-33.89,no offer,Contract type: Month-to-month,Tenure: 21 months
1809-DMJHQ,0.263,46.0,-33.9,no offer,Tenure: 5 months,Contract type: Month-to-month
2320-SLKMB,0.272,44.45,-33.9,no offer,Contract type: Month-to-month,PhoneService: No
0824-VWDPO,0.125,96.75,-33.93,no offer,Internet service: Fiber optic,Streaming movies: Yes
2778-OCLGR,0.308,39.1,-33.95,no offer,Contract type: Month-to-month,Tenure: 24 months
5315-CKEQK,0.236,51.0,-33.97,no offer,Payment method: Electronic check,Senior citizen
8495-PRWFH,0.216,55.65,-34.04,no offer,Contract type: Month-to-month,Payment method: Electronic check
6840-RESVB,0.142,84.8,-34.07,no offer,Tenure: 24 months,Streaming movies: Yes
7919-ZODZZ,0.182,65.9,-34.07,no offer,Tenure: 10 months,Streaming movies: Yes
9069-LGEUL,0.2,59.95,-34.07,no offer,Contract type: Month-to-month,Tenure: 23 months
5566-SOEZD,0.149,80.65,-34.08,no offer,Internet service: Fiber optic,Tenure: 27 months
6834-NXDCA,0.501,23.9,-34.11,no offer,Tenure: 13 months,Contract type: Month-to-month
5766-XQXMQ,0.174,68.85,-34.11,no offer,Contract type: Month-to-month,Streaming movies: Yes
5073-WXOYN,0.236,50.8,-34.12,no offer,Contract type: Month-to-month,Payment method: Electronic check
2530-FMFXO,0.116,103.2,-34.13,no offer,Internet service: Fiber optic,Payment method: Electronic check
4002-BQWPQ,0.146,81.75,-34.14,no offer,Contract type: Month-to-month,Tenure: 25 months
9907-SWKKF,0.478,25.05,-34.14,no offer,Tenure: 1 months,Contract type: Month-to-month
2486-WYVVE,0.151,79.3,-34.17,no offer,Streaming movies: Yes,Streaming TV: Yes
4801-JZAZL,0.404,29.6,-34.17,no offer,Tenure: 11 months,Contract type: Month-to-month
2972-YDYUW,0.126,94.7,-34.17,no offer,Internet service: Fiber optic,Payment method: Electronic check
3566-VVORZ,0.26,45.9,-34.22,no offer,Tenure: 12 months,Contract type: Month-to-month
1095-WGNGG,0.118,101.05,-34.26,no offer,Internet service: Fiber optic,Streaming movies: Yes
5832-EXGTT,0.198,60.2,-34.27,no offer,Contract type: Month-to-month,Streaming movies: Yes
3982-XWFZQ,0.237,50.25,-34.29,no offer,Contract type: Month-to-month,Payment method: Electronic check
7824-PANSQ,0.148,80.65,-34.3,no offer,Internet service: Fiber optic,Contract type: Month-to-month
5445-GLVOT,0.239,49.8,-34.3,no offer,Contract type: Month-to-month,Tenure: 22 months
6655-LHBYW,0.104,114.35,-34.34,no offer,Internet service: Fiber optic,Streaming movies: Yes
6281-FKEWS,0.242,49.05,-34.38,no offer,Payment method: Electronic check,PhoneService: No
8930-XOTDP,0.212,55.95,-34.39,no offer,Tenure: 18 months,Contract type: Month-to-month
6317-YPKDH,0.396,29.95,-34.41,no offer,Tenure: 1 months,Contract type: Month-to-month
6464-KEXXH,0.469,25.25,-34.41,no offer,Tenure: 8 months,Contract type: Month-to-month
5168-MQQCA,0.109,108.5,-34.44,no offer,Internet service: Fiber optic,Streaming movies: Yes
2294-SALNE,0.136,86.8,-34.49,no offer,Internet service: Fiber optic,Tenure: 23 months
9099-FTUHS,0.217,54.4,-34.52,no offer,Contract type: Month-to-month,Tenure: 23 months
5649-TJHOV,0.323,36.5,-34.52,no offer,Contract type: Month-to-month,PhoneService: No
9828-QHFBK,0.23,51.15,-34.54,no offer,Contract type: Month-to-month,Tenure: 24 months
7776-QWNFX,0.234,50.4,-34.54,no offer,Contract type: Month-to-month,Senior citizen
8634-CILSZ,0.113,104.7,-34.55,no offer,Internet service: Fiber optic,Streaming movies: Yes
8080-POTJR,0.148,79.3,-34.57,no offer,Streaming movies: Yes,Streaming TV: Yes
5651-CPDND,0.256,46.0,-34.57,no offer,Tenure: 10 months,Contract type: Month-to-month
8069-YQQAJ,0.378,31.1,-34.57,no offer,Tenure: 14 months,Contract type: Month-to-month
4324-AHJKS,0.211,55.8,-34.58,no offer,Tenure: 5 months,Contract type: Month-to-month
5650-VDUDS,0.485,24.25,-34.58,no offer,Tenure: 4 months,Contract type: Month-to-month
1017-FBQMM,0.111,106.05,-34.59,no offer,Internet service: Fiber optic,Streaming movies: Yes
2607-FBDFF,0.24,49.0,-34.63,no offer,Tenure: 1 months,Contract type: Month-to-month
6898-MDLZW,0.218,53.75,-34.64,no offer,Tenure: 12 months,Contract type: Month-to-month
5440-VHLUL,0.112,105.2,-34.65,no offer,Internet service: Fiber optic,Streaming movies: Yes
8849-PRIQJ,0.107,109.4,-34.66,no offer,Internet service: Fiber optic,Payment method: Electronic check
1120-BMWUB,0.217,53.9,-34.78,no offer,Tenure: 16 months,Contract type: Month-to-month
4307-KWMXE,0.326,35.75,-34.82,no offer,Tenure: 10 months,Contract type: Month-to-month
6954-OOYZZ,0.263,44.35,-34.82,no offer,Tenure: 18 months,Contract type: Month-to-month
7396-VJUZB,0.257,45.25,-34.84,no offer,Tenure: 4 months,Contract type: Month-to-month
9501-UKKNL,0.225,51.7,-34.85,no offer,Contract type: Month-to-month,Payment method: Electronic check
6778-EICRF,0.156,74.8,-34.86,no offer,Tenure: 24 months,Streaming movies: Yes
2826-DXLQO,0.391,29.8,-34.86,no offer,Tenure: 7 months,Contract type: Month-to-month
0733-VUNUW,0.209,55.65,-34.87,no offer,Contract type: Month-to-month,Tenure: 24 months
2592-SEIFQ,0.47,24.75,-34.88,no offer,Tenure: 3 months,Contract type: Month-to-month
4713-ZBURT,0.117,99.7,-34.91,no offer,Internet service: Fiber optic,Streaming movies: Yes
2273-QCKXA,0.237,49.05,-34.92,no offer,Tenure: 1 months,Contract type: Month-to-month
2558-BUOZZ,0.122,94.8,-34.94,no offer,Internet service: Fiber optic,Streaming TV: Yes
7854-EDSSA,0.196,59.0,-34.96,no offer,Contract type: Month-to-month,Tenure: 22 months
6465-GSRCL,0.109,106.6,-34.96,no offer,Internet service: Fiber optic,Streaming movies: Yes
2933-FILNV,0.475,24.4,-34.99,no offer,Tenure: 2 months,Contract type: Month-to-month
2896-TBNBE,0.143,80.8,-34.99,no offer,Internet service: Fiber optic,Payment method: Electronic check
7246-ZGQDF,0.212,54.5,-35.0,no offer,Tenure: 1 months,Contract type: Month-to-month
8465-SBRXP,0.122,94.9,-35.02,no offer,Internet service: Fiber optic,Streaming TV: Yes
9738-QLWTP,0.141,81.9,-35.03,no offer,Internet service: Fiber optic,Payment method: Electronic check
3164-YAXFY,0.215,53.75,-35.07,no offer,Contract type: Month-to-month,Payment method: Electronic check
5651-CRHKQ,0.134,86.2,-35.07,no offer,Internet service: Fiber optic,Online security: No
1958-RNRKS,0.231,49.9,-35.1,no offer,Contract type: Month-to-month,Payment method: Electronic check
4729-XKASR,0.465,24.75,-35.15,no offer,Tenure: 1 months,Contract type: Month-to-month
9375-MHRRS,0.23,50.05,-35.18,no offer,Tenure: 6 months,Contract type: Month-to-month
9695-IDRZR,0.099,116.15,-35.19,no offer,Internet service: Fiber optic,Streaming movies: Yes
9342-VNIMQ,0.21,54.65,-35.21,no offer,Contract type: Month-to-month,Online security: No
8375-KVTHK,0.114,100.3,-35.21,no offer,Internet service: Fiber optic,Payment method: Electronic check
6804-GDMOI,0.108,106.6,-35.23,no offer,Internet service: Fiber optic,Payment method: Electronic check
3694-DELSO,0.297,38.55,-35.26,no offer,Tenure: 4 months,Contract type: Month-to-month
2722-VOJQL,0.108,105.65,-35.27,no offer,Internet service: Fiber optic,Streaming movies: Yes
4647-XXZAM,0.251,45.5,-35.29,no offer,Tenure: 6 months,Contract type: Month-to-month
2969-WGHQO,0.165,69.45,-35.29,no offer,Tenure: 7 months,Payment method: Electronic check
3999-WRNGR,0.23,49.75,-35.29,no offer,Contract type: Month-to-month,Payment method: Electronic check
1453-RZFON,0.229,49.9,-35.3,no offer,Tenure: 1 months,Contract type: Month-to-month
4476-OSWTN,0.103,110.55,-35.3,no offer,Internet service: Fiber optic,Streaming movies: Yes
5996-NRVXR,0.116,98.15,-35.31,no offer,Internet service: Fiber optic,Streaming TV: Yes
0708-SJDIS,0.176,65.0,-35.34,no offer,Contract type: Month-to-month,Streaming TV: Yes
9327-QSDED,0.262,43.55,-35.37,no offer,Tenure: 8 months,Contract type: Month-to-month
2011-TRQYE,0.34,33.5,-35.41,no offer,Tenure: 18 months,Contract type: Month-to-month
4525-VZCZG,0.107,105.85,-35.42,no offer,Internet service: Fiber optic,Payment method: Electronic check
1049-FYSYG,0.319,35.65,-35.42,no offer,Tenure: 17 months,Contract type: Month-to-month
0516-WJVXC,0.21,54.2,-35.43,no offer,Tenure: 5 months,Contract type: Month-to-month
4355-CVPVS,0.128,88.9,-35.44,no offer,Internet service: Fiber optic,Streaming movies: Yes
6351-SCJKT,0.275,41.35,-35.45,no offer,Tenure: 3 months,Contract type: Month-to-month
7013-PSXHK,0.141,80.75,-35.49,no offer,Streaming movies: Yes,Streaming TV: Yes
9480-BQJEI,0.123,92.3,-35.5,no offer,Internet service: Fiber optic,Streaming movies: Yes
7632-MNYOY,0.102,110.9,-35.51,no offer,Internet service: Fiber optic,Streaming movies: Yes
4455-BFSPD,0.112,101.15,-35.52,no offer,Internet service: Fiber optic,Streaming movies: Yes
5240-CAOYT,0.129,87.55,-35.53,no offer,Internet service: Fiber optic,Contract type: Month-to-month
2446-ZKVAF,0.199,56.8,-35.57,no offer,Tenure: 18 months,Contract type: Month-to-month
7446-KQISO,0.103,109.75,-35.57,no offer,Internet service: Fiber optic,Streaming movies: Yes
3402-XRIUO,0.178,63.55,-35.57,no offer,Contract type: Month-to-month,Tenure: 22 months
4524-QCSSM,0.253,44.65,-35.6,no offer,Contract type: Month-to-month,PhoneService: No
5366-OBVMR,0.224,50.3,-35.61,no offer,Tenure: 18 months,Contract type: Month-to-month
6386-SZZKH,0.105,107.95,-35.61,no offer,Internet service: Fiber optic,Streaming movies: Yes
0815-MFZGM,0.114,99.0,-35.61,no offer,Internet service: Fiber optic,Streaming movies: Yes
8260-NGFNY,0.448,25.2,-35.62,no offer,Tenure: 1 months,Contract type: Month-to-month
7075-BNDVQ,0.322,35.0,-35.65,no offer,Tenure: 4 months,Contract type: Month-to-month
0282-NVSJS,0.384,29.3,-35.67,no offer,Tenure: 12 months,Contract type: Month-to-month
2209-XADXF,0.446,25.25,-35.67,no offer,Tenure: 1 months,Contract type: Month-to-month
5056-FIMPT,0.106,106.0,-35.67,no offer,Internet service: Fiber optic,Streaming movies: Yes
2925-MXLSX,0.163,68.95,-35.68,no offer,Streaming TV: Yes,Online security: No
5639-NTUPK,0.216,52.1,-35.69,no offer,Tenure: 13 months,Contract type: Month-to-month
8213-TAZPM,0.103,108.75,-35.71,no offer,Internet service: Fiber optic,Streaming movies: Yes
8199-ZLLSA,0.095,118.35,-35.73,no offer,Internet service: Fiber optic,Streaming movies: Yes
0975-VOOVL,0.384,29.2,-35.76,no offer,Tenure: 3 months,Contract type: Month-to-month
3521-MNKLV,0.225,49.7,-35.8,no offer,Contract type: Month-to-month,Tenure: 24 months
4283-IVYCI,0.172,64.95,-35.81,no offer,Tenure: 9 months,Contract type: Month-to-month
0807-ZABDG,0.203,55.1,-35.84,no offer,Tenure: 3 months,Contract type: Month-to-month
1442-BQPVU,0.384,29.15,-35.84,no offer,Tenure: 13 months,Contract type: Month-to-month
1666-JZPZT,0.228,49.0,-35.86,no offer,Contract type: Month-to-month,Tenure: 27 months
4495-LHSSK,0.194,57.65,-35.87,no offer,Tenure: 18 months,Contract type: Month-to-month
2478-EEWWM,0.252,44.3,-35.89,no offer,Contract type: Month-to-month,Payment method: Electronic check
0222-CNVPT,0.228,48.8,-35.92,no offer,Contract type: Month-to-month,PhoneService: No
9638-JIQYA,0.447,24.9,-35.94,no offer,Tenure: 2 months,Contract type: Month-to-month
6994-ORCWG,0.205,54.25,-35.95,no offer,Tenure: 14 months,Online security: No
0036-IHMOT,0.107,103.7,-35.96,no offer,Internet service: Fiber optic,Streaming movies: Yes
9537-VHDTA,0.217,51.2,-35.99,no offer,Tenure: 1 months,Contract type: Month-to-month
6103-LIANB,0.111,99.5,-36.11,no offer,Internet service: Fiber optic,Streaming movies: Yes
2959-EEXWB,0.217,50.9,-36.14,no offer,Contract type: Month-to-month,PhoneService: No
5590-YRFJT,0.452,24.45,-36.16,no offer,Contract type: Month-to-month,Tenure: 20 months
2828-SLQPF,0.245,45.0,-36.21,no offer,Contract type: Month-to-month,Tenure: 19 months
3428-MMGUB,0.123,89.55,-36.21,no offer,Internet service: Fiber optic,Payment method: Electronic check
5740-YHGTW,0.113,97.55,-36.23,no offer,Internet service: Fiber optic,Contract type: Month-to-month
8851-RAGOV,0.155,71.05,-36.28,no offer,Contract type: Month-to-month,Tenure: 25 months
5882-CMAZQ,0.321,34.25,-36.28,no offer,Tenure: 5 months,Contract type: Month-to-month
7641-TQFHN,0.109,100.55,-36.3,no offer,Internet service: Fiber optic,Streaming movies: Yes
7789-CRUVC,0.116,94.2,-36.3,no offer,Internet service: Fiber optic,Contract type: Month-to-month
4323-SADQS,0.318,34.5,-36.31,no offer,Tenure: 7 months,Contract type: Month-to-month
2019-HDCZY,0.107,102.6,-36.32,no offer,Internet service: Fiber optic,Payment method: Electronic check
0851-DFJKB,0.186,58.95,-36.36,no offer,Tenure: 15 months,Contract type: Month-to-month
6568-POCUI,0.115,95.2,-36.36,no offer,Internet service: Fiber optic,Streaming movies: Yes
7880-XSOJX,0.258,42.4,-36.39,no offer,Tenure: 4 months,Contract type: Month-to-month
2001-EWBQU,0.104,104.7,-36.4,no offer,Internet service: Fiber optic,Payment method: Electronic check
8894-JVDCV,0.095,115.05,-36.41,no offer,Internet service: Fiber optic,Streaming movies: Yes
4608-LCIMN,0.245,44.65,-36.42,no offer,Tenure: 8 months,Contract type: Month-to-month
6749-UTDVX,0.105,103.65,-36.44,no offer,Internet service: Fiber optic,Payment method: Electronic check
3070-BDOQC,0.109,99.65,-36.44,no offer,Internet service: Fiber optic,Payment method: Electronic check
0487-RPVUM,0.11,99.4,-36.48,no offer,Internet service: Fiber optic,Contract type: Month-to-month
6341-AEVKX,0.104,104.3,-36.49,no offer,Internet service: Fiber optic,Payment method: Electronic check
4250-ZBWLV,0.1,108.45,-36.49,no offer,Internet service: Fiber optic,Payment method: Electronic check
2978-XXSOG,0.184,59.05,-36.55,no offer,Contract type: Month-to-month,Tenure: 22 months
6158-HDPXZ,0.428,25.35,-36.55,no offer,Tenure: 1 months,Contract type: Month-to-month
0384-RVBPI,0.168,64.4,-36.57,no offer,Contract type: Month-to-month,Tenure: 20 months
2108-GLPQB,0.195,55.55,-36.57,no offer,Contract type: Month-to-month,Tenure: 25 months
6773-LQTVT,0.304,35.65,-36.61,no offer,Contract type: Month-to-month,PhoneService: No
2843-CQMEG,0.218,49.7,-36.63,no offer,Contract type: Month-to-month,Tenure: 24 months
3680-CTHUH,0.093,116.6,-36.63,no offer,Internet service: Fiber optic,Streaming movies: Yes
5229-DTFYB,0.109,98.8,-36.67,no offer,Internet service: Fiber optic,Streaming movies: Yes
6008-NAIXK,0.195,55.45,-36.67,no offer,Payment method: Electronic check,PhoneService: No
5968-XQIVE,0.12,89.7,-36.75,no offer,Internet service: Fiber optic,Payment method: Electronic check
3128-YOVTD,0.136,79.15,-36.75,no offer,Internet service: Fiber optic,Contract type: Month-to-month
7036-ZZKBD,0.162,66.4,-36.75,no offer,Contract type: Month-to-month,Streaming movies: Yes
0136-IFMYD,0.098,109.95,-36.77,no offer,Internet service: Fiber optic,Payment method: Electronic check
2696-ECXKC,0.106,100.9,-36.79,no offer,Internet service: Fiber optic,Streaming movies: Yes
2931-VUVJN,0.114,94.05,-36.79,no offer,Internet service: Fiber optic,Payment method: Electronic check
7143-BQIBA,0.173,62.25,-36.8,no offer,Tenure: 10 months,Contract type: Month-to-month
7502-BNYGS,0.155,69.1,-36.82,no offer,Contract type: Month-to-month,Streaming movies: Yes
3733-ZEECP,0.21,51.1,-36.82,no offer,Contract type: Month-to-month,Tenure: 22 months
5989-OMNJE,0.186,57.6,-36.82,no offer,Tenure: 24 months,Payment method: Electronic check
1142-WACZW,0.359,29.85,-36.84,no offer,Tenure: 2 months,Contract type: Month-to-month
8722-NGNBH,0.268,40.0,-36.84,no offer,Tenure: 5 months,Contract type: Month-to-month
0345-XMMUG,0.098,108.9,-36.87,no offer,Internet service: Fiber optic,Streaming movies: Yes
5376-PCKNB,0.102,104.45,-36.94,no offer,Internet service: Fiber optic,Streaming movies: Yes
4291-HYEBC,0.273,39.1,-36.95,no offer,Payment method: Electronic check,PhoneService: No
5016-ETTFF,0.362,29.5,-36.95,no offer,Tenure: 10 months,Contract type: Month-to-month
6549-NNDYT,0.346,30.85,-36.96,no offer,Tenure: 13 months,Contract type: Month-to-month
4274-DRSQT,0.12,88.9,-36.97,no offer,Internet service: Fiber optic,Streaming TV: Yes
3439-GVUSX,0.437,24.4,-36.98,no offer,Tenure: 1 months,Contract type: Month-to-month
8250-ZNGGW,0.178,59.9,-36.98,no offer,Tenure: 5 months,Contract type: Month-to-month
7964-YESJC,0.161,66.3,-37.01,no offer,Contract type: Month-to-month,Tenure: 24 months
1134-YWTYF,0.198,53.8,-37.03,no offer,Contract type: Month-to-month,Payment method: Electronic check
3890-RTCMS,0.215,49.45,-37.03,no offer,Tenure: 16 months,Contract type: Month-to-month
8148-BPLZQ,0.213,49.8,-37.05,no offer,Contract type: Month-to-month,Payment method: Electronic check
1432-FPAXX,0.347,30.6,-37.08,no offer,Contract type: Month-to-month,Payment method: Electronic check
2947-DOMLJ,0.209,50.6,-37.11,no offer,Tenure: 1 months,Contract type: Month-to-month
3055-MJDSB,0.431,24.6,-37.11,no offer,Tenure: 9 months,Contract type: Month-to-month
2931-XIQBR,0.103,103.05,-37.12,no offer,Internet service: Fiber optic,Streaming movies: Yes
6302-JGYRJ,0.133,79.45,-37.13,no offer,Streaming movies: Yes,Streaming TV: Yes
2294-DMMUS,0.15,70.45,-37.14,no offer,Contract type: Month-to-month,Streaming movies: Yes
9896-UYMIE,0.092,114.3,-37.17,no offer,Internet service: Fiber optic,Streaming movies: Yes
2452-SNHFZ,0.14,75.45,-37.17,no offer,Internet service: Fiber optic,Contract type: Month-to-month
2324-EFHVG,0.101,104.4,-37.17,no offer,Internet service: Fiber optic,Streaming movies: Yes
9895-VFOXH,0.433,24.4,-37.18,no offer,Tenure: 1 months,Contract type: Month-to-month
2604-XVDAM,0.241,43.8,-37.19,no offer,Tenure: 12 months,Contract type: Month-to-month
9494-BDNNC,0.111,95.3,-37.19,no offer,Internet service: Fiber optic,Payment method: Electronic check
7080-TNUWP,0.111,95.0,-37.23,no offer,Internet service: Fiber optic,Streaming TV: Yes
8976-OQHGT,0.186,56.5,-37.27,no offer,Tenure: 4 months,Contract type: Month-to-month
7954-MLBUN,0.106,99.45,-37.31,no offer,Internet service: Fiber optic,Streaming movies: Yes
5351-QESIO,0.434,24.2,-37.32,no offer,Tenure: 1 months,Contract type: Month-to-month
0314-TKOSI,0.19,55.15,-37.32,no offer,Tenure: 6 months,Contract type: Month-to-month
7041-TXQJH,0.261,40.2,-37.36,no offer,Contract type: Month-to-month,PhoneService: No
2165-VOEGB,0.1,105.2,-37.36,no offer,Internet service: Fiber optic,Streaming movies: Yes
0523-VNGTF,0.207,50.5,-37.41,no offer,Contract type: Month-to-month,Payment method: Electronic check
1121-QSIVB,0.135,77.55,-37.43,no offer,Streaming movies: Yes,Streaming TV: Yes
6656-JWRQX,0.342,30.55,-37.43,no offer,Tenure: 1 months,Contract type: Month-to-month
8735-IJJEG,0.208,50.2,-37.44,no offer,Tenure: 14 months,Contract type: Month-to-month
7361-YPXFS,0.162,64.45,-37.46,no offer,Contract type: Month-to-month,Senior citizen
0516-UXRMT,0.113,92.05,-37.47,no offer,Internet service: Fiber optic,Payment method: Electronic check
2155-AMQRX,0.189,54.9,-37.53,no offer,Contract type: Month-to-month,Online security: No
3445-HXXGF,0.23,45.3,-37.53,no offer,Contract type: Month-to-month,Payment method: Electronic check
4316-XCSLJ,0.207,50.3,-37.53,no offer,Tenure: 17 months,Contract type: Month-to-month
1685-VAYJF,0.23,45.2,-37.56,no offer,Tenure: 11 months,Contract type: Month-to-month
5999-LCXAO,0.347,29.9,-37.59,no offer,Tenure: 1 months,Contract type: Month-to-month
4829-ZLJTK,0.092,112.4,-37.62,no offer,Internet service: Fiber optic,Payment method: Electronic check
2858-MOFSQ,0.185,55.85,-37.63,no offer,Tenure: 17 months,Online security: No
2577-GVSIL,0.141,73.45,-37.64,no offer,Streaming movies: Yes,Streaming TV: Yes
4701-MLJPN,0.187,55.25,-37.65,no offer,Contract type: Month-to-month,Payment method: Electronic check
6917-IAYHD,0.308,33.6,-37.66,no offer,Tenure: 1 months,Contract type: Month-to-month
7148-XZPHA,0.13,79.4,-37.7,no offer,Internet service: Fiber optic,Contract type: Month-to-month
3714-XPXBW,0.131,78.9,-37.71,no offer,Contract type: Month-to-month,Streaming TV: Yes
2229-VWQJH,0.209,49.3,-37.73,no offer,Contract type: Month-to-month,Tenure: 24 months
5678-VFNEQ,0.099,104.1,-37.74,no offer,Internet service: Fiber optic,Streaming movies: Yes
5206-XZZQI,0.128,80.6,-37.79,no offer,Internet service: Fiber optic,Contract type: Month-to-month
4726-DLWQN,0.146,70.35,-37.79,no offer,Contract type: Month-to-month,Streaming TV: Yes
8292-TYSPY,0.187,55.0,-37.81,no offer,Contract type: Month-to-month,Tenure: 19 months
9076-AXYIK,0.101,102.1,-37.83,no offer,Internet service: Fiber optic,Payment method: Electronic check
0193-ESZXP,0.097,105.5,-37.88,no offer,Internet service: Fiber optic,Streaming movies: Yes
3865-ZYKAD,0.121,84.9,-37.9,no offer,Internet service: Fiber optic,Contract type: Month-to-month
9526-BIHHD,0.344,29.7,-37.91,no offer,Tenure: 1 months,Contract type: Month-to-month
6603-QWSPR,0.098,104.4,-37.92,no offer,Internet service: Fiber optic,Streaming movies: Yes
8474-UMLNT,0.15,67.8,-37.98,no offer,Tenure: 13 months,Contract type: Month-to-month
6728-DKUCO,0.098,104.15,-37.99,no offer,Internet service: Fiber optic,Payment method: Electronic check
5156-UMKOW,0.343,29.65,-38.02,no offer,Tenure: 3 months,Contract type: Month-to-month
5013-SBUIH,0.093,109.65,-38.03,no offer,Internet service: Fiber optic,Payment method: Electronic check
5176-LDKUH,0.135,75.15,-38.04,no offer,Internet service: Fiber optic,Payment method: Electronic check
5285-MVEHD,0.096,105.6,-38.06,no offer,Internet service: Fiber optic,Streaming movies: Yes
3787-TRIAL,0.39,26.05,-38.07,no offer,Contract type: Month-to-month,Tenure: 21 months
3255-GRXMG,0.222,45.65,-38.07,no offer,Tenure: 18 months,Contract type: Month-to-month
7089-XXAYG,0.266,38.1,-38.07,no offer,Tenure: 25 months,PhoneService: No
5478-JJVZK,0.167,60.9,-38.08,no offer,Contract type: Month-to-month,Multiple lines: Yes
0811-GSDTP,0.336,30.15,-38.13,no offer,Tenure: 13 months,Contract type: Month-to-month
9554-DFKIC,0.186,54.45,-38.15,no offer,Contract type: Month-to-month,Multiple lines: Yes
3865-YIOTT,0.095,106.1,-38.17,no offer,Internet service: Fiber optic,Streaming movies: Yes
6366-ZGQGL,0.407,24.8,-38.18,no offer,Tenure: 1 months,Contract type: Month-to-month
0156-FVPTA,0.186,54.2,-38.19,no offer,Contract type: Month-to-month,Tenure: 22 months
8769-KKTPH,0.101,99.65,-38.27,no offer,Internet service: Fiber optic,Streaming movies: Yes
7074-STDCN,0.248,40.6,-38.29,no offer,Contract type: Month-to-month,Payment method: Electronic check
0233-FTHAV,0.127,79.2,-38.3,no offer,Internet service: Fiber optic,Online security: No
6542-LWGXJ,0.402,25.0,-38.31,no offer,Tenure: 3 months,Contract type: Month-to-month
5223-UZAVK,0.1,100.3,-38.33,no offer,Internet service: Fiber optic,Streaming movies: Yes
2538-OIMXF,0.406,24.7,-38.34,no offer,Tenure: 1 months,Contract type: Month-to-month
8111-BKVDS,0.246,40.7,-38.36,no offer,Tenure: 10 months,Contract type: Month-to-month
8984-EYLLL,0.095,105.25,-38.36,no offer,Internet service: Fiber optic,Payment method: Electronic check
0002-ORFBO,0.153,65.6,-38.36,no offer,Tenure: 9 months,Streaming TV: Yes
6092-QZVPP,0.126,79.2,-38.4,no offer,Contract type: Month-to-month,Streaming movies: Yes
3898-BSJYF,0.136,73.55,-38.4,no offer,Tenure: 10 months,Streaming movies: Yes
0484-FFVBJ,0.153,64.85,-38.5,no offer,Streaming movies: Yes,Streaming TV: Yes
3082-VQXNH,0.334,29.8,-38.51,no offer,Tenure: 3 months,Contract type: Month-to-month
2234-XADUH,0.096,103.2,-38.51,no offer,Internet service: Fiber optic,Streaming movies: Yes
3058-WQDRE,0.395,25.15,-38.52,no offer,Tenure: 13 months,Contract type: Month-to-month
2712-SYWAY,0.386,25.7,-38.58,no offer,Tenure: 1 months,Contract type: Month-to-month
1559-DTODC,0.394,25.15,-38.58,no offer,Contract type: Month-to-month,Tenure: 19 months
1400-WIVLL,0.092,107.95,-38.58,no offer,Internet service: Fiber optic,Payment method: Electronic check
0991-BRRFB,0.201,49.4,-38.6,no offer,Tenure: 18 months,Contract type: Month-to-month
0917-EZOLA,0.095,104.15,-38.6,no offer,Internet service: Fiber optic,Streaming movies: Yes
3413-CSSTH,0.178,55.7,-38.64,no offer,Contract type: Month-to-month,Online security: No
1329-VHWNP,0.395,25.05,-38.64,no offer,Tenure: 7 months,Contract type: Month-to-month
6900-RBKER,0.11,89.45,-38.7,no offer,Internet service: Fiber optic,Streaming movies: Yes
8878-RYUKI,0.166,59.45,-38.7,no offer,Contract type: Month-to-month,Payment method: Electronic check
0665-XHDJU,0.099,99.4,-38.7,no offer,Internet service: Fiber optic,Payment method: Electronic check
7109-MFBYV,0.217,45.45,-38.71,no offer,Contract type: Month-to-month,Payment method: Electronic check
8905-IAZPF,0.103,95.65,-38.72,no offer,Internet service: Fiber optic,Streaming movies: Yes
8133-ANHHJ,0.096,103.0,-38.73,no offer,Internet service: Fiber optic,Streaming movies: Yes
1004-NOZNR,0.104,94.8,-38.73,no offer,Internet service: Fiber optic,Streaming movies: Yes
6505-OZNPG,0.155,63.4,-38.75,no offer,Tenure: 6 months,PhoneService: No
6261-LHRTG,0.18,54.75,-38.76,no offer,Contract type: Month-to-month,Tenure: 26 months
4827-LTQRJ,0.089,110.6,-38.8,no offer,Internet service: Fiber optic,Streaming movies: Yes
2805-EDJPQ,0.098,99.75,-38.8,no offer,Internet service: Fiber optic,Streaming movies: Yes
8008-ESFLK,0.089,110.5,-38.81,no offer,Internet service: Fiber optic,Payment method: Electronic check
1852-XEMDW,0.151,65.05,-38.83,no offer,Contract type: Month-to-month,Tenure: 22 months
1304-SEGFY,0.1,97.85,-38.85,no offer,Internet service: Fiber optic,Payment method: Electronic check
8735-DCXNF,0.178,54.95,-38.89,no offer,Tenure: 10 months,Contract type: Month-to-month
9609-BENEA,0.142,69.0,-38.89,no offer,Payment method: Electronic check,Streaming TV: Yes
5693-PIPCS,0.098,99.65,-38.89,no offer,Internet service: Fiber optic,Streaming movies: Yes
4622-YNKIJ,0.11,88.95,-38.9,no offer,Internet service: Fiber optic,Payment method: Electronic check
9391-LMANN,0.102,95.95,-38.91,no offer,Internet service: Fiber optic,Payment method: Electronic check
4119-ZYPZY,0.091,106.8,-38.94,no offer,Internet service: Fiber optic,Payment method: Electronic check
7639-SUPCW,0.2,48.8,-38.97,no offer,Contract type: Month-to-month,Tenure: 22 months
5161-XEUVX,0.103,94.3,-38.99,no offer,Internet service: Fiber optic,Streaming TV: Yes
7619-ODSGN,0.177,54.75,-39.02,no offer,Contract type: Month-to-month,Tenure: 24 months
1777-JYQPJ,0.399,24.3,-39.04,no offer,Tenure: 2 months,Contract type: Month-to-month
0939-EREMR,0.181,53.45,-39.05,no offer,Tenure: 13 months,Contract type: Month-to-month
5180-UCIIQ,0.242,40.05,-39.06,no offer,Contract type: Month-to-month,Tenure: 22 months
6333-YDVLT,0.088,110.0,-39.07,no offer,Internet service: Fiber optic,Streaming movies: Yes
6180-YBIQI,0.398,24.3,-39.12,no offer,Tenure: 5 months,Contract type: Month-to-month
4531-AUZNK,0.102,95.15,-39.14,no offer,Internet service: Fiber optic,Streaming TV: Yes
5133-VRSAB,0.328,29.35,-39.2,no offer,Tenure: 8 months,Contract type: Month-to-month
1816-FLZDK,0.33,29.15,-39.21,no offer,Tenure: 1 months,Contract type: Month-to-month
6794-HKIAJ,0.106,90.7,-39.22,no offer,Internet service: Fiber optic,Contract type: Month-to-month
5681-LLOEI,0.105,91.25,-39.25,no offer,Internet service: Fiber optic,Multiple lines: Yes
5966-EMAZU,0.088,108.5,-39.27,no offer,Internet service: Fiber optic,Streaming movies: Yes
9770-KXGQU,0.097,98.6,-39.27,no offer,Internet service: Fiber optic,Streaming TV: Yes
8182-PNAGI,0.191,50.25,-39.3,no offer,Tenure: 12 months,Contract type: Month-to-month
8205-OTCHB,0.219,43.75,-39.3,no offer,Tenure: 22 months,PhoneService: No
8561-NMTBD,0.085,112.35,-39.33,no offer,Internet service: Fiber optic,Streaming movies: Yes
0804-XBFBV,0.379,25.2,-39.4,no offer,Tenure: 11 months,Contract type: Month-to-month
5193-QLVZB,0.091,104.75,-39.41,no offer,Internet service: Fiber optic,Streaming movies: Yes
4282-MSACW,0.081,117.2,-39.42,no offer,Internet service: Fiber optic,Streaming movies: Yes
5832-TRLPB,0.126,75.35,-39.43,no offer,Streaming movies: Yes,Streaming TV: Yes
7666-WKRON,0.118,80.45,-39.44,no offer,Internet service: Fiber optic,Payment method: Electronic check
6480-YAGIY,0.085,112.2,-39.46,no offer,Internet service: Fiber optic,Streaming movies: Yes
5590-ZSKRV,0.174,54.65,-39.47,no offer,Tenure: 8 months,Contract type: Month-to-month
6475-VHUIZ,0.175,54.25,-39.47,no offer,Contract type: Month-to-month,Tenure: 23 months
5514-YQENT,0.085,111.15,-39.48,no offer,Internet service: Fiber optic,Payment method: Electronic check
3794-NFNCH,0.19,50.0,-39.5,no offer,Contract type: Month-to-month,Online security: No
4701-AHWMW,0.174,54.55,-39.51,no offer,Contract type: Month-to-month,PhoneService: No
4075-WKNIU,0.129,73.35,-39.53,no offer,Tenure: 0 months,Streaming TV: Yes
2277-BKJKN,0.095,99.2,-39.54,no offer,Internet service: Fiber optic,Payment method: Electronic check
4710-NKCAW,0.147,64.4,-39.55,no offer,Tenure: 5 months,Contract type: Month-to-month
5985-TBABQ,0.127,74.75,-39.55,no offer,Streaming movies: Yes,Streaming TV: Yes
3571-DPYUH,0.1,94.7,-39.56,no offer,Internet service: Fiber optic,Streaming TV: Yes
9763-GRSKD,0.189,49.95,-39.58,no offer,Tenure: 13 months,Contract type: Month-to-month
1346-PJWTK,0.1,94.15,-39.58,no offer,Internet service: Fiber optic,Contract type: Month-to-month
3038-PQIUY,0.143,66.15,-39.59,no offer,Contract type: Month-to-month,Multiple lines: Yes
8033-ATFAS,0.157,59.85,-39.67,no offer,Contract type: Month-to-month,Streaming TV: Yes
4683-WYDOU,0.087,107.6,-39.69,no offer,Internet service: Fiber optic,Streaming movies: Yes
6029-CSMJE,0.366,25.65,-39.72,no offer,Tenure: 17 months,Contract type: Month-to-month
2307-FYNNL,0.086,109.05,-39.73,no offer,Internet service: Fiber optic,Payment method: Electronic check
6296-DDOOR,0.161,58.2,-39.73,no offer,Tenure: 19 months,Payment method: Electronic check
9152-AMKAK,0.117,80.25,-39.76,no offer,Tenure: 6 months,Streaming movies: Yes
6728-CZFEI,0.167,56.15,-39.79,no offer,Tenure: 15 months,Streaming TV: Yes
1153-GNOLC,0.239,39.1,-39.86,no offer,Payment method: Electronic check,PhoneService: No
6128-DAFVY,0.208,44.85,-39.89,no offer,Contract type: Month-to-month,PhoneService: No
1976-AZZPJ,0.272,34.2,-39.91,no offer,Tenure: 7 months,Contract type: Month-to-month
6022-KOUQO,0.32,29.05,-39.95,no offer,Tenure: 2 months,Contract type: Month-to-month
3552-CTCYF,0.089,104.8,-39.95,no offer,Internet service: Fiber optic,Streaming movies: Yes
2782-JEEBU,0.257,36.0,-39.98,no offer,Contract type: Month-to-month,Tenure: 21 months
7883-ROJOC,0.206,44.9,-39.99,no offer,Contract type: Month-to-month,Tenure: 19 months
0308-GIQJT,0.088,105.75,-40.0,no offer,Internet service: Fiber optic,Streaming movies: Yes
6994-FGRHH,0.087,106.15,-40.04,no offer,Internet service: Fiber optic,Payment method: Electronic check
3640-JQGJG,0.206,44.8,-40.09,no offer,Tenure: 13 months,Contract type: Month-to-month
7746-AWNQW,0.258,35.75,-40.09,no offer,Contract type: Month-to-month,PhoneService: No
0032-PGELS,0.302,30.5,-40.09,no offer,Tenure: 1 months,Contract type: Month-to-month
0689-DSXGL,0.107,85.8,-40.13,no offer,Internet service: Fiber optic,Contract type: Month-to-month
6303-KFWSL,0.166,55.25,-40.14,no offer,Payment method: Electronic check,Online security: No
0218-QNVAS,0.091,100.55,-40.15,no offer,Internet service: Fiber optic,Streaming movies: Yes
7629-WFGLW,0.096,95.65,-40.15,no offer,Internet service: Fiber optic,Payment method: Electronic check
7940-UQQUG,0.088,104.4,-40.17,no offer,Internet service: Fiber optic,Streaming movies: Yes
3272-VUHPV,0.163,56.3,-40.18,no offer,Tenure: 8 months,Contract type: Month-to-month
7964-ZRKKG,0.104,88.4,-40.18,no offer,Internet service: Fiber optic,Streaming TV: Yes
0356-OBMAC,0.092,99.9,-40.2,no offer,Internet service: Fiber optic,Streaming TV: Yes
8401-EMUWF,0.132,69.4,-40.24,no offer,Contract type: Month-to-month,Streaming TV: Yes
5027-YOCXN,0.083,110.05,-40.24,no offer,Internet service: Fiber optic,Streaming movies: Yes
4489-SNOJF,0.127,72.25,-40.25,no offer,Contract type: Month-to-month,Payment method: Electronic check
7055-VKGDA,0.087,105.4,-40.3,no offer,Internet service: Fiber optic,Streaming movies: Yes
4592-IWTJI,0.307,29.7,-40.31,no offer,Tenure: 3 months,Contract type: Month-to-month
4418-LZMSV,0.147,61.8,-40.33,no offer,Tenure: 13 months,Contract type: Month-to-month
4132-POCZS,0.228,39.9,-40.34,no offer,Contract type: Month-to-month,Payment method: Electronic check
9107-UKCKY,0.114,79.8,-40.36,no offer,Payment method: Electronic check,Streaming movies: Yes
5195-KPUNQ,0.094,96.75,-40.38,no offer,Internet service: Fiber optic,Streaming movies: Yes
4360-QRAVE,0.247,36.65,-40.42,no offer,Contract type: Month-to-month,Payment method: Electronic check
0795-GMVQO,0.082,109.9,-40.44,no offer,Internet service: Fiber optic,Streaming movies: Yes
6137-MFAJN,0.202,44.8,-40.45,no offer,Contract type: Month-to-month,Payment method: Electronic check
6497-TILVL,0.178,50.7,-40.46,no offer,Tenure: 7 months,Contract type: Month-to-month
1679-JRFBR,0.084,108.15,-40.46,no offer,Internet service: Fiber optic,Streaming movies: Yes
6873-UDNLD,0.134,67.45,-40.48,no offer,Contract type: Month-to-month,Payment method: Electronic check
4785-QRJHC,0.151,59.9,-40.51,no offer,PhoneService: No,Streaming movies: Yes
0699-NDKJM,0.154,58.75,-40.52,no offer,Contract type: Month-to-month,PhoneService: No
9513-DXHDA,0.11,81.7,-40.53,no offer,Payment method: Electronic check,Streaming movies: Yes
0186-CAERR,0.077,116.3,-40.53,no offer,Internet service: Fiber optic,Streaming movies: Yes
9114-VEPUF,0.094,96.1,-40.54,no offer,Internet service: Fiber optic,Payment method: Electronic check
7566-DSRLQ,0.082,110.15,-40.56,no offer,Internet service: Fiber optic,Payment method: Electronic check
5294-IMHHT,0.092,97.75,-40.56,no offer,Internet service: Fiber optic,Streaming movies: Yes
8402-EIVQS,0.089,100.9,-40.61,no offer,Internet service: Fiber optic,Streaming movies: Yes
8591-NXRCV,0.12,74.65,-40.61,no offer,Contract type: Month-to-month,Streaming movies: Yes
0725-CXOTM,0.1,89.65,-40.63,no offer,Streaming movies: Yes,Streaming TV: Yes
5206-HPJKM,0.162,55.5,-40.63,no offer,Tenure: 17 months,Contract type: Month-to-month
9086-YJYXS,0.116,77.2,-40.63,no offer,Streaming movies: Yes,Streaming TV: Yes
9496-IVVRP,0.175,51.0,-40.67,no offer,Tenure: 11 months,Contract type: Month-to-month
3689-MOZGR,0.287,31.2,-40.67,no offer,Contract type: Month-to-month,Payment method: Electronic check
3594-KADLU,0.255,35.1,-40.68,no offer,Tenure: 3 months,Contract type: Month-to-month
6981-TDRFT,0.165,54.3,-40.68,no offer,Payment method: Electronic check,PhoneService: No
3729-OWRVL,0.081,110.35,-40.75,no offer,Internet service: Fiber optic,Payment method: Electronic check
2371-KFUOG,0.09,99.15,-40.78,no offer,Internet service: Fiber optic,Streaming movies: Yes
5349-AZPEW,0.355,25.05,-40.78,no offer,Tenure: 5 months,Contract type: Month-to-month
3016-KSVCP,0.263,33.75,-40.79,no offer,Contract type: Month-to-month,PhoneService: No
6837-HAEVO,0.085,105.0,-40.8,no offer,Internet service: Fiber optic,Payment method: Electronic check
9128-CPXKI,0.093,95.8,-40.81,no offer,Internet service: Fiber optic,Payment method: Electronic check
8200-KLNYW,0.11,80.9,-40.81,no offer,Tenure: 21 months,Streaming movies: Yes
2796-UUZZO,0.111,80.3,-40.82,no offer,Internet service: Fiber optic,Contract type: Month-to-month
7105-MXJLL,0.146,60.7,-40.82,no offer,Tenure: 26 months,Streaming movies: Yes
1621-YNCJH,0.084,106.05,-40.83,no offer,Internet service: Fiber optic,Streaming movies: Yes
9097-ZUBYC,0.182,48.8,-40.83,no offer,Tenure: 14 months,Contract type: Month-to-month
1347-KTTTA,0.087,102.45,-40.84,no offer,Internet service: Fiber optic,Streaming movies: Yes
1925-LFCZZ,0.177,50.05,-40.84,no offer,PhoneService: No,Streaming movies: Yes
8799-OXZMD,0.298,29.75,-40.86,no offer,Contract type: Month-to-month,PhoneService: No
4501-VCPFK,0.248,35.75,-40.88,no offer,Contract type: Month-to-month,Payment method: Electronic check
3863-IUBJR,0.165,53.65,-40.9,no offer,Tenure: 12 months,Streaming movies: Yes
0864-FVJNJ,0.078,113.35,-40.91,no offer,Internet service: Fiber optic,Payment method: Electronic check
6305-YLBMM,0.085,104.05,-40.96,no offer,Internet service: Fiber optic,Streaming movies: Yes
8314-DPQHL,0.173,50.8,-40.97,no offer,Tenure: 9 months,PhoneService: No
5155-AZQPB,0.176,49.9,-40.98,no offer,Contract type: Month-to-month,Online security: No
8847-GEOOQ,0.146,60.2,-40.99,no offer,Contract type: Month-to-month,PhoneService: No
5236-PERKL,0.078,112.95,-41.02,no offer,Internet service: Fiber optic,Streaming movies: Yes
8100-HZZLJ,0.137,63.95,-41.04,no offer,Contract type: Month-to-month,Payment method: Electronic check
8070-AAWZP,0.256,34.25,-41.06,no offer,Contract type: Month-to-month,Tenure: 24 months
5756-JYOJT,0.135,64.9,-41.07,no offer,Tenure: 11 months,Streaming movies: Yes
2851-MMUTZ,0.156,56.15,-41.09,no offer,Contract type: Month-to-month,Tenure: 27 months
6624-JDRDS,0.297,29.45,-41.1,no offer,Tenure: 6 months,Contract type: Month-to-month
9633-DENPU,0.149,58.6,-41.11,no offer,Contract type: Month-to-month,Streaming TV: Yes
2770-NSVDG,0.301,29.1,-41.11,no offer,Contract type: Month-to-month,Tenure: 24 months
1629-DQQVB,0.174,50.1,-41.12,no offer,Tenure: 14 months,Contract type: Month-to-month
4190-MFLUW,0.158,55.2,-41.12,no offer,Tenure: 10 months,Contract type: Month-to-month
9518-IMLHK,0.121,72.45,-41.13,no offer,Contract type: Month-to-month,Streaming TV: Yes
6297-NOOPG,0.079,110.5,-41.15,no offer,Internet service: Fiber optic,Payment method: Electronic check
4833-QTJNO,0.104,83.85,-41.16,no offer,Internet service: Fiber optic,Contract type: Month-to-month
7336-RLLRH,0.108,80.85,-41.18,no offer,Streaming movies: Yes,Streaming TV: Yes
9798-DRYDS,0.14,61.95,-41.24,no offer,Tenure: 17 months,Online security: No
4628-CTTLA,0.221,39.3,-41.28,no offer,Contract type: Month-to-month,Payment method: Electronic check
6242-SGYTS,0.091,94.95,-41.31,no offer,Internet service: Fiber optic,Streaming TV: Yes
3815-SLMEF,0.253,34.25,-41.31,no offer,Tenure: 3 months,Contract type: Month-to-month
7572-KPVKK,0.083,104.05,-41.38,no offer,Internet service: Fiber optic,Payment method: Electronic check
3948-FVVRP,0.157,54.8,-41.39,no offer,Tenure: 9 months,Contract type: Month-to-month
8082-GHXOP,0.196,44.0,-41.41,no offer,Tenure: 13 months,Contract type: Month-to-month
0870-VEMYL,0.16,53.85,-41.42,no offer,Tenure: 5 months,Contract type: Month-to-month
4742-DRORA,0.09,95.4,-41.44,no offer,Internet service: Fiber optic,Streaming TV: Yes
3096-WPXBT,0.085,100.7,-41.45,no offer,Internet service: Fiber optic,Streaming movies: Yes
0201-MIBOL,0.084,102.4,-41.45,no offer,Internet service: Fiber optic,Streaming movies: Yes
9820-RMCQV,0.177,48.55,-41.45,no offer,Tenure: 11 months,Contract type: Month-to-month
7803-XOCCZ,0.102,84.05,-41.46,no offer,Internet service: Fiber optic,Contract type: Month-to-month
8261-GWDBQ,0.074,116.05,-41.46,no offer,Internet service: Fiber optic,Streaming movies: Yes
2469-DTSGX,0.077,111.65,-41.48,no offer,Internet service: Fiber optic,Payment method: Electronic check
4366-CTOUZ,0.085,100.2,-41.53,no offer,Internet service: Fiber optic,Streaming movies: Yes
0744-GKNGE,0.098,86.8,-41.53,no offer,Internet service: Fiber optic,Contract type: Month-to-month
4177-JPDFU,0.251,34.0,-41.54,no offer,Tenure: 12 months,Contract type: Month-to-month
4189-NAKJS,0.166,51.55,-41.55,no offer,Tenure: 26 months,Online security: No
0440-UEDAI,0.09,94.45,-41.55,no offer,Internet service: Fiber optic,Streaming movies: Yes
0440-QEXBZ,0.17,50.15,-41.58,no offer,Contract type: Month-to-month,Online security: No
1442-OKRJE,0.082,103.15,-41.66,no offer,Internet service: Fiber optic,Streaming movies: Yes
3594-UVONA,0.099,85.95,-41.67,no offer,Streaming movies: Yes,Streaming TV: Yes
9795-VOWON,0.348,24.35,-41.7,no offer,Tenure: 7 months,Monthly bill: $24
1337-BOZWO,0.182,46.4,-41.71,no offer,Tenure: 18 months,PhoneService: No
1921-KYSAY,0.123,68.6,-41.72,no offer,Payment method: Electronic check,Streaming movies: Yes
3758-CKOQL,0.079,107.0,-41.74,no offer,Internet service: Fiber optic,Streaming movies: Yes
8107-RZLNV,0.079,106.3,-41.76,no offer,Internet service: Fiber optic,Streaming movies: Yes
4282-ACRXS,0.34,24.85,-41.77,no offer,Contract type: Month-to-month,Payment method: Electronic check
7217-JYHOQ,0.12,70.3,-41.78,no offer,Contract type: Month-to-month,Tenure: 24 months
5445-PZWGX,0.083,102.0,-41.78,no offer,Internet service: Fiber optic,Payment method: Electronic check
4310-KEDTB,0.283,29.8,-41.79,no offer,Contract type: Month-to-month,PhoneService: No
9862-KJTYK,0.332,25.35,-41.82,no offer,Contract type: Month-to-month,Tenure: 19 months
5081-NWSUP,0.13,64.9,-41.83,no offer,Tenure: 10 months,Streaming movies: Yes
3570-YUEKJ,0.169,49.55,-41.9,no offer,Contract type: Month-to-month,Payment method: Electronic check
5921-NGYRH,0.114,73.55,-41.92,no offer,Internet service: Fiber optic,Contract type: Month-to-month
2911-IJORQ,0.092,90.6,-41.93,no offer,Streaming movies: Yes,Streaming TV: Yes
4822-LPTYJ,0.08,103.75,-41.97,no offer,Internet service: Fiber optic,Streaming movies: Yes
8034-RYTVV,0.099,84.25,-41.99,no offer,Internet service: Fiber optic,Multiple lines: Yes
3733-UOCWF,0.097,85.55,-42.01,no offer,Internet service: Fiber optic,Senior citizen
0723-FDLAY,0.098,85.25,-42.04,no offer,Streaming movies: Yes,Streaming TV: Yes
9134-WYRVP,0.096,86.35,-42.04,no offer,Internet service: Fiber optic,Streaming TV: Yes
0257-KXZGU,0.133,62.45,-42.05,no offer,Contract type: Month-to-month,Online security: No
1492-QGCLU,0.097,85.7,-42.05,no offer,Contract type: Month-to-month,Payment method: Electronic check
3275-RHRNE,0.138,60.0,-42.07,no offer,PhoneService: No,Streaming movies: Yes
4712-AUQZO,0.246,33.6,-42.13,no offer,Tenure: 18 months,Contract type: Month-to-month
0297-RBCSG,0.127,65.35,-42.14,no offer,Tenure: 19 months,Streaming movies: Yes
5829-NVSQN,0.12,68.75,-42.15,no offer,Tenure: 23 months,Streaming movies: Yes
1131-SUEKT,0.084,98.45,-42.18,no offer,Internet service: Fiber optic,Streaming movies: Yes
3948-XHGNA,0.166,49.55,-42.23,no offer,Contract type: Month-to-month,Tenure: 24 months
1265-XTECC,0.085,96.55,-42.27,no offer,Internet service: Fiber optic,Streaming movies: Yes
7382-DFJTU,0.149,55.2,-42.28,no offer,Tenure: 18 months,Contract type: Month-to-month
2599-CZABP,0.184,44.6,-42.3,no offer,Tenure: 14 months,Payment method: Electronic check
7811-JIVPF,0.165,49.7,-42.3,no offer,Contract type: Month-to-month,Tenure: 23 months
9848-JQJTX,0.081,100.9,-42.32,no offer,Internet service: Fiber optic,Streaming movies: Yes
5089-IFSDP,0.075,109.45,-42.33,no offer,Internet service: Fiber optic,Streaming movies: Yes
1353-GHZOS,0.137,59.75,-42.33,no offer,Tenure: 22 months,Streaming TV: Yes
2250-IVBWA,0.101,81.05,-42.33,no offer,Internet service: Fiber optic,Contract type: Month-to-month
1697-BCSHV,0.122,66.8,-42.36,no offer,Contract type: Month-to-month,Streaming TV: Yes
5709-LVOEQ,0.101,80.85,-42.37,no offer,Tenure: 0 months,Streaming movies: Yes
4186-ZBUEW,0.115,70.7,-42.4,no offer,Streaming movies: Yes,Online security: No
9863-JZAIC,0.148,55.0,-42.42,no offer,Contract type: Month-to-month,Streaming TV: Yes
8809-RIHDD,0.079,103.4,-42.43,no offer,Internet service: Fiber optic,Payment method: Electronic check
8319-QBEHW,0.204,39.95,-42.44,no offer,PhoneService: No,Tenure: 26 months
5327-CNLUQ,0.084,96.9,-42.45,no offer,Internet service: Fiber optic,Streaming TV: Yes
5440-FLBQG,0.075,108.4,-42.47,no offer,Internet service: Fiber optic,Streaming movies: Yes
7909-FIOIY,0.326,24.85,-42.5,no offer,Contract type: Month-to-month,Tenure: 19 months
8919-FYFQZ,0.267,30.35,-42.51,no offer,Contract type: Month-to-month,Payment method: Electronic check
0420-BWTPW,0.317,25.5,-42.52,no offer,Tenure: 8 months,Contract type: Month-to-month
1371-WEPDS,0.145,55.8,-42.54,no offer,Payment method: Electronic check,Streaming movies: Yes
6838-YAUVY,0.085,95.1,-42.55,no offer,Internet service: Fiber optic,Streaming movies: Yes
6713-OKOMC,0.271,29.75,-42.56,no offer,Tenure: 10 months,Contract type: Month-to-month
8563-IIOXK,0.162,49.75,-42.58,no offer,Tenure: 7 months,Payment method: Electronic check
2889-FPWRM,0.068,117.8,-42.59,no offer,Internet service: Fiber optic,Streaming movies: Yes
6738-ISCBM,0.149,54.0,-42.63,no offer,Payment method: Electronic check,PhoneService: No
1163-ONYEY,0.108,74.55,-42.63,no offer,Contract type: Month-to-month,Streaming TV: Yes
3104-OWCGK,0.088,90.95,-42.7,no offer,Internet service: Fiber optic,Payment method: Electronic check
8671-KKKOS,0.176,45.55,-42.71,no offer,Contract type: Month-to-month,Payment method: Electronic check
7159-NOKYQ,0.086,93.15,-42.71,no offer,Internet service: Fiber optic,Payment method: Electronic check
5876-HZVZM,0.143,55.9,-42.71,no offer,Tenure: 6 months,Contract type: Month-to-month
5837-LXSDN,0.136,58.85,-42.72,no offer,Tenure: 21 months,Streaming TV: Yes
7432-FFVAR,0.088,90.95,-42.75,no offer,Internet service: Fiber optic,Streaming movies: Yes
5120-ZBLAI,0.105,75.7,-42.76,no offer,Streaming movies: Yes,Streaming TV: Yes
5397-TUPSH,0.112,70.95,-42.77,no offer,Internet service: Fiber optic,Senior citizen
9591-YVTEB,0.177,44.85,-42.81,no offer,Contract type: Month-to-month,Payment method: Electronic check
5151-HQRDG,0.145,55.05,-42.81,no offer,Contract type: Month-to-month,Multiple lines: Yes
8845-LWKGE,0.123,64.5,-42.81,no offer,Payment method: Electronic check,Streaming TV: Yes
4806-DXQCE,0.07,113.65,-42.84,no offer,Internet service: Fiber optic,Payment method: Electronic check
8901-HJXTF,0.272,29.2,-42.86,no offer,Tenure: 12 months,Contract type: Month-to-month
6368-NWMCE,0.116,68.15,-42.87,no offer,Contract type: Month-to-month,Streaming movies: Yes
9031-ZVQPT,0.073,108.2,-42.9,no offer,Internet service: Fiber optic,Payment method: Electronic check
9330-VOFSZ,0.071,110.8,-42.91,no offer,Internet service: Fiber optic,Streaming movies: Yes
0909-SDHNU,0.265,29.8,-42.92,no offer,Tenure: 7 months,Contract type: Month-to-month
1360-RCYRT,0.26,30.35,-42.93,no offer,Contract type: Month-to-month,Tenure: 23 months
6865-JZNKO,0.143,55.3,-42.94,no offer,Contract type: Month-to-month,Tech support: No
3528-HFRIQ,0.151,52.3,-42.96,no offer,Contract type: Month-to-month,PhoneService: No
8627-EHGIP,0.146,53.95,-43.0,no offer,PhoneService: No,Streaming movies: Yes
2259-OUUSZ,0.221,35.5,-43.03,no offer,Tenure: 7 months,PhoneService: No
2533-TIBIX,0.26,30.2,-43.04,no offer,Tenure: 15 months,Contract type: Month-to-month
5353-WILCI,0.14,56.05,-43.06,no offer,Contract type: Month-to-month,Payment method: Electronic check
8318-LCNBW,0.147,53.15,-43.07,no offer,PhoneService: No,Streaming movies: Yes
6933-VLYFX,0.131,59.95,-43.08,no offer,Payment method: Electronic check,PhoneService: No
4580-TMHJU,0.139,56.15,-43.1,no offer,Contract type: Month-to-month,Payment method: Electronic check
9405-GPBBG,0.071,110.5,-43.1,no offer,Internet service: Fiber optic,Streaming movies: Yes
8224-IVVPA,0.138,56.7,-43.1,no offer,Contract type: Month-to-month,Tenure: 27 months
7997-EASSD,0.096,81.2,-43.11,no offer,Internet service: Fiber optic,Online security: No
2419-FSORS,0.072,108.4,-43.14,no offer,Internet service: Fiber optic,Payment method: Electronic check
0396-UKGAI,0.141,55.3,-43.17,no offer,Contract type: Month-to-month,Tenure: 23 months
4389-UEFCZ,0.074,105.5,-43.17,no offer,Internet service: Fiber optic,Payment method: Electronic check
4159-NAAIX,0.08,97.45,-43.2,no offer,Internet service: Fiber optic,Streaming movies: Yes
4091-TVOCN,0.099,78.75,-43.21,no offer,Streaming movies: Yes,Streaming TV: Yes
8089-UZWLX,0.075,104.05,-43.22,no offer,Internet service: Fiber optic,Streaming movies: Yes
3282-ZISZV,0.093,83.7,-43.23,no offer,Streaming movies: Yes,Streaming TV: Yes
9488-FYQAU,0.071,109.25,-43.26,no offer,Internet service: Fiber optic,Streaming movies: Yes
0696-UKTOX,0.143,54.15,-43.27,no offer,Contract type: Month-to-month,Tenure: 23 months
1208-DNHLN,0.16,48.35,-43.29,no offer,Tenure: 23 months,Online security: No
4423-JWZJN,0.086,90.25,-43.3,no offer,Internet service: Fiber optic,Streaming movies: Yes
9504-DSHWM,0.13,59.2,-43.35,no offer,Contract type: Month-to-month,Tenure: 20 months
3470-BTGQO,0.169,45.65,-43.35,no offer,Contract type: Month-to-month,Tenure: 21 months
5815-HGGHV,0.12,64.15,-43.43,no offer,Tenure: 20 months,Streaming movies: Yes
2202-OUTMO,0.126,60.85,-43.44,no offer,Contract type: Month-to-month,Multiple lines: Yes
5640-CAXOA,0.19,40.35,-43.45,no offer,PhoneService: No,Streaming movies: Yes
2530-ENDWQ,0.082,93.7,-43.45,no offer,Internet service: Fiber optic,Streaming movies: Yes
4544-RXFMG,0.176,43.45,-43.45,no offer,Tenure: 8 months,Online security: No
3307-TLCUD,0.223,34.4,-43.46,no offer,Tenure: 17 months,Contract type: Month-to-month
4626-OZDTJ,0.097,78.65,-43.47,no offer,Streaming movies: Yes,Streaming TV: Yes
0655-YDGFJ,0.156,48.95,-43.48,no offer,Contract type: Month-to-month,Online security: No
7036-TYDEC,0.074,104.0,-43.48,no offer,Internet service: Fiber optic,Payment method: Electronic check
7078-NVFAM,0.218,35.15,-43.48,no offer,Contract type: Month-to-month,Payment method: Electronic check
0068-FIGTF,0.098,78.2,-43.51,no offer,Streaming movies: Yes,Streaming TV: Yes
0536-ACXIP,0.07,109.55,-43.52,no offer,Internet service: Fiber optic,Payment method: Electronic check
5995-OIGLP,0.135,56.65,-43.54,no offer,Tenure: 12 months,Contract type: Month-to-month
1585-MQSSU,0.148,51.5,-43.55,no offer,Tenure: 17 months,Contract type: Month-to-month
3327-YBAKM,0.079,96.9,-43.55,no offer,Internet service: Fiber optic,Streaming movies: Yes
3638-DIMPH,0.173,43.8,-43.59,no offer,Tenure: 13 months,Payment method: Electronic check
0743-HRVFF,0.135,56.15,-43.61,no offer,Payment method: Electronic check,PhoneService: No
0668-OGMHD,0.266,28.5,-43.63,no offer,Contract type: Month-to-month,Tenure: 21 months
9677-AVKED,0.089,84.6,-43.65,no offer,Payment method: Electronic check,Streaming movies: Yes
4837-QUSFT,0.076,100.15,-43.66,no offer,Internet service: Fiber optic,Streaming TV: Yes
4504-YOULA,0.127,59.45,-43.66,no offer,Contract type: Month-to-month,Multiple lines: Yes
8644-XYTSV,0.188,40.15,-43.71,no offer,Contract type: Month-to-month,PhoneService: No
9715-WZCLW,0.078,97.2,-43.71,no offer,Internet service: Fiber optic,Payment method: Electronic check
3635-JBPSG,0.194,38.8,-43.76,no offer,Tenure: 15 months,PhoneService: No
7820-ZYGNY,0.083,90.45,-43.77,no offer,Internet service: Fiber optic,Streaming movies: Yes
6214-EDAKZ,0.136,55.15,-43.78,no offer,Contract type: Month-to-month,Tenure: 22 months
1202-KKGFU,0.138,54.2,-43.81,no offer,Tenure: 12 months,Contract type: Month-to-month
5084-OOVCJ,0.135,55.35,-43.84,no offer,Tenure: 17 months,Contract type: Month-to-month
7134-HBPBS,0.069,108.1,-43.84,no offer,Internet service: Fiber optic,Streaming movies: Yes
3716-LRGXK,0.074,101.15,-43.86,no offer,Internet service: Fiber optic,Streaming movies: Yes
2212-LYASK,0.163,45.85,-43.88,no offer,PhoneService: No,Streaming movies: Yes
0128-MKWSG,0.163,45.8,-43.91,no offer,Contract type: Month-to-month,PhoneService: No
1060-ENTOF,0.071,105.4,-43.91,no offer,Internet service: Fiber optic,Streaming movies: Yes
3221-CJMSG,0.145,51.1,-43.98,no offer,Contract type: Month-to-month,Tenure: 24 months
7105-BENQF,0.114,64.85,-44.01,no offer,Tenure: 15 months,Streaming movies: Yes
5748-RNCJT,0.069,106.5,-44.02,no offer,Internet service: Fiber optic,Streaming movies: Yes
8017-UVSZU,0.131,56.6,-44.03,no offer,Contract type: Month-to-month,Online security: No
1376-HHBDV,0.151,48.8,-44.04,no offer,Contract type: Month-to-month,Tech support: No
6907-CQGPN,0.215,34.3,-44.05,no offer,Contract type: Month-to-month,Payment method: Electronic check
0052-DCKON,0.064,115.8,-44.05,no offer,Internet service: Fiber optic,Streaming movies: Yes
3324-OIRTO,0.071,104.65,-44.06,no offer,Internet service: Fiber optic,Streaming movies: Yes
0447-BEMNG,0.163,45.3,-44.07,no offer,Contract type: Month-to-month,PhoneService: No
4903-CNOZC,0.104,70.9,-44.07,no offer,Streaming movies: Yes,Online security: No
9586-JGQKH,0.07,105.4,-44.14,no offer,Internet service: Fiber optic,Streaming movies: Yes
1162-ECVII,0.067,109.75,-44.17,no offer,Internet service: Fiber optic,Streaming movies: Yes
5360-LJCNJ,0.07,105.15,-44.17,no offer,Internet service: Fiber optic,Streaming movies: Yes
0997-YTLNY,0.15,48.8,-44.18,no offer,Contract type: Month-to-month,Tenure: 19 months
3374-TTZTK,0.069,106.3,-44.2,no offer,Internet service: Fiber optic,Payment method: Electronic check
8707-HOEDG,0.066,110.2,-44.2,no offer,Internet service: Fiber optic,Payment method: Electronic check
3137-NYQQI,0.113,64.8,-44.21,no offer,Tenure: 17 months,Streaming movies: Yes
6344-SFJVH,0.293,24.9,-44.24,no offer,Contract type: Month-to-month,Tenure: 20 months
7049-GKVZY,0.091,79.85,-44.26,no offer,Tenure: 17 months,Streaming movies: Yes
3192-NQECA,0.066,110.0,-44.26,no offer,Internet service: Fiber optic,Streaming movies: Yes
6784-XYJAE,0.13,55.8,-44.28,no offer,Payment method: Electronic check,Online security: No
0308-IVGOK,0.18,40.4,-44.33,no offer,Tenure: 11 months,PhoneService: No
6308-CQRBU,0.066,109.25,-44.34,no offer,Internet service: Fiber optic,Payment method: Electronic check
6408-OTUBZ,0.069,104.55,-44.34,no offer,Internet service: Fiber optic,Streaming TV: Yes
9115-YQHGA,0.142,51.1,-44.34,no offer,Contract type: Month-to-month,Payment method: Electronic check
9060-HJJRW,0.128,56.4,-44.35,no offer,PhoneService: No,Streaming movies: Yes
2499-AJYUA,0.065,110.8,-44.35,no offer,Internet service: Fiber optic,Streaming movies: Yes
8819-ZBYNA,0.066,109.1,-44.36,no offer,Internet service: Fiber optic,Streaming movies: Yes
3472-OAOOR,0.207,34.95,-44.4,no offer,Contract type: Month-to-month,Tenure: 19 months
5032-USPKF,0.086,84.1,-44.41,no offer,Streaming movies: Yes,Streaming TV: Yes
0835-JKADZ,0.065,111.25,-44.43,no offer,Internet service: Fiber optic,Payment method: Electronic check
4023-RTIQM,0.143,50.4,-44.44,no offer,PhoneService: No,Streaming movies: Yes
2272-WUSPA,0.065,110.75,-44.45,no offer,Internet service: Fiber optic,Payment method: Electronic check
1527-SXDPN,0.075,96.25,-44.46,no offer,Internet service: Fiber optic,Streaming movies: Yes
1810-MVMAI,0.106,67.6,-44.46,no offer,Contract type: Month-to-month,Payment method: Electronic check
7654-YWJUF,0.085,84.25,-44.47,no offer,Internet service: Fiber optic,Paperless billing: Yes
1518-OMDIK,0.161,44.55,-44.48,no offer,Contract type: Month-to-month,Online security: No
2578-JQPHZ,0.072,100.1,-44.48,no offer,Internet service: Fiber optic,Streaming movies: Yes
8646-JCOMS,0.079,90.55,-44.5,no offer,Internet service: Fiber optic,Online security: No
0623-EJQEG,0.077,93.55,-44.51,no offer,Internet service: Fiber optic,Payment method: Electronic check
7184-LRUUR,0.11,65.25,-44.56,no offer,Tenure: 22 months,Streaming TV: Yes
2533-QVMSK,0.076,94.1,-44.57,no offer,Internet service: Fiber optic,Payment method: Electronic check
7622-NXQZR,0.237,30.1,-44.57,no offer,Contract type: Month-to-month,PhoneService: No
5304-EFJLP,0.064,111.65,-44.58,no offer,Internet service: Fiber optic,Streaming movies: Yes
2692-PFYTJ,0.277,25.75,-44.59,no offer,Tenure: 1 months,Contract type: Month-to-month
3160-TYXLT,0.154,46.3,-44.61,no offer,Contract type: Month-to-month,PhoneService: No
6289-CPNLD,0.096,73.9,-44.62,no offer,Streaming movies: Yes,Streaming TV: Yes
5153-LXKDT,0.065,110.2,-44.64,no offer,Internet service: Fiber optic,Payment method: Electronic check
9378-FXTIZ,0.101,70.15,-44.65,no offer,Streaming movies: Yes,Streaming TV: Yes
7610-TVOPG,0.269,26.35,-44.67,no offer,Tenure: 15 months,Contract type: Month-to-month
3197-NNYNB,0.067,105.1,-44.69,no offer,Internet service: Fiber optic,Streaming movies: Yes
8896-BQTTI,0.283,25.0,-44.69,no offer,Tenure: 1 months,Contract type: Month-to-month
3537-RYBHH,0.105,67.45,-44.69,no offer,Contract type: Month-to-month,Senior citizen
4926-UMJZD,0.144,49.2,-44.69,no offer,Contract type: Month-to-month,Online security: No
8071-SBTRN,0.064,111.15,-44.7,no offer,Internet service: Fiber optic,Streaming movies: Yes
6993-YCOBK,0.064,110.6,-44.7,no offer,Internet service: Fiber optic,Payment method: Electronic check
9386-LDCZR,0.078,90.65,-44.71,no offer,Internet service: Fiber optic,Paperless billing: Yes
2363-BJLSL,0.088,80.4,-44.73,no offer,Contract type: Month-to-month,Streaming movies: Yes
6341-JVQGF,0.087,81.15,-44.73,no offer,Streaming movies: Yes,Streaming TV: Yes
3069-SSVSN,0.273,25.85,-44.75,no offer,Tenure: 1 months,Monthly bill: $26
3092-IGHWF,0.081,87.4,-44.76,no offer,Internet service: Fiber optic,Payment method: Electronic check
3096-YXENJ,0.065,107.65,-44.78,no offer,Internet service: Fiber optic,Streaming movies: Yes
9495-REDIY,0.173,40.65,-44.78,no offer,Tenure: 25 months,PhoneService: No
5578-NKCXI,0.071,99.25,-44.79,no offer,Internet service: Fiber optic,Streaming movies: Yes
4819-HJPIW,0.279,25.15,-44.83,no offer,Tenure: 18 months,Contract type: Month-to-month
9592-ERDKV,0.089,79.25,-44.84,no offer,Streaming movies: Yes,Streaming TV: Yes
7182-OVLBJ,0.069,101.15,-44.85,no offer,Internet service: Fiber optic,Streaming movies: Yes
3259-FDWOY,0.066,106.0,-44.86,no offer,Internet service: Fiber optic,Streaming movies: Yes
4987-GQWPO,0.279,25.1,-44.86,no offer,Tenure: 17 months,Contract type: Month-to-month
3391-JSQEW,0.14,50.15,-44.86,no offer,Contract type: Month-to-month,Online security: No
8065-QBYTO,0.07,99.65,-44.88,no offer,Internet service: Fiber optic,Streaming TV: Yes
4759-PXTAN,0.087,80.1,-44.89,no offer,Payment method: Electronic check,Streaming movies: Yes
0953-LGOVU,0.197,35.5,-44.91,no offer,Tenure: 12 months,Contract type: Month-to-month
3229-USWAR,0.087,79.95,-44.91,no offer,Streaming movies: Yes,Streaming TV: Yes
4129-LYCOI,0.067,104.0,-44.91,no offer,Internet service: Fiber optic,Payment method: Electronic check
3863-QSTYI,0.108,64.65,-44.92,no offer,Contract type: Month-to-month,Payment method: Electronic check
8259-NFJTV,0.202,34.65,-44.92,no offer,Tenure: 7 months,Contract type: Month-to-month
3597-YASZG,0.067,104.45,-44.94,no offer,Internet service: Fiber optic,Streaming movies: Yes
7016-BPGEU,0.277,25.1,-44.96,no offer,Contract type: Month-to-month,Monthly bill: $25
0373-AIVNJ,0.176,39.55,-44.97,no offer,Tenure: 9 months,PhoneService: No
4422-QVIJA,0.139,50.15,-44.97,no offer,Contract type: Month-to-month,Online security: No
2266-SJNAT,0.064,109.15,-44.97,no offer,Internet service: Fiber optic,Streaming movies: Yes
1150-FTQGN,0.074,94.15,-44.99,no offer,Internet service: Fiber optic,Streaming TV: Yes
4765-OXPPD,0.107,65.0,-45.0,no offer,Tenure: 9 months,Contract type: Month-to-month
9691-HKOVS,0.077,90.15,-45.02,no offer,Payment method: Electronic check,Streaming movies: Yes
6933-FHBZC,0.124,56.05,-45.02,no offer,Tenure: 26 months,Online security: No
7519-JTWQH,0.063,110.5,-45.03,no offer,Internet service: Fiber optic,Streaming movies: Yes
7459-IMVYU,0.099,69.95,-45.04,no offer,Contract type: Month-to-month,Payment method: Electronic check
9052-DHNKM,0.112,61.55,-45.05,no offer,Payment method: Electronic check,Tenure: 26 months
5286-YHCVC,0.066,104.8,-45.06,no offer,Internet service: Fiber optic,Streaming movies: Yes
2038-YSEZE,0.103,67.45,-45.06,no offer,Contract type: Month-to-month,Multiple lines: Yes
9259-PACGQ,0.11,62.65,-45.07,no offer,Contract type: Month-to-month,Payment method: Electronic check
9039-RBEEE,0.141,48.95,-45.1,no offer,Contract type: Month-to-month,PhoneService: No
0266-CLZKZ,0.065,105.65,-45.13,no offer,Internet service: Fiber optic,Streaming movies: Yes
4922-CVPDX,0.094,73.5,-45.13,no offer,Tenure: 26 months,Streaming movies: Yes
2565-JSLRY,0.286,24.05,-45.13,no offer,Tenure: 1 months,Contract type: Month-to-month
6295-OSINB,0.063,109.65,-45.17,no offer,Internet service: Fiber optic,Payment method: Electronic check
2740-JFBOK,0.286,24.0,-45.18,no offer,Tenure: 10 months,Contract type: Month-to-month
6345-HOVES,0.274,25.05,-45.2,no offer,Contract type: Month-to-month,Monthly bill: $25
1136-XGEQU,0.081,84.15,-45.21,no offer,Streaming movies: Yes,Streaming TV: Yes
6705-LNMDD,0.137,50.0,-45.22,no offer,Contract type: Month-to-month,Tenure: 20 months
5982-PSMKW,0.075,91.1,-45.26,no offer,Tenure: 23 months,Streaming movies: Yes
3518-FSTWG,0.062,109.55,-45.26,no offer,Internet service: Fiber optic,Streaming movies: Yes
8822-KNBHV,0.082,83.45,-45.26,no offer,Streaming movies: Yes,Streaming TV: Yes
4472-LVYGI,0.13,52.55,-45.3,no offer,Tenure: 0 months,PhoneService: No
0201-OAMXR,0.059,115.55,-45.32,no offer,Internet service: Fiber optic,Streaming movies: Yes
7989-AWGEH,0.173,39.2,-45.33,no offer,Contract type: Month-to-month,Payment method: Electronic check
5663-QBGIS,0.069,98.35,-45.35,no offer,Internet service: Fiber optic,Streaming movies: Yes
5446-DKWYW,0.104,65.2,-45.35,no offer,Payment method: Electronic check,Streaming TV: Yes
2794-XIMMO,0.112,60.45,-45.35,no offer,Payment method: Electronic check,PhoneService: No
0164-APGRB,0.059,114.9,-45.37,no offer,Internet service: Fiber optic,Payment method: Electronic check
6035-BXTTY,0.124,54.65,-45.38,no offer,Contract type: Month-to-month,Senior citizen
6766-HFKLA,0.066,103.2,-45.39,no offer,Internet service: Fiber optic,Streaming movies: Yes
9114-AAFQH,0.103,65.65,-45.41,no offer,Payment method: Electronic check,Streaming movies: Yes
2233-TXSIU,0.152,44.45,-45.43,no offer,Tenure: 17 months,PhoneService: No
6266-QHOJZ,0.075,89.85,-45.47,no offer,Internet service: Fiber optic,Payment method: Electronic check
4826-DXMUP,0.093,72.1,-45.5,no offer,Streaming movies: Yes,Streaming TV: Yes
5090-EMGTC,0.067,100.05,-45.53,no offer,Internet service: Fiber optic,Streaming movies: Yes
2801-NISEI,0.122,54.95,-45.55,no offer,Contract type: Month-to-month,Tenure: 24 months
7228-PAQPD,0.113,59.1,-45.58,no offer,Tenure: 14 months,Streaming movies: Yes
0496-AHOOK,0.09,74.4,-45.59,no offer,Tenure: 24 months,Streaming movies: Yes
4419-UJMUS,0.067,99.35,-45.6,no offer,Internet service: Fiber optic,Payment method: Electronic check
1096-ADRUX,0.09,74.25,-45.61,no offer,Internet service: Fiber optic,Online security: No
6427-FEFIG,0.085,78.6,-45.64,no offer,Tenure: 24 months,Streaming movies: Yes
0289-IVARM,0.11,60.55,-45.64,no offer,Contract type: Month-to-month,Payment method: Electronic check
5619-PTMIK,0.125,53.1,-45.65,no offer,Contract type: Month-to-month,Payment method: Electronic check
4808-YNLEU,0.107,62.15,-45.69,no offer,Streaming TV: Yes,Tech support: No
2773-OVBPK,0.059,111.3,-45.7,no offer,Internet service: Fiber optic,Streaming movies: Yes
9357-UJRUN,0.113,58.35,-45.7,no offer,Tenure: 24 months,Payment method: Electronic check
0106-UGRDO,0.057,116.0,-45.71,no offer,Internet service: Fiber optic,Payment method: Electronic check
4654-DLAMQ,0.068,97.0,-45.71,no offer,Internet service: Fiber optic,Streaming movies: Yes
7136-RVDTZ,0.146,45.25,-45.73,no offer,Payment method: Electronic check,PhoneService: No
9822-BIIGN,0.092,71.85,-45.73,no offer,Contract type: Month-to-month,Payment method: Electronic check
6211-WHMYA,0.151,43.85,-45.73,no offer,Contract type: Month-to-month,Payment method: Electronic check
3022-BEXHZ,0.059,111.2,-45.74,no offer,Internet service: Fiber optic,Streaming movies: Yes
4501-UYKBC,0.095,69.1,-45.75,no offer,Streaming movies: Yes,Senior citizen
8152-VETUR,0.068,97.7,-45.75,no offer,Internet service: Fiber optic,Streaming movies: Yes
9057-MSWCO,0.214,30.75,-45.76,no offer,Contract type: Month-to-month,PhoneService: No
4430-YHXGG,0.259,25.45,-45.77,no offer,Tenure: 4 months,Contract type: Month-to-month
3209-ZPKFI,0.121,54.25,-45.79,no offer,Contract type: Month-to-month,Payment method: Electronic check
8079-XRJRS,0.073,89.75,-45.81,no offer,Internet service: Fiber optic,Payment method: Electronic check
8220-OCUFY,0.109,60.25,-45.83,no offer,Tenure: 21 months,Payment method: Electronic check
0533-UCAAU,0.092,71.1,-45.85,no offer,Streaming TV: Yes,Senior citizen
2651-ZCBXV,0.061,108.0,-45.87,no offer,Internet service: Fiber optic,Streaming movies: Yes
8752-GHJFU,0.071,92.0,-45.88,no offer,Internet service: Fiber optic,Payment method: Electronic check
2830-LEWOA,0.063,103.9,-45.88,no offer,Internet service: Fiber optic,Streaming movies: Yes
1557-EMYVT,0.057,115.05,-45.89,no offer,Internet service: Fiber optic,Streaming movies: Yes
9853-JFZDU,0.115,56.85,-45.9,no offer,Contract type: Month-to-month,Payment method: Electronic check
4000-VGMQP,0.082,78.95,-45.98,no offer,Streaming movies: Yes,Streaming TV: Yes
7614-QVWQL,0.125,51.8,-46.03,no offer,PhoneService: No,Streaming movies: Yes
5049-MUBWG,0.086,75.0,-46.09,no offer,Tenure: 26 months,Streaming movies: Yes
9027-YFHQJ,0.257,25.05,-46.09,no offer,Tenure: 7 months,Contract type: Month-to-month
2330-PQGDQ,0.076,84.2,-46.1,no offer,Internet service: Fiber optic,Online security: No
8406-LNMHF,0.077,82.95,-46.12,no offer,Internet service: Fiber optic,Senior citizen
6727-IOTLZ,0.078,81.95,-46.22,no offer,Tenure: 14 months,Streaming movies: Yes
8405-IGQFX,0.071,90.05,-46.22,no offer,Internet service: Fiber optic,Streaming TV: Yes
0489-WMEMG,0.129,49.45,-46.23,no offer,Tenure: 23 months,Payment method: Electronic check
5504-WSIUR,0.07,90.25,-46.26,no offer,Internet service: Fiber optic,Online security: No
4510-PYUSH,0.111,57.15,-46.28,no offer,Contract type: Month-to-month,Senior citizen
0134-XWXCE,0.085,74.85,-46.29,no offer,Streaming movies: Yes,Streaming TV: Yes
4526-RMTLL,0.083,76.15,-46.3,no offer,Tenure: 8 months,Streaming movies: Yes
8984-HPEMB,0.053,118.65,-46.31,no offer,Internet service: Fiber optic,Payment method: Electronic check
0667-NSRGI,0.091,69.55,-46.33,no offer,Streaming movies: Yes,Online security: No
9402-ROUMJ,0.063,100.25,-46.34,no offer,Internet service: Fiber optic,Streaming movies: Yes
0080-EMYVY,0.123,51.45,-46.35,no offer,Tenure: 14 months,Online security: No
6196-HBOBZ,0.063,99.35,-46.38,no offer,Internet service: Fiber optic,Payment method: Electronic check
4429-WYGFR,0.128,49.15,-46.45,no offer,Contract type: Month-to-month,Tenure: 26 months
7343-EOBEU,0.266,23.6,-46.45,no offer,Tenure: 3 months,Contract type: Month-to-month
2946-KIQSP,0.188,33.45,-46.45,no offer,Contract type: Month-to-month,PhoneService: No
5414-OFQCB,0.069,90.45,-46.48,no offer,Internet service: Fiber optic,Streaming TV: Yes
2346-DJQTB,0.259,24.15,-46.49,no offer,Contract type: Month-to-month,Monthly bill: $24
7762-URZQH,0.059,106.05,-46.49,no offer,Internet service: Fiber optic,Streaming movies: Yes
7923-IYJWY,0.054,116.1,-46.52,no offer,Internet service: Fiber optic,Streaming movies: Yes
9730-DRTMJ,0.086,72.8,-46.54,no offer,Streaming TV: Yes,Multiple lines: Yes
2450-ZKEED,0.116,53.8,-46.55,no offer,Tenure: 11 months,Online security: No
3126-WQMGH,0.119,52.15,-46.56,no offer,Contract type: Month-to-month,Online security: No
2724-FJDYW,0.113,54.85,-46.56,no offer,PhoneService: No,Streaming movies: Yes
8869-LIHMK,0.054,115.1,-46.58,no offer,Internet service: Fiber optic,Streaming movies: Yes
9432-RUVSL,0.061,102.5,-46.58,no offer,Internet service: Fiber optic,Streaming movies: Yes
9972-NKTFD,0.114,54.65,-46.59,no offer,Contract type: Month-to-month,Online security: No
4795-WRNVT,0.095,65.1,-46.61,no offer,Contract type: Month-to-month,Streaming TV: Yes
6500-JVEGC,0.061,101.35,-46.63,no offer,Internet service: Fiber optic,Streaming TV: Yes
3090-HAWSU,0.055,111.6,-46.65,no offer,Internet service: Fiber optic,Streaming movies: Yes
5278-PNYOX,0.061,100.65,-46.67,no offer,Internet service: Fiber optic,Streaming movies: Yes
3280-MRDOF,0.089,69.1,-46.67,no offer,Streaming TV: Yes,Senior citizen
8777-MBMTS,0.058,105.85,-46.69,no offer,Internet service: Fiber optic,Streaming movies: Yes
9174-FKWZE,0.316,19.45,-46.71,no offer,Tenure: 1 months,Contract type: Month-to-month
0303-UNCIP,0.095,65.0,-46.72,no offer,Streaming movies: Yes,Online security: No
5795-KTGUD,0.055,110.8,-46.74,no offer,Internet service: Fiber optic,Streaming movies: Yes
7663-CUXZB,0.054,113.75,-46.75,no offer,Internet service: Fiber optic,Payment method: Electronic check
7868-TMWMZ,0.056,110.0,-46.75,no offer,Internet service: Fiber optic,Streaming movies: Yes
9411-TPQQV,0.112,54.55,-46.76,no offer,PhoneService: No,Streaming movies: Yes
2930-UOTMB,0.094,65.25,-46.78,no offer,Contract type: Month-to-month,Multiple lines: Yes
0020-JDNXP,0.1,61.25,-46.8,no offer,PhoneService: No,Streaming movies: Yes
6770-XUAGN,0.291,21.0,-46.81,no offer,Tenure: 1 months,Contract type: Month-to-month
8434-PNQZX,0.077,78.45,-46.9,no offer,Streaming movies: Yes,Streaming TV: Yes
2775-SEFEE,0.098,61.9,-46.92,no offer,Tenure: 0 months,Multiple lines: Yes
8467-WYNSR,0.11,55.1,-46.92,no offer,Contract type: Month-to-month,Tenure: 22 months
2391-IPLOP,0.087,69.65,-46.92,no offer,Payment method: Electronic check,Streaming TV: Yes
7605-SNLQG,0.12,50.25,-46.95,no offer,Contract type: Month-to-month,Online security: No
5203-XEHAX,0.094,64.35,-46.96,no offer,Payment method: Electronic check,Streaming movies: Yes
2150-UWTFY,0.099,61.15,-46.98,no offer,Contract type: Month-to-month,Tenure: 22 months
9143-CANJF,0.109,55.15,-47.01,no offer,Contract type: Month-to-month,Tenure: 24 months
9839-ETQOE,0.149,40.45,-47.01,no offer,Contract type: Month-to-month,Payment method: Electronic check
5018-LXQQG,0.091,66.3,-47.02,no offer,Contract type: Month-to-month,Streaming movies: Yes
2908-ZTPNF,0.172,34.85,-47.02,no offer,Contract type: Month-to-month,PhoneService: No
1891-QRQSA,0.054,111.6,-47.03,no offer,Internet service: Fiber optic,Streaming movies: Yes
7771-ZONAT,0.106,56.75,-47.04,no offer,Tenure: 22 months,PhoneService: No
5307-UVGNB,0.123,48.7,-47.07,no offer,Contract type: Month-to-month,PhoneService: No
6435-VWCCY,0.064,92.7,-47.1,no offer,Internet service: Fiber optic,Streaming TV: Yes
4049-ZPALD,0.06,99.0,-47.11,no offer,Internet service: Fiber optic,Streaming movies: Yes
5269-NRGDP,0.082,73.15,-47.11,no offer,Payment method: Electronic check,Streaming movies: Yes
4003-OCTMP,0.093,64.0,-47.12,no offer,Payment method: Electronic check,Streaming movies: Yes
3612-YUNGG,0.055,109.2,-47.13,no offer,Internet service: Fiber optic,Streaming movies: Yes
2055-SIFSS,0.115,51.65,-47.16,no offer,Contract type: Month-to-month,Senior citizen
0377-JBKKT,0.103,57.95,-47.16,no offer,Contract type: Month-to-month,Tenure: 22 months
6968-MHOMU,0.132,45.0,-47.16,no offer,PhoneService: No,Streaming movies: Yes
9074-KGVOX,0.15,39.45,-47.18,no offer,Contract type: Month-to-month,PhoneService: No
0076-LVEPS,0.132,45.0,-47.2,no offer,Contract type: Month-to-month,PhoneService: No
1334-PDUKM,0.069,86.45,-47.2,no offer,Internet service: Fiber optic,Online security: No
7156-MXBJE,0.07,85.1,-47.21,no offer,Streaming movies: Yes,Streaming TV: Yes
6734-FQAJX,0.056,105.05,-47.21,no offer,Internet service: Fiber optic,Payment method: Electronic check
3941-XTSKM,0.131,45.1,-47.21,no offer,PhoneService: No,Streaming movies: Yes
4199-QHJNM,0.058,102.9,-47.21,no offer,Internet service: Fiber optic,Streaming movies: Yes
3845-FXCYS,0.301,19.65,-47.22,no offer,Tenure: 2 months,Contract type: Month-to-month
1264-FUHCX,0.105,56.3,-47.22,no offer,PhoneService: No,Streaming movies: Yes
8559-CIZFV,0.076,77.5,-47.24,no offer,Tenure: 21 months,Streaming TV: Yes
7718-UPSKJ,0.055,106.4,-47.26,no offer,Internet service: Fiber optic,Streaming movies: Yes
6502-KUGLL,0.099,59.45,-47.26,no offer,Tenure: 14 months,Contract type: Month-to-month
6791-YBNAK,0.231,25.55,-47.27,no offer,Tenure: 18 months,Contract type: Month-to-month
1536-YHDOE,0.095,62.1,-47.27,no offer,Tenure: 17 months,Multiple lines: Yes
8879-XUAHX,0.051,116.25,-47.29,no offer,Internet service: Fiber optic,Payment method: Electronic check
4353-HYOJD,0.118,49.85,-47.29,no offer,Contract type: Month-to-month,Tenure: 27 months
9013-AQORL,0.129,45.55,-47.3,no offer,Contract type: Month-to-month,PhoneService: No
2205-LPVGL,0.065,89.85,-47.31,no offer,Internet service: Fiber optic,Senior citizen
7208-PSIHR,0.056,104.3,-47.32,no offer,Internet service: Fiber optic,Streaming movies: Yes
0607-MVMGC,0.074,78.75,-47.33,no offer,Streaming movies: Yes,Streaming TV: Yes
6718-BDGHG,0.09,64.85,-47.34,no offer,Streaming TV: Yes,Online security: No
0401-WDBXM,0.055,105.55,-47.35,no offer,Internet service: Fiber optic,Streaming movies: Yes
7445-WMRBW,0.079,73.85,-47.37,no offer,Streaming TV: Yes,Online security: No
5393-HJZSM,0.077,76.3,-47.37,no offer,Contract type: Month-to-month,Streaming movies: Yes
0960-HUWBM,0.056,104.1,-47.4,no offer,Internet service: Fiber optic,Streaming movies: Yes
2636-SJDOU,0.069,84.3,-47.4,no offer,Internet service: Fiber optic,Multiple lines: Yes
2150-WLKUW,0.091,63.9,-47.41,no offer,Streaming TV: Yes,Online security: No
8565-HBFNN,0.054,107.2,-47.42,no offer,Internet service: Fiber optic,Streaming movies: Yes
9924-JPRMC,0.049,118.2,-47.45,no offer,Internet service: Fiber optic,Payment method: Electronic check
1397-XKKWR,0.165,35.3,-47.46,no offer,Tenure: 7 months,PhoneService: No
2812-ENYMO,0.106,54.55,-47.46,no offer,PhoneService: No,Tenure: 26 months
9938-ZREHM,0.08,72.1,-47.47,no offer,Streaming movies: Yes,Online security: No
4011-ARPHK,0.115,50.35,-47.48,no offer,Contract type: Month-to-month,Tenure: 27 months
2388-LAESQ,0.05,114.85,-47.48,no offer,Internet service: Fiber optic,Streaming movies: Yes
8015-IHCGW,0.05,115.5,-47.5,no offer,Internet service: Fiber optic,Payment method: Electronic check
0565-JUPYD,0.055,104.5,-47.5,no offer,Internet service: Fiber optic,Streaming TV: Yes
3115-JPJDD,0.071,81.25,-47.5,no offer,Internet service: Fiber optic,Tech support: No
8550-XSXUQ,0.082,70.55,-47.52,no offer,Streaming movies: Yes,Online security: No
6937-GCDGQ,0.118,48.95,-47.53,no offer,Tenure: 19 months,Tech support: No
9933-QRGTX,0.059,97.2,-47.54,no offer,Internet service: Fiber optic,Payment method: Electronic check
9866-OCCKE,0.053,109.75,-47.55,no offer,Internet service: Fiber optic,Streaming movies: Yes
1898-JSNDC,0.098,58.6,-47.56,no offer,Streaming TV: Yes,Online security: No
7691-XVTZH,0.064,89.95,-47.58,no offer,Internet service: Fiber optic,Streaming TV: Yes
7255-SSFBC,0.051,112.25,-47.62,no offer,Internet service: Fiber optic,Streaming movies: Yes
4616-ULAOA,0.052,110.8,-47.62,no offer,Internet service: Fiber optic,Streaming movies: Yes
4043-MKDTV,0.054,105.25,-47.62,no offer,Internet service: Fiber optic,Payment method: Electronic check
8624-GIOUT,0.096,59.75,-47.63,no offer,Contract type: Month-to-month,Multiple lines: Yes
2519-TWKFS,0.104,55.1,-47.65,no offer,Tenure: 25 months,Online security: No
5271-YNWVR,0.05,113.15,-47.67,no offer,Internet service: Fiber optic,Payment method: Electronic check
7721-JXEAW,0.139,41.05,-47.67,no offer,Contract type: Month-to-month,PhoneService: No
6982-UQZLY,0.274,20.85,-47.68,no offer,Tenure: 1 months,Contract type: Month-to-month
2323-ARSVR,0.051,111.05,-47.68,no offer,Internet service: Fiber optic,Payment method: Electronic check
5998-DZLYR,0.06,94.35,-47.68,no offer,Internet service: Fiber optic,Streaming movies: Yes
6616-AALSR,0.055,104.3,-47.69,no offer,Internet service: Fiber optic,Streaming movies: Yes
0628-CNQRM,0.084,67.5,-47.7,no offer,Tenure: 22 months,Streaming TV: Yes
5730-RIITO,0.17,33.45,-47.74,no offer,Contract type: Month-to-month,PhoneService: No
0862-PRCBS,0.055,103.75,-47.76,no offer,Internet service: Fiber optic,Streaming movies: Yes
1832-PEUTS,0.064,89.1,-47.77,no offer,Internet service: Fiber optic,Streaming TV: Yes
8029-XYPWT,0.049,115.05,-47.77,no offer,Internet service: Fiber optic,Streaming movies: Yes
3893-JRNFS,0.142,39.9,-47.78,no offer,Contract type: Month-to-month,PhoneService: No
9917-KWRBE,0.072,78.35,-47.79,no offer,Streaming TV: Yes,Multiple lines: Yes
1877-HKBQX,0.104,54.6,-47.79,no offer,Tenure: 11 months,Paperless billing: Yes
8404-VLQFB,0.224,25.25,-47.8,no offer,Tenure: 15 months,Contract type: Month-to-month
6968-URWQU,0.1,56.35,-47.8,no offer,Streaming TV: Yes,Online security: No
7136-IHZJA,0.079,71.35,-47.82,no offer,Contract type: Month-to-month,Streaming movies: Yes
9861-PDSZP,0.052,108.05,-47.83,no offer,Internet service: Fiber optic,Streaming movies: Yes
4508-OEBEY,0.075,75.5,-47.83,no offer,Streaming movies: Yes,Paperless billing: Yes
0748-RDGGM,0.051,109.5,-47.87,no offer,Internet service: Fiber optic,Streaming movies: Yes
3099-OONVS,0.103,54.3,-47.89,no offer,Contract type: Month-to-month,Tenure: 25 months
3896-RCYYE,0.105,53.4,-47.89,no offer,Contract type: Month-to-month,PhoneService: No
9277-JOOMO,0.228,24.6,-47.89,no offer,Tenure: 3 months,Contract type: Month-to-month
8231-BSWXX,0.071,79.05,-47.91,no offer,Internet service: Fiber optic,Online security: No
6893-ODYYE,0.062,90.1,-47.91,no offer,Internet service: Fiber optic,Paperless billing: Yes
8263-QMNTJ,0.048,115.55,-47.92,no offer,Internet service: Fiber optic,Payment method: Electronic check
1183-CANVH,0.093,60.0,-47.92,no offer,Tenure: 23 months,Streaming TV: Yes
7470-DYNOE,0.091,61.1,-47.95,no offer,Payment method: Electronic check,Streaming movies: Yes
8221-EQDGL,0.091,61.0,-47.96,no offer,Contract type: Month-to-month,Tech support: No
0285-INHLN,0.102,54.75,-47.97,no offer,Contract type: Month-to-month,Tenure: 27 months
2233-FAGXV,0.229,24.3,-47.97,no offer,Tenure: 5 months,Contract type: Month-to-month
6941-KXRRV,0.094,58.95,-47.98,no offer,Streaming movies: Yes,Senior citizen
1444-VVSGW,0.048,115.65,-47.99,no offer,Internet service: Fiber optic,Streaming movies: Yes
5975-BAICR,0.087,63.7,-47.99,no offer,Streaming movies: Yes,Tech support: No
5451-YHYPW,0.048,115.75,-48.0,no offer,Internet service: Fiber optic,Streaming movies: Yes
3363-DTIVD,0.053,105.55,-48.02,no offer,Internet service: Fiber optic,Payment method: Electronic check
0568-ONFPC,0.214,25.9,-48.04,no offer,Tenure: 5 months,Contract type: Month-to-month
7032-LMBHI,0.086,64.65,-48.04,no offer,Streaming TV: Yes,Multiple lines: Yes
9578-FOMUK,0.223,24.8,-48.04,no offer,Tenure: 15 months,Contract type: Month-to-month
0107-WESLM,0.278,19.85,-48.07,no offer,Tenure: 1 months,Contract type: Month-to-month
7657-DYEPJ,0.079,70.15,-48.09,no offer,Streaming TV: Yes,Senior citizen
9715-SBVSU,0.09,61.4,-48.1,no offer,Tenure: 14 months,Streaming movies: Yes
8226-BXGES,0.062,89.45,-48.1,no offer,Internet service: Fiber optic,Multiple lines: Yes
0305-SQECB,0.153,36.05,-48.11,no offer,Tenure: 11 months,PhoneService: No
8823-RLPWL,0.05,110.65,-48.14,no offer,Internet service: Fiber optic,Streaming movies: Yes
8041-TMEID,0.051,108.5,-48.14,no offer,Internet service: Fiber optic,Streaming movies: Yes
2834-JRTUA,0.051,108.05,-48.15,no offer,Internet service: Fiber optic,Payment method: Electronic check
3705-RHRFR,0.055,99.15,-48.18,no offer,Internet service: Fiber optic,Streaming movies: Yes
2927-CVULT,0.053,104.05,-48.19,no offer,Internet service: Fiber optic,Streaming movies: Yes
6904-JLBGY,0.047,117.35,-48.2,no offer,Internet service: Fiber optic,Streaming movies: Yes
0723-VSOBE,0.16,34.2,-48.2,no offer,Payment method: Electronic check,PhoneService: No
2792-VPPET,0.266,20.5,-48.21,no offer,Tenure: 3 months,Contract type: Month-to-month
7872-RDDLZ,0.099,54.9,-48.22,no offer,Contract type: Month-to-month,Payment method: Electronic check
5018-HEKFO,0.223,24.5,-48.22,no offer,Tenure: 10 months,Contract type: Month-to-month
9362-MWODR,0.085,64.1,-48.24,no offer,Contract type: Month-to-month,Streaming TV: Yes
8628-MFKAX,0.047,116.75,-48.26,no offer,Internet service: Fiber optic,Streaming movies: Yes
1301-LOPVR,0.098,55.35,-48.26,no offer,PhoneService: No,Streaming movies: Yes
4223-BKEOR,0.084,64.85,-48.26,no offer,Tenure: 21 months,Streaming movies: Yes
7541-YLXCL,0.083,65.4,-48.26,no offer,Streaming movies: Yes,Online security: No
8713-IGZSO,0.219,24.85,-48.26,no offer,Tenure: 2 months,Contract type: Month-to-month
8659-HDIYE,0.073,74.65,-48.27,no offer,Contract type: Month-to-month,Streaming movies: Yes
5954-BDFSG,0.05,107.5,-48.28,no offer,Internet service: Fiber optic,Streaming movies: Yes
5092-STPKP,0.096,56.35,-48.29,no offer,Contract type: Month-to-month,Tenure: 24 months
4522-XRWWI,0.067,80.45,-48.29,no offer,Streaming movies: Yes,Streaming TV: Yes
1090-PYKCI,0.051,105.1,-48.31,no offer,Internet service: Fiber optic,Streaming TV: Yes
4137-JOPHL,0.06,89.7,-48.32,no offer,Internet service: Fiber optic,Streaming movies: Yes
6620-HVDUJ,0.089,60.45,-48.32,no offer,Contract type: Month-to-month,Tenure: 24 months
2080-SRCDE,0.213,25.4,-48.33,no offer,Tenure: 1 months,Contract type: Month-to-month
3205-MXZRA,0.091,59.45,-48.34,no offer,Tenure: 26 months,Streaming TV: Yes
3195-TQDZX,0.266,20.25,-48.35,no offer,Tenure: 3 months,Contract type: Month-to-month
1779-PWPMG,0.047,114.65,-48.37,no offer,Internet service: Fiber optic,Streaming movies: Yes
0742-LAFQK,0.054,99.15,-48.37,no offer,Internet service: Fiber optic,Payment method: Electronic check
9170-GYZJC,0.067,79.9,-48.38,no offer,Contract type: Month-to-month,Streaming movies: Yes
6257-DTAYD,0.051,104.15,-48.44,no offer,Internet service: Fiber optic,Streaming movies: Yes
0392-BZIUW,0.051,105.0,-48.45,no offer,Internet service: Fiber optic,Streaming movies: Yes
8548-AWOFC,0.084,63.85,-48.46,no offer,Contract type: Month-to-month,Payment method: Electronic check
4139-JPIAM,0.12,44.45,-48.46,no offer,Contract type: Month-to-month,PhoneService: No
6663-JOCQO,0.071,75.25,-48.47,no offer,Streaming movies: Yes,Multiple lines: Yes
8591-TKMZH,0.048,111.1,-48.47,no offer,Internet service: Fiber optic,Streaming movies: Yes
1530-ZTDOZ,0.131,40.65,-48.47,no offer,Contract type: Month-to-month,PhoneService: No
3696-XRIEN,0.065,82.5,-48.49,no offer,Streaming movies: Yes,Streaming TV: Yes
0716-BQNDX,0.057,93.75,-48.53,no offer,Internet service: Fiber optic,Payment method: Electronic check
5012-YSPJJ,0.098,54.35,-48.55,no offer,Contract type: Month-to-month,Online security: No
1708-PBBOA,0.097,54.75,-48.55,no offer,Payment method: Electronic check,PhoneService: No
8016-ZMGMO,0.075,70.85,-48.57,no offer,Streaming TV: Yes,Senior citizen
3580-HYCSP,0.048,110.3,-48.58,no offer,Internet service: Fiber optic,Streaming movies: Yes
8901-UPRHR,0.048,109.2,-48.58,no offer,Internet service: Fiber optic,Streaming movies: Yes
9845-PEEKO,0.067,79.2,-48.61,no offer,Internet service: Fiber optic,Senior citizen
3244-CQPHU,0.048,110.1,-48.61,no offer,Internet service: Fiber optic,Streaming movies: Yes
7317-GGVPB,0.049,108.6,-48.61,no offer,Internet service: Fiber optic,Streaming movies: Yes
1291-CUOCY,0.048,110.6,-48.61,no offer,Internet service: Fiber optic,Streaming movies: Yes
4682-BLBUC,0.074,70.95,-48.62,no offer,Payment method: Electronic check,Streaming TV: Yes
6549-YMFAW,0.248,21.25,-48.62,no offer,Tenure: 9 months,Contract type: Month-to-month
3345-JHUEO,0.26,20.2,-48.64,no offer,Tenure: 4 months,Contract type: Month-to-month
9817-APLHW,0.21,25.0,-48.64,no offer,Tenure: 12 months,Contract type: Month-to-month
8746-OQQRW,0.208,25.25,-48.65,no offer,Tenure: 4 months,Contract type: Month-to-month
7901-IIDQV,0.096,54.6,-48.65,no offer,Tenure: 24 months,Online security: No
0572-ZJKLT,0.053,99.65,-48.66,no offer,Internet service: Fiber optic,Streaming movies: Yes
4198-VFOEA,0.156,33.6,-48.69,no offer,Tenure: 12 months,PhoneService: No
7814-LEEVE,0.258,20.3,-48.7,no offer,Tenure: 1 months,Contract type: Month-to-month
8309-PPCED,0.047,110.45,-48.7,no offer,Internet service: Fiber optic,Streaming movies: Yes
8853-TZDGH,0.047,111.6,-48.71,no offer,Internet service: Fiber optic,Streaming movies: Yes
7508-KBIMB,0.093,56.25,-48.72,no offer,Tenure: 24 months,Tech support: No
4670-TABXH,0.048,109.75,-48.72,no offer,Internet service: Fiber optic,Streaming movies: Yes
6265-SXWBU,0.054,95.75,-48.74,no offer,Internet service: Fiber optic,Streaming TV: Yes
5533-RJFTJ,0.172,30.2,-48.76,no offer,Contract type: Month-to-month,PhoneService: No
1545-JFUML,0.052,99.0,-48.79,no offer,Internet service: Fiber optic,Payment method: Electronic check
0557-ASKVU,0.095,54.4,-48.8,no offer,Tenure: 18 months,Online security: No
9351-LZYGF,0.078,66.4,-48.8,no offer,Contract type: Month-to-month,Multiple lines: Yes
2988-QRAJY,0.047,110.05,-48.81,no offer,Internet service: Fiber optic,Streaming movies: Yes
0661-KBKPA,0.066,78.75,-48.83,no offer,Streaming movies: Yes,Streaming TV: Yes
6250-CGGUN,0.061,84.4,-48.84,no offer,Internet service: Fiber optic,Payment method: Electronic check
9931-KGHOA,0.094,55.0,-48.84,no offer,Contract type: Month-to-month,Multiple lines: Yes
2056-EVGZL,0.049,105.75,-48.85,no offer,Internet service: Fiber optic,Streaming movies: Yes
1114-CENIM,0.094,55.0,-48.86,no offer,Contract type: Month-to-month,Online security: No
4396-KLSEH,0.26,19.85,-48.87,no offer,Tenure: 4 months,Contract type: Month-to-month
9200-NLNPD,0.095,54.05,-48.87,no offer,PhoneService: No,Streaming movies: Yes
3594-IVHJZ,0.252,20.45,-48.88,no offer,Tenure: 2 months,Contract type: Month-to-month
3450-WXOAT,0.114,45.2,-48.89,no offer,Contract type: Month-to-month,Online security: No
4057-FKCZK,0.062,82.5,-48.93,no offer,Internet service: Fiber optic,Streaming TV: Yes
9558-IHEZX,0.048,106.75,-48.95,no offer,Internet service: Fiber optic,Streaming movies: Yes
4730-AWNAU,0.084,60.7,-48.95,no offer,PhoneService: No,Streaming movies: Yes
1480-BKXGA,0.044,116.05,-48.95,no offer,Internet service: Fiber optic,Streaming movies: Yes
8879-ZKJOF,0.064,79.85,-48.96,no offer,Streaming movies: Yes,Streaming TV: Yes
9555-SAHUZ,0.094,54.5,-48.98,no offer,Contract type: Month-to-month,Payment method: Electronic check
5135-GRQJV,0.045,114.5,-48.99,no offer,Internet service: Fiber optic,Streaming movies: Yes
1163-VIPRI,0.047,109.3,-48.99,no offer,Internet service: Fiber optic,Payment method: Electronic check
6481-OGDOO,0.056,90.6,-48.99,no offer,Internet service: Fiber optic,Streaming movies: Yes
2434-EEVDB,0.054,94.6,-49.0,no offer,Internet service: Fiber optic,Streaming TV: Yes
5915-DGNVC,0.071,71.8,-49.02,no offer,Payment method: Electronic check,Streaming movies: Yes
5382-TEMLV,0.1,50.9,-49.04,no offer,Contract type: Month-to-month,Tech support: No
3256-EZDBI,0.172,29.45,-49.05,no offer,Contract type: Month-to-month,PhoneService: No
6048-UWKAL,0.048,105.4,-49.07,no offer,Internet service: Fiber optic,Streaming movies: Yes
3026-ATZYV,0.067,75.1,-49.1,no offer,Streaming movies: Yes,Streaming TV: Yes
6797-LNAQX,0.051,98.3,-49.11,no offer,Internet service: Fiber optic,Streaming movies: Yes
1338-CECEE,0.074,68.5,-49.12,no offer,Streaming TV: Yes,Online security: No
0871-OPBXW,0.251,20.05,-49.13,no offer,Tenure: 2 months,Contract type: Month-to-month
0112-QWPNC,0.06,84.35,-49.13,no offer,Payment method: Electronic check,Streaming movies: Yes
5855-EIBDE,0.047,106.65,-49.14,no offer,Internet service: Fiber optic,Streaming movies: Yes
7102-JJVTX,0.103,48.6,-49.14,no offer,Tenure: 9 months,Tech support: No
6635-MYYYZ,0.059,85.35,-49.14,no offer,Streaming movies: Yes,Streaming TV: Yes
4328-VUFWD,0.085,59.3,-49.15,no offer,Payment method: Electronic check,Streaming movies: Yes
2320-JRSDE,0.252,19.9,-49.16,no offer,Tenure: 1 months,Contract type: Month-to-month
0530-IJVDB,0.044,114.6,-49.2,no offer,Internet service: Fiber optic,Payment method: Electronic check
9553-DLCLU,0.056,88.95,-49.21,no offer,Tenure: 13 months,Streaming movies: Yes
1730-VFMWO,0.099,50.2,-49.22,no offer,Contract type: Month-to-month,Online security: No
2081-KJSQF,0.246,20.25,-49.22,no offer,Tenure: 1 months,Contract type: Month-to-month
3259-KNMRR,0.062,79.75,-49.25,no offer,Streaming movies: Yes,Streaming TV: Yes
3915-ODIYG,0.069,71.75,-49.25,no offer,Payment method: Electronic check,Streaming movies: Yes
6440-DKQGE,0.077,64.5,-49.27,no offer,Streaming TV: Yes,Online security: No
7298-IZWLY,0.256,19.4,-49.27,no offer,Tenure: 1 months,Contract type: Month-to-month
3621-CHYVB,0.099,49.9,-49.28,no offer,Contract type: Month-to-month,PhoneService: No
8620-RJPZN,0.24,20.7,-49.29,no offer,Tenure: 1 months,Contract type: Month-to-month
4815-YOSUK,0.047,104.9,-49.3,no offer,Internet service: Fiber optic,Streaming movies: Yes
9711-FJTBX,0.058,85.85,-49.3,no offer,Internet service: Fiber optic,Online security: No
8865-TNMNX,0.1,49.55,-49.31,no offer,Tenure: 10 months,Online security: No
2522-WLNSF,0.077,64.2,-49.32,no offer,Streaming TV: Yes,Senior citizen
0907-HQNTS,0.044,113.0,-49.32,no offer,Internet service: Fiber optic,Streaming movies: Yes
3354-OADJP,0.091,54.25,-49.34,no offer,Tenure: 8 months,OnlineBackup: No
7176-WRTNX,0.043,114.95,-49.35,no offer,Internet service: Fiber optic,Streaming movies: Yes
6158-DWPZT,0.205,24.1,-49.35,no offer,Tenure: 9 months,Monthly bill: $24
0895-UADGO,0.111,44.55,-49.36,no offer,Tenure: 8 months,PhoneService: No
1098-TDVUQ,0.254,19.25,-49.43,no offer,Tenure: 1 months,Contract type: Month-to-month
1125-SNVCK,0.112,43.8,-49.43,no offer,Contract type: Month-to-month,Senior citizen
2369-FEVNO,0.246,19.9,-49.44,no offer,Tenure: 1 months,Contract type: Month-to-month
0840-DCNZE,0.056,86.95,-49.45,no offer,Streaming movies: Yes,Streaming TV: Yes
0454-OKRCT,0.061,80.6,-49.45,no offer,Internet service: Fiber optic,Online security: No
4104-PVRPS,0.091,53.6,-49.46,no offer,Contract type: Month-to-month,Tenure: 24 months
2292-XQWSV,0.081,60.3,-49.48,no offer,PhoneService: No,Streaming movies: Yes
0661-WCQNQ,0.086,56.25,-49.49,no offer,Tenure: 22 months,Paperless billing: Yes
8707-RMEZH,0.056,87.3,-49.5,no offer,Internet service: Fiber optic,Streaming movies: Yes
7707-PYBBH,0.078,61.9,-49.53,no offer,Contract type: Month-to-month,Paperless billing: Yes
9139-TWBAS,0.101,47.85,-49.56,no offer,PhoneService: No,Tenure: 26 months
8099-MZPUJ,0.043,111.8,-49.58,no offer,Internet service: Fiber optic,Streaming movies: Yes
7838-LAZFO,0.061,78.8,-49.59,no offer,Streaming movies: Yes,Streaming TV: Yes
9137-NOQKA,0.251,19.2,-49.59,no offer,Tenure: 2 months,Contract type: Month-to-month
2868-LLSKM,0.058,83.65,-49.6,no offer,Internet service: Fiber optic,Online security: No
5088-QZLRL,0.233,20.65,-49.61,no offer,Tenure: 1 months,Contract type: Month-to-month
3441-CGZJH,0.08,60.4,-49.61,no offer,PhoneService: No,Streaming movies: Yes
9308-ANMVE,0.087,55.3,-49.62,no offer,Contract type: Month-to-month,Payment method: Electronic check
4134-BSXLX,0.079,60.9,-49.62,no offer,Contract type: Month-to-month,Tenure: 28 months
5701-SVCWR,0.2,24.0,-49.63,no offer,Tenure: 1 months,Contract type: Month-to-month
3744-ZBHON,0.237,20.2,-49.65,no offer,Tenure: 3 months,Contract type: Month-to-month
8003-EWNDZ,0.226,21.2,-49.66,no offer,Tenure: 10 months,Contract type: Month-to-month
2878-RMWXY,0.047,102.65,-49.67,no offer,Internet service: Fiber optic,Streaming movies: Yes
4909-JOUPP,0.044,109.7,-49.67,no offer,Internet service: Fiber optic,Streaming movies: Yes
5038-ETMLM,0.042,113.65,-49.68,no offer,Internet service: Fiber optic,Streaming movies: Yes
3301-VKTGC,0.056,85.5,-49.68,no offer,Internet service: Fiber optic,Multiple lines: Yes
0813-TAXXS,0.061,77.8,-49.69,no offer,Streaming movies: Yes,Streaming TV: Yes
5297-MDOIR,0.059,81.15,-49.69,no offer,Internet service: Fiber optic,Tech support: No
9894-QMIMJ,0.085,55.8,-49.7,no offer,Tenure: 23 months,Online security: No
7971-HLVXI,0.056,84.5,-49.71,no offer,Internet service: Fiber optic,Streaming movies: Yes
3766-EJLFL,0.044,109.05,-49.71,no offer,Internet service: Fiber optic,Streaming movies: Yes
1814-DKOLC,0.187,25.45,-49.72,no offer,Tenure: 5 months,Contract type: Month-to-month
1222-LRYKO,0.18,26.35,-49.74,no offer,Tenure: 6 months,Contract type: Month-to-month
3351-NQLDI,0.05,94.35,-49.75,no offer,Internet service: Fiber optic,Streaming movies: Yes
5524-KHNJP,0.063,74.75,-49.77,no offer,Streaming movies: Yes,Streaming TV: Yes
2368-GAKKQ,0.042,113.65,-49.77,no offer,Internet service: Fiber optic,Streaming movies: Yes
1137-DGOWI,0.067,70.25,-49.78,no offer,Streaming movies: Yes,Online security: No
1043-UXOVO,0.042,113.15,-49.79,no offer,Internet service: Fiber optic,Streaming movies: Yes
2955-PSXOE,0.234,20.2,-49.79,no offer,Tenure: 1 months,Contract type: Month-to-month
4667-OHGKG,0.245,19.3,-49.81,no offer,Tenure: 1 months,Contract type: Month-to-month
9473-CBZOP,0.08,59.0,-49.82,no offer,Multiple lines: Yes,Tech support: No
3969-JQABI,0.072,65.25,-49.82,no offer,Contract type: Month-to-month,Streaming TV: Yes
9220-ZNKJI,0.053,88.8,-49.83,no offer,Internet service: Fiber optic,Streaming TV: Yes
9412-ARGBX,0.049,95.5,-49.84,no offer,Internet service: Fiber optic,Streaming TV: Yes
3224-DFQNQ,0.053,89.0,-49.86,no offer,Internet service: Fiber optic,Payment method: Electronic check
7765-LWVVH,0.049,95.1,-49.87,no offer,Internet service: Fiber optic,Payment method: Electronic check
5996-DAOQL,0.228,20.45,-49.92,no offer,Tenure: 1 months,Contract type: Month-to-month
0268-QKIWO,0.236,19.75,-49.92,no offer,Tenure: 3 months,Contract type: Month-to-month
9928-BZVLZ,0.093,49.85,-49.93,no offer,Tenure: 12 months,PhoneService: No
2364-UFROM,0.066,70.4,-49.94,no offer,Payment method: Electronic check,Streaming TV: Yes
0635-WKOLD,0.066,70.75,-49.94,no offer,Streaming TV: Yes,Online security: No
9127-FHJBZ,0.041,114.0,-49.94,no offer,Internet service: Fiber optic,Payment method: Electronic check
3682-YEUWS,0.191,24.4,-49.95,no offer,Tenure: 10 months,Contract type: Month-to-month
9239-GZHZE,0.041,113.65,-49.96,no offer,Internet service: Fiber optic,Streaming movies: Yes
6650-BWFRT,0.04,117.15,-49.97,no offer,Internet service: Fiber optic,Streaming movies: Yes
1622-HSHSF,0.238,19.55,-49.97,no offer,Tenure: 1 months,Contract type: Month-to-month
1493-AMTIE,0.23,20.2,-49.97,no offer,Tenure: 1 months,Contract type: Month-to-month
0463-WZZKO,0.223,20.75,-50.01,no offer,Tenure: 3 months,Contract type: Month-to-month
1455-HFBXA,0.05,91.6,-50.01,no offer,Internet service: Fiber optic,Multiple lines: Yes
8350-NYMVI,0.113,41.1,-50.01,no offer,Contract type: Month-to-month,PhoneService: No
5143-WMWOG,0.232,19.95,-50.02,no offer,Tenure: 1 months,Contract type: Month-to-month
7617-EYGLW,0.237,19.45,-50.03,no offer,Tenure: 1 months,Contract type: Month-to-month
7854-EKTJL,0.235,19.6,-50.04,no offer,Tenure: 2 months,Contract type: Month-to-month
1156-ZFYDO,0.234,19.75,-50.04,no offer,Tenure: 1 months,Contract type: Month-to-month
2639-UGMAZ,0.082,56.45,-50.05,no offer,Payment method: Electronic check,PhoneService: No
6171-ZTVYB,0.069,66.25,-50.07,no offer,Contract type: Month-to-month,Multiple lines: Yes
5028-HTLJB,0.229,20.05,-50.07,no offer,Tenure: 1 months,Contract type: Month-to-month
0384-LPITE,0.074,62.05,-50.09,no offer,PhoneService: No,Streaming movies: Yes
6743-HHQPF,0.183,25.1,-50.09,no offer,Contract type: Month-to-month,Monthly bill: $25
1866-NXPSP,0.061,75.55,-50.1,no offer,Streaming movies: Yes,Paperless billing: Yes
8109-YUOHE,0.082,56.1,-50.1,no offer,Tenure: 17 months,Tech support: No
5356-RHIPP,0.227,20.2,-50.1,no offer,Tenure: 1 months,Contract type: Month-to-month
1320-GVNHT,0.042,108.4,-50.11,no offer,Internet service: Fiber optic,Streaming movies: Yes
3407-JMJQQ,0.042,109.0,-50.11,no offer,Internet service: Fiber optic,Streaming movies: Yes
2408-PSJVE,0.074,61.9,-50.11,no offer,Contract type: Month-to-month,Online security: No
7925-PNRGI,0.056,81.3,-50.11,no offer,Contract type: Month-to-month,Streaming TV: Yes
2876-VBBBL,0.226,20.25,-50.12,no offer,Tenure: 1 months,Contract type: Month-to-month
5183-KLYEM,0.041,112.75,-50.13,no offer,Internet service: Fiber optic,Streaming movies: Yes
1240-KNSEZ,0.227,20.1,-50.14,no offer,Tenure: 1 months,Contract type: Month-to-month
0761-AETCS,0.237,19.3,-50.14,no offer,Tenure: 1 months,Contract type: Month-to-month
3097-PYWXL,0.229,19.95,-50.15,no offer,Tenure: 4 months,Contract type: Month-to-month
7839-QRKXN,0.226,20.2,-50.15,no offer,Tenure: 1 months,Contract type: Month-to-month
2480-JZOSN,0.221,20.65,-50.15,no offer,Tenure: 1 months,Contract type: Month-to-month
4627-MIHJH,0.041,110.25,-50.15,no offer,Internet service: Fiber optic,Streaming movies: Yes
4654-GGUII,0.113,40.2,-50.17,no offer,Tenure: 18 months,PhoneService: No
3259-QMXUN,0.053,86.1,-50.17,no offer,Payment method: Electronic check,Streaming movies: Yes
3007-FDPEA,0.22,20.7,-50.18,no offer,Tenure: 2 months,Contract type: Month-to-month
2790-XUYMV,0.053,85.45,-50.18,no offer,Internet service: Fiber optic,Multiple lines: Yes
1696-HXOWK,0.047,95.65,-50.2,no offer,Internet service: Fiber optic,Streaming TV: Yes
7291-CDTMJ,0.231,19.65,-50.2,no offer,Tenure: 1 months,Contract type: Month-to-month
5887-IKKYO,0.048,94.35,-50.21,no offer,Internet service: Fiber optic,Streaming movies: Yes
6942-LBFDP,0.221,20.55,-50.21,no offer,Tenure: 2 months,Contract type: Month-to-month
5624-RYAMH,0.232,19.5,-50.22,no offer,Tenure: 9 months,Contract type: Month-to-month
6050-FFXES,0.043,105.35,-50.24,no offer,Internet service: Fiber optic,Streaming movies: Yes
0020-INWCK,0.047,95.75,-50.25,no offer,Internet service: Fiber optic,Streaming movies: Yes
7931-PXHFC,0.072,62.3,-50.25,no offer,Streaming movies: Yes,Online security: No
4369-NYSCF,0.06,75.75,-50.26,no offer,Streaming movies: Yes,Streaming TV: Yes
7893-IXHRQ,0.219,20.55,-50.27,no offer,Tenure: 1 months,Contract type: Month-to-month
8262-COGGB,0.22,20.45,-50.27,no offer,Tenure: 1 months,Contract type: Month-to-month
8630-QSGXK,0.06,75.2,-50.28,no offer,Streaming movies: Yes,Streaming TV: Yes
2465-BLLEU,0.228,19.75,-50.28,no offer,Tenure: 1 months,Contract type: Month-to-month
3410-YOQBQ,0.057,79.2,-50.28,no offer,Streaming movies: Yes,Streaming TV: Yes
1371-DWPAZ,0.08,56.05,-50.29,no offer,Tenure: 0 months,PhoneService: No
6919-ELBGL,0.039,114.95,-50.32,no offer,Internet service: Fiber optic,Streaming movies: Yes
1729-VLAZJ,0.111,40.25,-50.33,no offer,Tenure: 10 months,PhoneService: No
2054-PJOCK,0.056,80.55,-50.34,no offer,Streaming movies: Yes,Streaming TV: Yes
4576-CSAJH,0.081,55.15,-50.36,no offer,Tenure: 22 months,Online security: No
8792-AOROI,0.068,65.5,-50.37,no offer,Tenure: 8 months,Streaming movies: Yes
1614-JBEBI,0.215,20.7,-50.37,no offer,Tenure: 8 months,Contract type: Month-to-month
7740-KKCXF,0.148,30.05,-50.38,no offer,Contract type: Month-to-month,PhoneService: No
7696-AMHOD,0.057,78.0,-50.39,no offer,Streaming movies: Yes,Streaming TV: Yes
5160-UXJED,0.1,44.6,-50.41,no offer,Tenure: 17 months,Online security: No
6992-TKNYO,0.064,69.0,-50.43,no offer,Streaming movies: Yes,Online security: No
0254-FNMCI,0.04,109.9,-50.44,no offer,Internet service: Fiber optic,Payment method: Electronic check
3963-RYFNS,0.038,116.45,-50.46,no offer,Internet service: Fiber optic,Streaming movies: Yes
2887-JPYLU,0.098,45.2,-50.46,no offer,Contract type: Month-to-month,Online security: No
4634-JLRJT,0.217,20.35,-50.47,no offer,Tenure: 1 months,Contract type: Month-to-month
5753-QQWPW,0.074,59.9,-50.47,no offer,Payment method: Electronic check,Tenure: 28 months
8073-IJDCM,0.217,20.3,-50.49,no offer,Tenure: 1 months,Contract type: Month-to-month
4588-YBNIB,0.225,19.6,-50.49,no offer,Tenure: 1 months,Contract type: Month-to-month
8208-EUMTE,0.08,54.85,-50.49,no offer,Tenure: 16 months,PhoneService: No
5447-VYTKW,0.082,53.45,-50.5,no offer,Contract type: Month-to-month,Tenure: 27 months
4378-MYPGO,0.042,105.25,-50.51,no offer,Internet service: Fiber optic,Streaming movies: Yes
0670-KDOMA,0.217,20.25,-50.52,no offer,Tenure: 1 months,Contract type: Month-to-month
6469-QJKZW,0.218,20.15,-50.52,no offer,Tenure: 4 months,Contract type: Month-to-month
0980-FEXWF,0.087,50.35,-50.53,no offer,Tenure: 26 months,Online security: No
8566-YPRGL,0.224,19.5,-50.55,no offer,Tenure: 1 months,Contract type: Month-to-month
2746-DIJLO,0.078,56.3,-50.57,no offer,Online security: No,Multiple lines: Yes
4781-ZXYGU,0.217,20.15,-50.57,no offer,Tenure: 1 months,Contract type: Month-to-month
1042-HFUCW,0.08,54.75,-50.58,no offer,Tenure: 25 months,Online security: No
9298-WGMRW,0.038,115.5,-50.58,no offer,Internet service: Fiber optic,Streaming movies: Yes
7746-QYVCO,0.078,55.85,-50.58,no offer,Tenure: 16 months,Tech support: No
4897-QSUYC,0.217,20.15,-50.58,no offer,Tenure: 1 months,Contract type: Month-to-month
8904-OPDCK,0.175,24.95,-50.59,no offer,Contract type: Month-to-month,Monthly bill: $25
9987-LUTYD,0.079,55.15,-50.59,no offer,Tenure: 13 months,OnlineBackup: No
5944-UGLLK,0.079,54.9,-50.6,no offer,PhoneService: No,Streaming movies: Yes
8975-SKGRX,0.037,116.1,-50.61,no offer,Internet service: Fiber optic,Streaming movies: Yes
2834-JKOOW,0.095,45.9,-50.61,no offer,Tenure: 15 months,PhoneService: No
3186-AJIEK,0.041,105.65,-50.62,no offer,Internet service: Fiber optic,Streaming movies: Yes
0019-EFAEP,0.043,101.3,-50.63,no offer,Internet service: Fiber optic,Streaming TV: Yes
4853-RULSV,0.042,104.0,-50.64,no offer,Internet service: Fiber optic,Streaming movies: Yes
6993-YGFJV,0.038,112.55,-50.67,no offer,Internet service: Fiber optic,Streaming movies: Yes
3082-YVEKW,0.056,77.15,-50.68,no offer,Tenure: 23 months,Streaming TV: Yes
8313-AFGBW,0.058,73.6,-50.7,no offer,Payment method: Electronic check,Streaming movies: Yes
2200-DSAAL,0.053,80.65,-50.71,no offer,Payment method: Electronic check,Streaming movies: Yes
4800-VHZKI,0.216,19.9,-50.71,no offer,Tenure: 1 months,Contract type: Month-to-month
8305-VHZBZ,0.213,20.2,-50.72,no offer,Tenure: 1 months,Contract type: Month-to-month
6682-QJDGB,0.078,55.25,-50.72,no offer,Contract type: Month-to-month,Tech support: No
7602-MVRMB,0.039,110.45,-50.72,no offer,Internet service: Fiber optic,Streaming movies: Yes
8606-CIQUL,0.037,115.75,-50.72,no offer,Internet service: Fiber optic,Streaming movies: Yes
2710-WYVXG,0.06,71.1,-50.73,no offer,Tenure: 3 months,Streaming movies: Yes
5756-OZRIO,0.067,64.05,-50.73,no offer,Streaming movies: Yes,Senior citizen
6286-ZHAOK,0.168,25.55,-50.74,no offer,Contract type: Month-to-month,Tenure: 20 months
7989-CHGTL,0.218,19.6,-50.75,no offer,Tenure: 1 months,Contract type: Month-to-month
1555-DJEQW,0.038,114.2,-50.75,no offer,Internet service: Fiber optic,Streaming movies: Yes
1000-AJSLD,0.213,20.1,-50.76,no offer,Tenure: 1 months,Contract type: Month-to-month
0930-EHUZA,0.056,76.35,-50.77,no offer,Streaming TV: Yes,Paperless billing: Yes
2393-DIVAI,0.214,20.0,-50.77,no offer,Tenure: 3 months,Contract type: Month-to-month
5202-IVJNU,0.142,30.1,-50.78,no offer,Contract type: Month-to-month,PhoneService: No
6121-VZNQB,0.224,19.1,-50.78,no offer,Tenure: 1 months,Contract type: Month-to-month
4661-NJEUX,0.213,20.05,-50.78,no offer,Tenure: 1 months,Contract type: Month-to-month
7951-VRDVK,0.05,85.85,-50.78,no offer,Streaming movies: Yes,Streaming TV: Yes
8085-MSNLK,0.037,113.95,-50.8,no offer,Internet service: Fiber optic,Streaming movies: Yes
4986-MXSFP,0.213,20.0,-50.8,no offer,Tenure: 2 months,Contract type: Month-to-month
7005-CYUIL,0.043,99.4,-50.81,no offer,Internet service: Fiber optic,Payment method: Electronic check
4139-SUGLD,0.12,35.4,-50.81,no offer,Contract type: Month-to-month,PhoneService: No
6999-CHVCF,0.042,102.1,-50.82,no offer,Internet service: Fiber optic,Streaming movies: Yes
1402-PTHGN,0.069,61.5,-50.83,no offer,Tenure: 18 months,Paperless billing: Yes
7083-YNSKY,0.167,25.4,-50.83,no offer,Tenure: 15 months,Contract type: Month-to-month
8680-CGLTP,0.072,58.75,-50.84,no offer,Payment method: Electronic check,Paperless billing: Yes
0303-WMMRN,0.22,19.25,-50.85,no offer,Tenure: 5 months,Contract type: Month-to-month
2121-JAFOM,0.037,115.55,-50.88,no offer,Internet service: Fiber optic,Streaming movies: Yes
4906-ZHGPK,0.06,70.7,-50.88,no offer,Payment method: Electronic check,Streaming TV: Yes
4884-TVUQF,0.042,101.3,-50.88,no offer,Internet service: Fiber optic,Streaming movies: Yes
2798-NYLMZ,0.039,108.55,-50.88,no offer,Internet service: Fiber optic,Streaming movies: Yes
8383-SGHJU,0.071,59.4,-50.89,no offer,Payment method: Electronic check,Multiple lines: Yes
6614-FHDBO,0.039,109.2,-50.9,no offer,Internet service: Fiber optic,Streaming movies: Yes
5062-CJJKH,0.078,53.65,-50.91,no offer,Tenure: 25 months,Online security: No
5777-KJIRB,0.084,50.25,-50.92,no offer,Online security: No,Tech support: No
5066-GFJMM,0.211,19.9,-50.93,no offer,Tenure: 3 months,Contract type: Month-to-month
5144-PQCDZ,0.21,19.95,-50.94,no offer,Tenure: 4 months,Contract type: Month-to-month
4776-XSKYQ,0.139,30.25,-50.94,no offer,Tenure: 12 months,PhoneService: No
2245-ADZFJ,0.052,80.55,-50.95,no offer,Streaming movies: Yes,Streaming TV: Yes
2640-LYMOV,0.213,19.65,-50.97,no offer,Tenure: 2 months,Contract type: Month-to-month
2832-SCUCO,0.21,19.9,-50.97,no offer,Tenure: 2 months,Contract type: Month-to-month
7874-ECPQJ,0.208,20.05,-50.98,no offer,Tenure: 4 months,Contract type: Month-to-month
1087-UDSIH,0.213,19.6,-50.99,no offer,Tenure: 3 months,Contract type: Month-to-month
8044-BGWPI,0.197,21.15,-50.99,no offer,Tenure: 12 months,Contract type: Month-to-month
4486-EFAEB,0.204,20.4,-50.99,no offer,Tenure: 13 months,Contract type: Month-to-month
5906-BFOZT,0.214,19.5,-51.0,no offer,Tenure: 1 months,Contract type: Month-to-month
1150-WFARN,0.038,108.75,-51.01,no offer,Internet service: Fiber optic,Streaming movies: Yes
7472-EQOAV,0.048,86.7,-51.01,no offer,Internet service: Fiber optic,Senior citizen
0197-PNKNK,0.049,84.45,-51.02,no offer,Internet service: Fiber optic,Multiple lines: Yes
1741-WTPON,0.036,115.85,-51.02,no offer,Internet service: Fiber optic,Streaming movies: Yes
1099-BTKWT,0.076,54.4,-51.05,no offer,Payment method: Electronic check,PhoneService: No
9351-HXDMR,0.037,110.9,-51.05,no offer,Internet service: Fiber optic,Streaming movies: Yes
0619-OLYUR,0.037,111.9,-51.06,no offer,Internet service: Fiber optic,Streaming movies: Yes
6075-QMNRR,0.083,49.75,-51.06,no offer,Contract type: Month-to-month,Tech support: No
0117-LFRMW,0.103,40.2,-51.07,no offer,Contract type: Month-to-month,PhoneService: No
2680-XKKNJ,0.071,58.2,-51.07,no offer,Tenure: 8 months,Dependents: No
0727-BNRLG,0.042,97.65,-51.08,no offer,Internet service: Fiber optic,Streaming TV: Yes
6184-DYUOB,0.211,19.6,-51.08,no offer,Tenure: 3 months,Contract type: Month-to-month
6231-WFGFH,0.202,20.5,-51.08,no offer,Tenure: 4 months,Contract type: Month-to-month
8224-UAXBZ,0.091,45.35,-51.09,no offer,Payment method: Electronic check,PhoneService: No
3617-XLSGQ,0.038,109.25,-51.09,no offer,Internet service: Fiber optic,Streaming movies: Yes
0842-IWYCP,0.092,44.95,-51.1,no offer,Contract type: Month-to-month,Online security: No
4072-IPYLT,0.081,51.05,-51.1,no offer,Contract type: Month-to-month,Tech support: No
7853-WNZSY,0.208,19.75,-51.12,no offer,Tenure: 1 months,Contract type: Month-to-month
9199-PWQVC,0.052,79.7,-51.12,no offer,Streaming movies: Yes,Streaming TV: Yes
3870-SPZSI,0.036,113.05,-51.13,no offer,Internet service: Fiber optic,Streaming movies: Yes
8992-CEUEN,0.218,18.85,-51.14,no offer,Tenure: 1 months,Contract type: Month-to-month
9959-WOFKT,0.038,106.7,-51.14,no offer,Internet service: Fiber optic,Streaming movies: Yes
6447-GORXK,0.164,25.0,-51.15,no offer,Contract type: Month-to-month,Monthly bill: $25
6258-NGCNG,0.174,23.5,-51.15,no offer,Tenure: 7 months,Contract type: Month-to-month
5214-NLTIT,0.045,90.8,-51.16,no offer,Internet service: Fiber optic,Streaming movies: Yes
9318-NKNFC,0.217,18.85,-51.17,no offer,Tenure: 1 months,Contract type: Month-to-month
8267-KFGYD,0.194,21.05,-51.17,no offer,Tenure: 1 months,Contract type: Month-to-month
9070-BCKQP,0.037,110.15,-51.18,no offer,Internet service: Fiber optic,Streaming movies: Yes
7055-JCGNI,0.036,111.95,-51.19,no offer,Internet service: Fiber optic,Streaming movies: Yes
6586-PSJOX,0.074,55.2,-51.19,no offer,Tenure: 15 months,Online security: No
1702-CCFNJ,0.066,61.35,-51.19,no offer,Contract type: Month-to-month,Online security: No
4255-DDUOU,0.199,20.5,-51.2,no offer,Tenure: 1 months,Contract type: Month-to-month
6211-WWLTF,0.041,99.7,-51.21,no offer,Internet service: Fiber optic,Streaming movies: Yes
7526-IVLYU,0.207,19.65,-51.21,no offer,Tenure: 3 months,Contract type: Month-to-month
8690-UPCZI,0.059,69.05,-51.21,no offer,Streaming TV: Yes,Multiple lines: Yes
7816-VGHTO,0.1,40.55,-51.22,no offer,Tenure: 6 months,PhoneService: No
4160-AMJTL,0.207,19.65,-51.22,no offer,Tenure: 8 months,Contract type: Month-to-month
6244-BESBM,0.043,95.2,-51.23,no offer,Internet service: Fiber optic,Streaming movies: Yes
4385-ZKVNW,0.074,54.9,-51.24,no offer,Contract type: Month-to-month,Online security: No
4232-JGKIY,0.211,19.2,-51.24,no offer,Tenure: 1 months,Contract type: Month-to-month
8106-GWQOK,0.068,60.0,-51.24,no offer,PhoneService: No,Streaming movies: Yes
9754-CLVZW,0.104,38.85,-51.25,no offer,Contract type: Month-to-month,PhoneService: No
8024-XNAFQ,0.038,107.4,-51.25,no offer,Internet service: Fiber optic,Streaming movies: Yes
9207-ZPANB,0.06,67.45,-51.25,no offer,Payment method: Electronic check,Multiple lines: Yes
0670-ANMUU,0.041,97.65,-51.26,no offer,Internet service: Fiber optic,Streaming movies: Yes
3417-TSCIC,0.162,24.85,-51.29,no offer,Monthly bill: $25,PhoneService: No
5914-XRFQB,0.035,115.8,-51.3,no offer,Internet service: Fiber optic,Streaming movies: Yes
7021-XSNYE,0.081,49.65,-51.3,no offer,Tenure: 7 months,PhoneService: No
7636-XUHWW,0.202,19.9,-51.31,no offer,Tenure: 2 months,Contract type: Month-to-month
4686-GEFRM,0.041,98.7,-51.32,no offer,Internet service: Fiber optic,Streaming movies: Yes
9753-OYLBX,0.196,20.5,-51.33,no offer,Tenure: 1 months,Contract type: Month-to-month
9589-ABEPT,0.043,92.45,-51.33,no offer,Internet service: Fiber optic,Streaming TV: Yes
0013-SMEOE,0.037,109.7,-51.34,no offer,Internet service: Fiber optic,Streaming movies: Yes
6007-TCTST,0.035,115.8,-51.35,no offer,Internet service: Fiber optic,Streaming movies: Yes
9705-ZJBCG,0.074,54.15,-51.35,no offer,Tenure: 13 months,OnlineBackup: No
4693-VWVBO,0.205,19.55,-51.35,no offer,Tenure: 3 months,Contract type: Month-to-month
2732-ISEZX,0.195,20.5,-51.36,no offer,Tenure: 5 months,Contract type: Month-to-month
9092-GDZKO,0.161,24.85,-51.36,no offer,Contract type: Month-to-month,Tenure: 22 months
9388-ZEYVT,0.09,44.15,-51.37,no offer,Payment method: Electronic check,PhoneService: No
1449-XQEMT,0.202,19.8,-51.37,no offer,Tenure: 3 months,Contract type: Month-to-month
3727-JEZTU,0.196,20.4,-51.38,no offer,Tenure: 1 months,Contract type: Month-to-month
3800-LYTRK,0.072,55.7,-51.39,no offer,Tenure: 14 months,OnlineBackup: No
8317-BVKSO,0.198,20.05,-51.41,no offer,Tenure: 14 months,Contract type: Month-to-month
4778-IZARL,0.036,110.1,-51.42,no offer,Internet service: Fiber optic,Streaming movies: Yes
7576-ASEJU,0.053,74.7,-51.43,no offer,Streaming movies: Yes,Streaming TV: Yes
3795-CAWEX,0.034,116.55,-51.43,no offer,Internet service: Fiber optic,Streaming movies: Yes
5955-EPOAZ,0.189,20.95,-51.44,no offer,Tenure: 6 months,Contract type: Month-to-month
7569-NMZYQ,0.033,118.75,-51.45,no offer,Internet service: Fiber optic,Streaming movies: Yes
6434-TTGJP,0.074,53.7,-51.46,no offer,Tenure: 10 months,PhoneService: No
7037-MTYVW,0.046,85.4,-51.48,no offer,Streaming movies: Yes,Streaming TV: Yes
2839-RFSQE,0.191,20.65,-51.49,no offer,Tenure: 2 months,Contract type: Month-to-month
9039-ZVJDC,0.206,19.1,-51.5,no offer,Tenure: 3 months,Contract type: Month-to-month
0983-TATYJ,0.077,51.45,-51.5,no offer,Online security: No,Paperless billing: Yes
3214-IYUUQ,0.042,93.7,-51.5,no offer,Internet service: Fiber optic,Streaming movies: Yes
7976-CICYS,0.19,20.7,-51.5,no offer,Tenure: 4 months,Contract type: Month-to-month
3807-XHCJH,0.197,20.0,-51.51,no offer,Tenure: 1 months,Contract type: Month-to-month
5294-CDGWY,0.066,59.3,-51.52,no offer,Payment method: Electronic check,PhoneService: No
5724-BIDBU,0.071,55.35,-51.53,no offer,Payment method: Electronic check,Multiple lines: Yes
3308-MHOOC,0.204,19.2,-51.55,no offer,Tenure: 1 months,Contract type: Month-to-month
5868-YTYKS,0.193,20.25,-51.57,no offer,Tenure: 1 months,Contract type: Month-to-month
5020-ZSTTY,0.047,82.45,-51.58,no offer,Streaming movies: Yes,Streaming TV: Yes
6445-TNRXS,0.034,114.7,-51.58,no offer,Internet service: Fiber optic,Streaming movies: Yes
9629-NHXFW,0.201,19.4,-51.59,no offer,Tenure: 1 months,Contract type: Month-to-month
7753-USQYQ,0.061,64.2,-51.59,no offer,Payment method: Electronic check,Streaming movies: Yes
5236-XMZJY,0.065,59.65,-51.6,no offer,Contract type: Month-to-month,Tech support: No
4404-HIBDJ,0.052,74.3,-51.6,no offer,Tenure: 25 months,Streaming TV: Yes
1036-GUDCL,0.049,79.05,-51.6,no offer,Contract type: Month-to-month,Streaming movies: Yes
1725-MIMXW,0.199,19.45,-51.62,no offer,Tenure: 1 months,Contract type: Month-to-month
4390-KYULV,0.189,20.55,-51.62,no offer,Tenure: 3 months,Contract type: Month-to-month
9788-YTFGE,0.194,19.95,-51.63,no offer,Tenure: 7 months,Contract type: Month-to-month
6869-FGJJC,0.049,79.6,-51.63,no offer,Internet service: Fiber optic,Online security: No
3810-DVDQQ,0.033,117.6,-51.64,no offer,Internet service: Fiber optic,Streaming movies: Yes
0690-SRQID,0.196,19.65,-51.66,no offer,Tenure: 4 months,Contract type: Month-to-month
7266-GSSJX,0.189,20.45,-51.66,no offer,Tenure: 11 months,Contract type: Month-to-month
1724-IQWNM,0.2,19.3,-51.68,no offer,Tenure: 1 months,Contract type: Month-to-month
2586-CWXVV,0.127,30.4,-51.69,no offer,Contract type: Month-to-month,Payment method: Electronic check
6124-ACRHJ,0.194,19.75,-51.7,no offer,Tenure: 1 months,Contract type: Month-to-month
1725-IQNIY,0.035,109.75,-51.71,no offer,Internet service: Fiber optic,Streaming movies: Yes
9027-TMATR,0.049,78.8,-51.71,no offer,Payment method: Electronic check,Streaming movies: Yes
3258-SYSWS,0.034,113.8,-51.72,no offer,Internet service: Fiber optic,Streaming movies: Yes
1423-BMPBQ,0.201,19.0,-51.74,no offer,Tenure: 1 months,Contract type: Month-to-month
9637-CDTKZ,0.033,114.1,-51.74,no offer,Internet service: Fiber optic,Streaming movies: Yes
2380-DAMQP,0.033,115.15,-51.74,no offer,Internet service: Fiber optic,Payment method: Electronic check
0866-QLSIR,0.059,64.4,-51.75,no offer,Multiple lines: Yes,Paperless billing: Yes
5688-KZTSN,0.191,20.0,-51.75,no offer,Tenure: 15 months,Contract type: Month-to-month
1097-FSPVW,0.07,54.55,-51.76,no offer,Contract type: Month-to-month,Tech support: No
2483-XSSMZ,0.08,47.85,-51.76,no offer,Payment method: Electronic check,Tech support: No
3396-DKDEL,0.033,115.15,-51.76,no offer,Internet service: Fiber optic,Streaming movies: Yes
0621-JFHOL,0.129,29.6,-51.77,no offer,Tenure: 10 months,PhoneService: No
4163-KIUHY,0.148,25.6,-51.79,no offer,Contract type: Month-to-month,Payment method: Electronic check
6579-JPICP,0.186,20.4,-51.79,no offer,Tenure: 1 months,Contract type: Month-to-month
8788-DOXSU,0.062,61.35,-51.79,no offer,Streaming movies: Yes,Online security: No
8605-ITULD,0.194,19.55,-51.8,no offer,Tenure: 1 months,Contract type: Month-to-month
3285-UCQVC,0.133,28.6,-51.8,no offer,Contract type: Month-to-month,PhoneService: No
8035-BUYVG,0.09,42.35,-51.8,no offer,Payment method: Electronic check,PhoneService: No
5375-XLDOF,0.033,114.35,-51.81,no offer,Internet service: Fiber optic,Streaming movies: Yes
8883-GRDWQ,0.07,54.0,-51.81,no offer,Tenure: 20 months,Senior citizen
1904-WAJAA,0.059,64.35,-51.82,no offer,Tenure: 24 months,Payment method: Electronic check
3669-WHAFY,0.033,115.15,-51.82,no offer,Internet service: Fiber optic,Streaming movies: Yes
3508-CFVZL,0.034,111.3,-51.82,no offer,Internet service: Fiber optic,Streaming movies: Yes
4365-MSDYN,0.193,19.55,-51.84,no offer,Tenure: 8 months,Contract type: Month-to-month
5872-OEQNH,0.085,44.45,-51.84,no offer,Payment method: Electronic check,PhoneService: No
8203-XJZRC,0.186,20.25,-51.86,no offer,Tenure: 1 months,Contract type: Month-to-month
5791-KAJFD,0.055,68.75,-51.86,no offer,Streaming movies: Yes,Multiple lines: Yes
3648-GZPHF,0.104,36.25,-51.87,no offer,PhoneService: No,Online security: No
9938-TKDGL,0.038,99.55,-51.88,no offer,Internet service: Fiber optic,Payment method: Electronic check
5671-RQRLP,0.05,75.65,-51.89,no offer,Internet service: Fiber optic,Senior citizen
2303-PJYHN,0.189,19.85,-51.89,no offer,Tenure: 2 months,Contract type: Month-to-month
3247-MHJKM,0.186,20.2,-51.89,no offer,Tenure: 1 months,Contract type: Month-to-month
3981-QSVQI,0.19,19.7,-51.9,no offer,Tenure: 8 months,Contract type: Month-to-month
2325-ZUSFD,0.053,70.1,-51.91,no offer,Streaming movies: Yes,Streaming TV: Yes
1855-CFULU,0.187,20.05,-51.91,no offer,Tenure: 4 months,Contract type: Month-to-month
1322-AGOQM,0.124,30.3,-51.91,no offer,Contract type: Month-to-month,PhoneService: No
7030-FZTFM,0.034,110.9,-51.92,no offer,Internet service: Fiber optic,Streaming movies: Yes
8480-PPONV,0.032,115.55,-51.92,no offer,Internet service: Fiber optic,Streaming movies: Yes
8348-JLBUG,0.047,80.3,-51.93,no offer,Internet service: Fiber optic,Senior citizen
7310-EGVHZ,0.185,20.2,-51.93,no offer,Tenure: 1 months,Contract type: Month-to-month
0114-RSRRW,0.187,19.95,-51.93,no offer,Tenure: 10 months,Contract type: Month-to-month
5624-BQSSA,0.178,20.95,-51.94,no offer,Tenure: 1 months,Contract type: Month-to-month
1544-JJMYL,0.054,69.35,-51.94,no offer,Streaming TV: Yes,Tenure: 27 months
7710-JSYOA,0.04,93.3,-51.94,no offer,Internet service: Fiber optic,Streaming movies: Yes
7839-NUIAA,0.062,59.8,-51.94,no offer,Contract type: Month-to-month,Payment method: Electronic check
9025-ZRPVR,0.197,18.95,-51.95,no offer,Tenure: 9 months,Contract type: Month-to-month
1576-PFZIW,0.035,105.35,-51.95,no offer,Internet service: Fiber optic,Streaming movies: Yes
3030-ZKIWL,0.186,20.05,-51.96,no offer,Tenure: 1 months,Contract type: Month-to-month
0426-TIRNE,0.178,20.9,-51.96,no offer,Tenure: 1 months,Contract type: Month-to-month
1247-QBVSH,0.074,50.2,-51.98,no offer,Contract type: Month-to-month,Online security: No
4877-EVATK,0.186,20.0,-51.98,no offer,Tenure: 1 months,Contract type: Month-to-month
6806-YDEUL,0.19,19.5,-51.99,no offer,Tenure: 6 months,Contract type: Month-to-month
7833-PKIHD,0.049,76.4,-51.99,no offer,Streaming movies: Yes,Streaming TV: Yes
6286-SUUWT,0.186,19.95,-52.0,no offer,Tenure: 1 months,Contract type: Month-to-month
4745-LSPLO,0.181,20.5,-52.0,no offer,Tenure: 1 months,Contract type: Month-to-month
5204-HMGYF,0.042,87.2,-52.01,no offer,Streaming movies: Yes,Streaming TV: Yes
6478-HRRCZ,0.052,70.5,-52.02,no offer,Streaming movies: Yes,Dependents: No
3679-XASPY,0.19,19.45,-52.03,no offer,Tenure: 1 months,Contract type: Month-to-month
4830-FAXFM,0.153,24.1,-52.03,no offer,Contract type: Month-to-month,Tenure: 19 months
4541-RMRLG,0.192,19.25,-52.03,no offer,Tenure: 7 months,Contract type: Month-to-month
0017-IUDMW,0.032,116.8,-52.03,no offer,Internet service: Fiber optic,Streaming movies: Yes
0673-IGUQO,0.181,20.45,-52.03,no offer,Tenure: 1 months,Contract type: Month-to-month
0679-TDGAK,0.049,75.5,-52.03,no offer,Payment method: Electronic check,Streaming movies: Yes
4973-RLZVI,0.049,74.65,-52.04,no offer,Streaming TV: Yes,Tenure: 30 months
7107-UBYKY,0.143,25.75,-52.04,no offer,Contract type: Month-to-month,Payment method: Electronic check
8166-ZZTFS,0.046,80.55,-52.04,no offer,Streaming movies: Yes,Streaming TV: Yes
3315-IKYZQ,0.073,50.8,-52.04,no offer,PhoneService: No,Streaming TV: Yes
9330-DHBFL,0.056,66.25,-52.04,no offer,Tenure: 23 months,Paperless billing: Yes
6654-QGBZZ,0.185,19.9,-52.05,no offer,Tenure: 1 months,Contract type: Month-to-month
7878-RTCZG,0.185,19.9,-52.05,no offer,Tenure: 1 months,Contract type: Month-to-month
4717-GHADL,0.046,79.6,-52.05,no offer,Streaming movies: Yes,Streaming TV: Yes
8097-VBQTZ,0.053,69.9,-52.06,no offer,Contract type: Month-to-month,Streaming TV: Yes
2223-GDSHL,0.032,116.05,-52.08,no offer,Internet service: Fiber optic,Streaming movies: Yes
0675-NCDYU,0.031,116.4,-52.09,no offer,Internet service: Fiber optic,Streaming movies: Yes
1140-UKVZG,0.148,24.8,-52.09,no offer,Tenure: 17 months,Contract type: Month-to-month
7730-CLDSV,0.037,98.65,-52.09,no offer,Internet service: Fiber optic,Streaming movies: Yes
7853-GVUDZ,0.182,20.15,-52.1,no offer,Tenure: 1 months,Contract type: Month-to-month
1599-MMYRQ,0.045,81.45,-52.12,no offer,Internet service: Fiber optic,Tech support: No
3407-QGWLG,0.182,20.05,-52.12,no offer,Tenure: 3 months,Contract type: Month-to-month
7706-DZNKK,0.179,20.45,-52.12,no offer,Tenure: 11 months,Contract type: Month-to-month
8915-NNTRC,0.034,107.7,-52.13,no offer,Internet service: Fiber optic,Streaming movies: Yes
9788-HNGUT,0.031,116.95,-52.14,no offer,Internet service: Fiber optic,Streaming movies: Yes
4786-UKSNZ,0.18,20.2,-52.14,no offer,Tenure: 1 months,Contract type: Month-to-month
8048-DSDFQ,0.18,20.2,-52.14,no offer,Tenure: 1 months,Contract type: Month-to-month
5712-VBOXD,0.181,20.15,-52.14,no offer,Tenure: 4 months,Contract type: Month-to-month
1841-YSJGV,0.033,109.95,-52.14,no offer,Internet service: Fiber optic,Streaming movies: Yes
2546-KZAAT,0.048,75.4,-52.15,no offer,Streaming movies: Yes,Streaming TV: Yes
9742-XOKTS,0.041,89.55,-52.16,no offer,Internet service: Fiber optic,Payment method: Electronic check
8739-QOTTN,0.178,20.35,-52.16,no offer,Tenure: 2 months,Contract type: Month-to-month
4237-CLSMM,0.181,20.0,-52.16,no offer,Tenure: 2 months,Contract type: Month-to-month
4115-BNPJY,0.048,75.55,-52.17,no offer,Streaming movies: Yes,Streaming TV: Yes
9708-KFDBY,0.176,20.55,-52.17,no offer,Tenure: 1 months,Contract type: Month-to-month
8777-PVYGU,0.056,64.3,-52.18,no offer,Streaming TV: Yes,Tech support: No
9680-NIAUV,0.033,109.7,-52.18,no offer,Internet service: Fiber optic,Streaming movies: Yes
0188-GWFLE,0.181,20.05,-52.18,no offer,Tenure: 2 months,Contract type: Month-to-month
0074-HDKDG,0.059,61.6,-52.2,no offer,Tenure: 25 months,Tech support: No
5172-RKOCB,0.033,108.95,-52.2,no offer,Internet service: Fiber optic,Streaming movies: Yes
9374-YOLBJ,0.188,19.25,-52.2,no offer,Tenure: 1 months,Contract type: Month-to-month
8749-CLJXC,0.18,20.05,-52.21,no offer,Tenure: 1 months,Contract type: Month-to-month
6176-YJWAS,0.037,97.95,-52.21,no offer,Internet service: Fiber optic,Streaming TV: Yes
4174-LPGTI,0.054,66.5,-52.22,no offer,Streaming movies: Yes,Online security: No
2877-VDUER,0.088,40.9,-52.22,no offer,PhoneService: No,Streaming TV: Yes
7698-YFGEZ,0.18,20.0,-52.24,no offer,Tenure: 1 months,Contract type: Month-to-month
2111-DWYHN,0.17,21.1,-52.24,no offer,Tenure: 1 months,Contract type: Month-to-month
9512-PHSMG,0.175,20.55,-52.24,no offer,Tenure: 10 months,Contract type: Month-to-month
7551-JOHTI,0.184,19.5,-52.24,no offer,Tenure: 1 months,Contract type: Month-to-month
1796-JANOW,0.18,19.95,-52.25,no offer,Tenure: 2 months,Contract type: Month-to-month
1352-HNSAW,0.031,115.6,-52.25,no offer,Internet service: Fiber optic,Streaming movies: Yes
9103-CXVOK,0.182,19.75,-52.25,no offer,Tenure: 1 months,Contract type: Month-to-month
8295-FHIVV,0.185,19.4,-52.25,no offer,Tenure: 7 months,Contract type: Month-to-month
7140-ADSMJ,0.175,20.45,-52.25,no offer,Tenure: 8 months,Contract type: Month-to-month
3847-BAERP,0.171,20.9,-52.26,no offer,Tenure: 10 months,Contract type: Month-to-month
9625-QNLUX,0.035,103.25,-52.27,no offer,Internet service: Fiber optic,Streaming movies: Yes
7356-AYNJP,0.15,23.9,-52.27,no offer,Tenure: 4 months,Monthly bill: $24
2634-HCZGT,0.059,60.05,-52.28,no offer,Payment method: Electronic check,Senior citizen
1135-LMECX,0.18,19.85,-52.29,no offer,Tenure: 1 months,Contract type: Month-to-month
4195-SMMNX,0.175,20.35,-52.29,no offer,Tenure: 2 months,Contract type: Month-to-month
3590-TCXTB,0.175,20.35,-52.3,no offer,Tenure: 1 months,Contract type: Month-to-month
3397-AVTKU,0.059,60.0,-52.3,no offer,Payment method: Electronic check,Streaming movies: Yes
9146-JRIOX,0.139,25.55,-52.31,no offer,Tenure: 14 months,Contract type: Month-to-month
5989-AXPUC,0.03,118.6,-52.31,no offer,Internet service: Fiber optic,Streaming movies: Yes
2676-ISHSF,0.175,20.3,-52.32,no offer,Tenure: 1 months,Contract type: Month-to-month
6416-JNVRK,0.064,55.65,-52.34,no offer,Streaming movies: Yes,Online security: No
5067-DGXLL,0.175,20.25,-52.34,no offer,Tenure: 2 months,Contract type: Month-to-month
2453-SAFNS,0.049,72.1,-52.34,no offer,Streaming TV: Yes,Senior citizen
8756-RDDLT,0.079,44.95,-52.34,no offer,Contract type: Month-to-month,Payment method: Electronic check
7758-UJWYS,0.087,40.55,-52.34,no offer,Payment method: Electronic check,PhoneService: No
8883-ANODQ,0.042,84.4,-52.34,no offer,Internet service: Fiber optic,Online security: No
7239-HZZCX,0.179,19.75,-52.35,no offer,Tenure: 1 months,Contract type: Month-to-month
3930-ZGWVE,0.179,19.75,-52.35,no offer,Tenure: 1 months,Contract type: Month-to-month
6728-WYQBC,0.169,20.95,-52.36,no offer,Tenure: 1 months,Contract type: Month-to-month
7721-DVEKZ,0.18,19.65,-52.36,no offer,Tenure: 1 months,Contract type: Month-to-month
1385-TQOZW,0.173,20.45,-52.36,no offer,Tenure: 9 months,Contract type: Month-to-month
8582-KRHPJ,0.101,35.0,-52.36,no offer,Contract type: Month-to-month,PhoneService: No
8785-EPNCG,0.153,23.15,-52.36,no offer,Tenure: 11 months,Contract type: Month-to-month
1488-PBLJN,0.03,116.85,-52.36,no offer,Internet service: Fiber optic,Streaming movies: Yes
4785-NKHCX,0.176,20.05,-52.37,no offer,Tenure: 5 months,Contract type: Month-to-month
3726-TBHQT,0.031,114.0,-52.37,no offer,Internet service: Fiber optic,Streaming movies: Yes
9931-DCEZH,0.065,54.4,-52.38,no offer,Online security: No,Tenure: 28 months
6543-JXSOO,0.061,57.75,-52.39,no offer,Tenure: 23 months,Paperless billing: Yes
2866-IKBTM,0.18,19.55,-52.39,no offer,Tenure: 1 months,Contract type: Month-to-month
1934-SJVJK,0.175,20.15,-52.39,no offer,Tenure: 1 months,Contract type: Month-to-month
1905-OEILC,0.18,19.5,-52.41,no offer,Tenure: 1 months,Contract type: Month-to-month
9541-PWTWO,0.043,80.95,-52.41,no offer,Streaming movies: Yes,Streaming TV: Yes
1661-CZBAU,0.049,70.95,-52.43,no offer,Streaming movies: Yes,Multiple lines: Yes
9837-FWLCH,0.183,19.2,-52.43,no offer,Tenure: 12 months,Contract type: Month-to-month
5919-VCZYM,0.175,20.05,-52.43,no offer,Tenure: 2 months,Contract type: Month-to-month
1015-OWJKI,0.184,19.05,-52.43,no offer,Tenure: 1 months,Contract type: Month-to-month
5701-GUXDC,0.099,35.4,-52.44,no offer,PhoneService: No,Tenure: 26 months
1386-ZIKUV,0.184,18.95,-52.46,no offer,Tenure: 7 months,Contract type: Month-to-month
4957-TIALW,0.053,65.6,-52.46,no offer,Tenure: 15 months,DeviceProtection: Yes
9777-IQHWP,0.037,93.4,-52.46,no offer,Internet service: Fiber optic,Streaming movies: Yes
5061-PBXFW,0.057,61.4,-52.47,no offer,Contract type: Month-to-month,DeviceProtection: No
7243-LCGGZ,0.167,20.9,-52.47,no offer,Tenure: 1 months,Contract type: Month-to-month
6990-YNRIO,0.032,108.65,-52.48,no offer,Internet service: Fiber optic,Streaming movies: Yes
9122-UMROB,0.172,20.3,-52.48,no offer,Tenure: 1 months,Contract type: Month-to-month
9618-LFJRU,0.17,20.45,-52.48,no offer,Tenure: 4 months,Contract type: Month-to-month
1784-BXEFA,0.169,20.55,-52.49,no offer,Tenure: 10 months,Contract type: Month-to-month
5555-RNPGT,0.14,24.8,-52.5,no offer,Tenure: 10 months,Contract type: Month-to-month
2308-STERM,0.179,19.4,-52.5,no offer,Tenure: 2 months,Contract type: Month-to-month
0137-UDEUO,0.175,19.85,-52.51,no offer,Tenure: 3 months,Contract type: Month-to-month
0030-FNXPP,0.175,19.85,-52.51,no offer,Tenure: 3 months,Contract type: Month-to-month
0487-CRLZF,0.047,74.45,-52.51,no offer,Streaming movies: Yes,Streaming TV: Yes
5766-ZJYBB,0.179,19.4,-52.51,no offer,Tenure: 1 months,Contract type: Month-to-month
4445-KWOKW,0.058,60.15,-52.52,no offer,Multiple lines: Yes,Tech support: No
0516-QREYC,0.171,20.3,-52.52,no offer,Contract type: Month-to-month,Tenure: 24 months
9289-LBQVU,0.049,70.15,-52.52,no offer,Streaming movies: Yes,Online security: No
7302-ZHMHP,0.181,19.15,-52.52,no offer,Tenure: 1 months,Contract type: Month-to-month
6682-VCIXC,0.067,51.25,-52.53,no offer,PhoneService: No,Streaming TV: Yes
4135-FRWKJ,0.045,76.25,-52.53,no offer,Payment method: Electronic check,Streaming TV: Yes
6569-KTMDU,0.181,19.1,-52.54,no offer,Tenure: 1 months,Contract type: Month-to-month
1936-UAFEH,0.031,110.25,-52.55,no offer,Internet service: Fiber optic,Streaming movies: Yes
9770-LXDBK,0.169,20.4,-52.55,no offer,Tenure: 3 months,Contract type: Month-to-month
4513-CXYIX,0.043,80.7,-52.55,no offer,Internet service: Fiber optic,Senior citizen
7017-VFULY,0.172,20.1,-52.55,no offer,Tenure: 2 months,Contract type: Month-to-month
7375-WMVMT,0.036,95.5,-52.56,no offer,Internet service: Fiber optic,Streaming movies: Yes
6661-EIPZC,0.117,29.5,-52.56,no offer,Contract type: Month-to-month,PhoneService: No
6394-HHHZM,0.166,20.7,-52.56,no offer,Tenure: 3 months,Contract type: Month-to-month
0816-TSPHQ,0.166,20.75,-52.56,no offer,Tenure: 2 months,Contract type: Month-to-month
3882-IYOIJ,0.03,115.25,-52.56,no offer,Internet service: Fiber optic,Streaming movies: Yes
7096-UCLNH,0.172,20.05,-52.56,no offer,Tenure: 1 months,Contract type: Month-to-month
3585-YNADK,0.046,74.6,-52.57,no offer,Streaming TV: Yes,Online security: No
1474-JUWSM,0.05,68.4,-52.57,no offer,Payment method: Electronic check,Streaming movies: Yes
1984-GPTEH,0.137,25.15,-52.57,no offer,Contract type: Month-to-month,Payment method: Electronic check
8466-PZBLH,0.033,104.6,-52.57,no offer,Internet service: Fiber optic,Streaming movies: Yes
4578-PHJYZ,0.05,68.75,-52.58,no offer,Payment method: Electronic check,Streaming TV: Yes
1452-XRSJV,0.067,51.05,-52.59,no offer,Contract type: Month-to-month,Tech support: No
4860-YZGZM,0.171,20.0,-52.59,no offer,Tenure: 10 months,Contract type: Month-to-month
3694-GLTJM,0.175,19.65,-52.59,no offer,Tenure: 5 months,Contract type: Month-to-month
7663-YJHSN,0.033,103.95,-52.6,no offer,Internet service: Fiber optic,Streaming TV: Yes
1663-MHLHE,0.178,19.2,-52.6,no offer,Tenure: 1 months,Contract type: Month-to-month
7995-ZHHNZ,0.061,56.1,-52.6,no offer,Multiple lines: Yes,Tech support: No
6141-OOXUQ,0.174,19.65,-52.61,no offer,Tenure: 1 months,Contract type: Month-to-month
3530-CRZSB,0.166,20.65,-52.61,no offer,Tenure: 7 months,Contract type: Month-to-month
6374-NTQLP,0.033,104.1,-52.61,no offer,Internet service: Fiber optic,Streaming movies: Yes
3785-NRHYR,0.174,19.65,-52.61,no offer,Tenure: 1 months,Contract type: Month-to-month
3675-EQOZA,0.166,20.65,-52.61,no offer,Tenure: 5 months,Contract type: Month-to-month
2039-JONDJ,0.062,55.45,-52.61,no offer,Tenure: 27 months,Tech support: No
4598-ZADCK,0.064,53.6,-52.62,no offer,Payment method: Electronic check,PhoneService: No
1051-GEJLJ,0.175,19.5,-52.62,no offer,Tenure: 2 months,Contract type: Month-to-month
1303-SRDOK,0.049,69.05,-52.64,no offer,Internet service: Fiber optic,Online security: No
8670-MEFCP,0.037,92.9,-52.64,no offer,Streaming movies: Yes,Streaming TV: Yes
9441-QHEVC,0.178,19.1,-52.65,no offer,Tenure: 1 months,Contract type: Month-to-month
4797-MIWUM,0.168,20.25,-52.65,no offer,Tenure: 7 months,Contract type: Month-to-month
3258-ZKPAI,0.029,116.6,-52.65,no offer,Internet service: Fiber optic,Streaming movies: Yes
1029-QFBEN,0.174,19.55,-52.66,no offer,Tenure: 1 months,Contract type: Month-to-month
1349-WXNGG,0.169,20.05,-52.67,no offer,Tenure: 1 months,Contract type: Month-to-month
6734-CKRSM,0.17,20.0,-52.67,no offer,Tenure: 3 months,Contract type: Month-to-month
6972-SNKKW,0.169,20.0,-52.68,no offer,Tenure: 6 months,Contract type: Month-to-month
0396-HUJBP,0.176,19.3,-52.68,no offer,Tenure: 2 months,Contract type: Month-to-month
3675-YDUPJ,0.171,19.85,-52.68,no offer,Tenure: 10 months,Contract type: Month-to-month
9209-NWPGU,0.052,65.4,-52.69,no offer,Payment method: Electronic check,Streaming TV: Yes
4936-YPJNK,0.17,19.9,-52.7,no offer,Tenure: 10 months,Contract type: Month-to-month
1641-BYBTK,0.167,20.2,-52.7,no offer,Tenure: 6 months,Contract type: Month-to-month
2592-YKDIF,0.166,20.35,-52.7,no offer,Tenure: 1 months,Contract type: Month-to-month
6674-KVJHG,0.134,25.2,-52.7,no offer,Tenure: 11 months,Payment method: Electronic check
7601-WFVZV,0.173,19.55,-52.71,no offer,Tenure: 1 months,Contract type: Month-to-month
3892-NXAZG,0.03,114.05,-52.72,no offer,Internet service: Fiber optic,Streaming movies: Yes
3717-OFRTN,0.171,19.75,-52.72,no offer,Tenure: 1 months,Contract type: Month-to-month
4376-KFVRS,0.03,114.05,-52.72,no offer,Internet service: Fiber optic,Streaming movies: Yes
7520-HQWJU,0.05,67.45,-52.72,no offer,Contract type: Month-to-month,Multiple lines: Yes
9546-KDTRB,0.136,24.7,-52.73,no offer,Contract type: Month-to-month,Tenure: 19 months
5641-DMBFJ,0.04,84.3,-52.76,no offer,Payment method: Electronic check,Streaming movies: Yes
3936-QQFLL,0.169,19.75,-52.77,no offer,Tenure: 2 months,Contract type: Month-to-month
9367-OIUXP,0.162,20.7,-52.77,no offer,Tenure: 4 months,Contract type: Month-to-month
7929-SKFGK,0.029,114.3,-52.78,no offer,Internet service: Fiber optic,Streaming movies: Yes
8974-OVACP,0.166,20.15,-52.79,no offer,Tenure: 1 months,Contract type: Month-to-month
7017-VFHAY,0.029,115.1,-52.8,no offer,Internet service: Fiber optic,Streaming movies: Yes
3977-QCRSL,0.165,20.15,-52.8,no offer,Tenure: 5 months,Contract type: Month-to-month
1194-SPVSP,0.17,19.65,-52.8,no offer,Tenure: 1 months,Contract type: Month-to-month
8809-XKHMD,0.033,100.55,-52.82,no offer,Internet service: Fiber optic,Streaming movies: Yes
9000-PLFUZ,0.067,49.45,-52.82,no offer,PhoneService: No,Streaming movies: Yes
7434-SHXLS,0.159,20.9,-52.82,no offer,Tenure: 1 months,Contract type: Month-to-month
9986-BONCE,0.158,20.95,-52.83,no offer,Tenure: 4 months,Contract type: Month-to-month
5073-RZGBK,0.041,80.05,-52.84,no offer,Streaming movies: Yes,Multiple lines: Yes
8815-LMFLX,0.13,25.4,-52.85,no offer,Contract type: Month-to-month,Tenure: 25 months
3658-QQJYD,0.044,74.3,-52.86,no offer,Streaming movies: Yes,Streaming TV: Yes
8570-KLJYJ,0.061,54.45,-52.87,no offer,Multiple lines: Yes,Tech support: No
1325-USMEC,0.033,99.35,-52.87,no offer,Internet service: Fiber optic,Streaming TV: Yes
2576-HXMPA,0.169,19.55,-52.88,no offer,Tenure: 1 months,Contract type: Month-to-month
6859-QNXIQ,0.029,113.1,-52.9,no offer,Internet service: Fiber optic,Streaming movies: Yes
6867-ACCZI,0.063,52.5,-52.9,no offer,Tenure: 24 months,PhoneService: No
8053-WWDRO,0.168,19.5,-52.9,no offer,Tenure: 6 months,Contract type: Month-to-month
7619-PLRLP,0.044,74.1,-52.91,no offer,Streaming movies: Yes,Multiple lines: Yes
9975-SKRNR,0.174,18.9,-52.91,no offer,Tenure: 1 months,Contract type: Month-to-month
3645-DEYGF,0.158,20.75,-52.93,no offer,Tenure: 1 months,Contract type: Month-to-month
2789-CZANW,0.03,110.3,-52.93,no offer,Internet service: Fiber optic,Streaming movies: Yes
2002-MZHWP,0.16,20.5,-52.93,no offer,Tenure: 1 months,Contract type: Month-to-month
1009-IRMNA,0.164,20.0,-52.93,no offer,Tenure: 7 months,Contract type: Month-to-month
0750-EKNGL,0.158,20.75,-52.94,no offer,Tenure: 7 months,Contract type: Month-to-month
7244-QWYHG,0.073,44.45,-52.95,no offer,PhoneService: No,Streaming TV: Yes
9053-JZFKV,0.028,116.2,-52.95,no offer,Internet service: Fiber optic,Streaming movies: Yes
1963-VAUKV,0.16,20.4,-52.96,no offer,Tenure: 1 months,Contract type: Month-to-month
7191-ADRGF,0.06,54.3,-52.96,no offer,PhoneService: No,Streaming movies: Yes
9101-NTIXF,0.168,19.4,-52.96,no offer,Tenure: 2 months,Contract type: Month-to-month
2542-HYGIQ,0.163,19.95,-52.97,no offer,Tenure: 1 months,Contract type: Month-to-month
6726-NNFWD,0.036,89.45,-52.98,no offer,Internet service: Fiber optic,Streaming movies: Yes
2197-OMWGI,0.061,53.0,-52.98,no offer,Payment method: Electronic check,PhoneService: No
7781-EWARA,0.054,60.35,-52.98,no offer,Payment method: Electronic check,PhoneService: No
5965-GGPRW,0.031,105.25,-52.99,no offer,Internet service: Fiber optic,Streaming movies: Yes
0253-ZTEOB,0.041,79.65,-52.99,no offer,Payment method: Electronic check,Streaming movies: Yes
6490-FGZAT,0.157,20.65,-53.01,no offer,Tenure: 6 months,Contract type: Month-to-month
8006-PYCSW,0.161,20.1,-53.01,no offer,Tenure: 2 months,Contract type: Month-to-month
0266-GMEAO,0.028,114.3,-53.02,no offer,Internet service: Fiber optic,Streaming movies: Yes
1395-OFUWC,0.11,29.3,-53.02,no offer,Contract type: Month-to-month,PhoneService: No
8439-LTUGF,0.162,20.0,-53.02,no offer,Tenure: 10 months,Contract type: Month-to-month
3506-LCJDC,0.162,19.95,-53.03,no offer,Tenure: 1 months,Contract type: Month-to-month
0942-KOWSM,0.04,80.8,-53.04,no offer,Streaming movies: Yes,Streaming TV: Yes
0254-KCJGT,0.04,81.4,-53.05,no offer,Streaming movies: Yes,Multiple lines: Yes
1298-PHBTI,0.038,84.8,-53.05,no offer,Internet service: Fiber optic,Payment method: Electronic check
4013-GUXND,0.155,20.8,-53.05,no offer,Tenure: 1 months,Contract type: Month-to-month
2700-LUEVA,0.155,20.75,-53.05,no offer,Tenure: 1 months,Contract type: Month-to-month
1755-RMCXH,0.159,20.3,-53.05,no offer,Tenure: 2 months,Contract type: Month-to-month
5222-JCXZT,0.169,19.0,-53.06,no offer,Tenure: 4 months,Contract type: Month-to-month
5562-YJQGT,0.158,20.35,-53.06,no offer,Tenure: 2 months,Contract type: Month-to-month
8608-OZTLB,0.043,74.05,-53.07,no offer,Payment method: Electronic check,Streaming TV: Yes
9426-SXNHE,0.171,18.75,-53.08,no offer,Tenure: 2 months,Contract type: Month-to-month
0868-VJRDR,0.031,104.05,-53.08,no offer,Internet service: Fiber optic,Streaming movies: Yes
5499-ECUTN,0.048,66.05,-53.09,no offer,Streaming TV: Yes,Tech support: No
7777-UNYHB,0.159,20.1,-53.09,no offer,Tenure: 12 months,Contract type: Month-to-month
6967-PEJLL,0.079,40.2,-53.1,no offer,Payment method: Electronic check,PhoneService: No
0872-CASZJ,0.046,69.1,-53.11,no offer,Streaming movies: Yes,Multiple lines: Yes
5049-GLYVG,0.155,20.6,-53.11,no offer,Tenure: 1 months,Contract type: Month-to-month
3976-NLDEZ,0.155,20.6,-53.11,no offer,Tenure: 1 months,Contract type: Month-to-month
4304-TSPVK,0.028,114.9,-53.11,no offer,Internet service: Fiber optic,Streaming movies: Yes
3900-AQPHZ,0.16,19.9,-53.11,no offer,Tenure: 1 months,Contract type: Month-to-month
6621-YOBKI,0.157,20.35,-53.11,no offer,Tenure: 5 months,Contract type: Month-to-month
9796-MVYXX,0.08,39.7,-53.12,no offer,Tenure: 14 months,PhoneService: No
7100-FQPRV,0.044,71.9,-53.12,no offer,Streaming movies: Yes,Multiple lines: Yes
2654-VBVPB,0.16,19.9,-53.12,no offer,Tenure: 1 months,Contract type: Month-to-month
6463-HHXJR,0.032,100.5,-53.13,no offer,Internet service: Fiber optic,Streaming TV: Yes
8741-LQOBK,0.091,35.05,-53.13,no offer,Contract type: Month-to-month,PhoneService: No
2621-UDNLU,0.152,20.85,-53.14,no offer,Tenure: 3 months,Contract type: Month-to-month
6584-VQMYT,0.056,56.2,-53.14,no offer,Tenure: 27 months,Tech support: No
2190-PHBHR,0.034,94.45,-53.15,no offer,Internet service: Fiber optic,Streaming movies: Yes
2668-TZSPS,0.155,20.45,-53.15,no offer,Tenure: 1 months,Contract type: Month-to-month
2933-XEUJM,0.04,79.2,-53.15,no offer,Streaming movies: Yes,Streaming TV: Yes
6670-MFRPK,0.04,79.2,-53.16,no offer,Internet service: Fiber optic,Online security: No
9818-XQCUV,0.155,20.35,-53.18,no offer,Tenure: 2 months,Contract type: Month-to-month
8562-GHPPI,0.16,19.8,-53.18,no offer,Tenure: 1 months,Contract type: Month-to-month
8329-IBCTI,0.161,19.65,-53.18,no offer,Tenure: 1 months,Contract type: Month-to-month
8738-JOKAR,0.047,67.7,-53.18,no offer,Streaming movies: Yes,Paperless billing: Yes
0970-QXPXW,0.161,19.65,-53.18,no offer,Tenure: 1 months,Contract type: Month-to-month
2342-CKIAO,0.155,20.3,-53.19,no offer,Tenure: 2 months,Contract type: Month-to-month
6131-JLWZM,0.155,20.3,-53.19,no offer,Tenure: 13 months,Contract type: Month-to-month
2040-XBAVJ,0.028,114.45,-53.2,no offer,Internet service: Fiber optic,Streaming movies: Yes
2338-BQEZT,0.062,50.55,-53.2,no offer,Contract type: Month-to-month,Tech support: No
4211-MMAZN,0.155,20.25,-53.21,no offer,Tenure: 1 months,Contract type: Month-to-month
6380-ARCEH,0.155,20.2,-53.22,no offer,Tenure: 1 months,Contract type: Month-to-month
7841-FCRQD,0.058,53.75,-53.22,no offer,Online security: No,Paperless billing: Yes
7359-WWYJV,0.027,114.45,-53.22,no offer,Internet service: Fiber optic,Streaming movies: Yes
1066-JKSGK,0.155,20.15,-53.23,no offer,Tenure: 1 months,Contract type: Month-to-month
9500-IWPXQ,0.039,79.4,-53.23,no offer,Payment method: Electronic check,Streaming movies: Yes
3803-KMQFW,0.152,20.55,-53.24,no offer,Tenure: 1 months,Contract type: Month-to-month
3148-BLQJT,0.156,20.1,-53.25,no offer,Tenure: 1 months,Contract type: Month-to-month
5702-SKUOB,0.159,19.6,-53.25,no offer,Tenure: 4 months,Contract type: Month-to-month
4558-CGYCZ,0.158,19.75,-53.25,no offer,Tenure: 4 months,Contract type: Month-to-month
5055-BRMNE,0.029,106.7,-53.26,no offer,Internet service: Fiber optic,Streaming movies: Yes
6377-KSLXC,0.156,19.95,-53.27,no offer,Tenure: 5 months,Contract type: Month-to-month
6371-NZYEG,0.048,64.25,-53.27,no offer,Tenure: 16 months,Streaming TV: Yes
2410-CIYFZ,0.153,20.4,-53.27,no offer,Tenure: 2 months,Contract type: Month-to-month
5574-NXZIU,0.028,109.2,-53.29,no offer,Internet service: Fiber optic,Streaming movies: Yes
7994-XIRTR,0.048,65.25,-53.29,no offer,Streaming movies: Yes,Senior citizen
3090-QFUVD,0.153,20.3,-53.3,no offer,Tenure: 1 months,Contract type: Month-to-month
8513-OLYGY,0.027,115.8,-53.3,no offer,Internet service: Fiber optic,Streaming movies: Yes
5539-HIVAK,0.121,25.7,-53.3,no offer,Contract type: Month-to-month,Monthly bill: $26
5345-BMKWB,0.153,20.25,-53.3,no offer,Tenure: 8 months,Contract type: Month-to-month
4291-HPAXL,0.156,19.85,-53.3,no offer,Tenure: 1 months,Contract type: Month-to-month
6112-KTHFQ,0.16,19.3,-53.31,no offer,Tenure: 13 months,Contract type: Month-to-month
2439-QKJUL,0.153,20.25,-53.31,no offer,Tenure: 5 months,Contract type: Month-to-month
3520-FJGCV,0.028,112.6,-53.31,no offer,Internet service: Fiber optic,Streaming movies: Yes
1154-HYWWO,0.044,70.6,-53.31,no offer,Streaming TV: Yes,Dependents: No
7808-DVWEP,0.155,20.0,-53.31,no offer,Tenure: 3 months,Contract type: Month-to-month
0014-BMAQU,0.037,84.65,-53.32,no offer,Internet service: Fiber optic,Multiple lines: Yes
4994-OBRSZ,0.041,76.1,-53.33,no offer,Tenure: 14 months,Streaming movies: Yes
1937-OTUKY,0.031,98.2,-53.33,no offer,Internet service: Fiber optic,Streaming TV: Yes
4892-VLANZ,0.156,19.8,-53.33,no offer,Tenure: 1 months,Contract type: Month-to-month
5327-XOKKY,0.042,73.45,-53.34,no offer,Streaming movies: Yes,Streaming TV: Yes
8410-BGQXN,0.159,19.4,-53.35,no offer,Tenure: 4 months,Contract type: Month-to-month
6615-ZGEDR,0.156,19.7,-53.36,no offer,Tenure: 1 months,Contract type: Month-to-month
9174-IHETN,0.044,70.35,-53.37,no offer,Internet service: Fiber optic,Online security: No
4397-FRLTA,0.152,20.15,-53.37,no offer,Tenure: 4 months,Contract type: Month-to-month
4664-NJCMS,0.051,59.55,-53.39,no offer,PhoneService: No,Streaming movies: Yes
3134-DSHVC,0.031,98.0,-53.39,no offer,Internet service: Fiber optic,Streaming TV: Yes
1735-XMJVH,0.158,19.35,-53.39,no offer,Tenure: 8 months,Contract type: Month-to-month
5716-EZXZN,0.031,99.05,-53.4,no offer,Internet service: Fiber optic,Streaming TV: Yes
4903-UYAVB,0.157,19.35,-53.42,no offer,Tenure: 5 months,Contract type: Month-to-month
0883-EIBTI,0.156,19.5,-53.42,no offer,Tenure: 2 months,Contract type: Month-to-month
4106-HADHQ,0.038,80.0,-53.42,no offer,Streaming movies: Yes,Streaming TV: Yes
0927-CNGRH,0.156,19.55,-53.42,no offer,Tenure: 1 months,Contract type: Month-to-month
6339-TBELP,0.035,86.4,-53.43,no offer,Internet service: Fiber optic,Online security: No
2904-GGUAZ,0.036,84.05,-53.43,no offer,Internet service: Fiber optic,Multiple lines: Yes
8393-JMVMB,0.156,19.45,-53.43,no offer,Tenure: 1 months,Contract type: Month-to-month
5386-THSLQ,0.067,45.55,-53.45,no offer,PhoneService: No,Streaming TV: Yes
3340-QBBFM,0.056,54.1,-53.46,no offer,Senior citizen,Online security: No
9700-ZCLOT,0.151,20.0,-53.47,no offer,Tenure: 2 months,Contract type: Month-to-month
4568-TTZRT,0.148,20.4,-53.47,no offer,Tenure: 9 months,Contract type: Month-to-month
2316-ESMLS,0.091,33.15,-53.47,no offer,Tenure: 12 months,PhoneService: No
6061-GWWAV,0.043,70.2,-53.48,no offer,Streaming TV: Yes,Tech support: No
8996-ZROXE,0.056,53.5,-53.48,no offer,Payment method: Electronic check,Senior citizen
7570-WELNY,0.036,84.7,-53.49,no offer,Internet service: Fiber optic,Multiple lines: Yes
0178-CIIKR,0.151,19.95,-53.49,no offer,Tenure: 3 months,Contract type: Month-to-month
5149-QYTTU,0.032,95.15,-53.5,no offer,Internet service: Fiber optic,Multiple lines: Yes
8150-QUDFX,0.151,19.85,-53.51,no offer,Tenure: 2 months,Contract type: Month-to-month
8659-IOOPU,0.03,100.45,-53.51,no offer,Internet service: Fiber optic,Payment method: Electronic check
2632-IVXVF,0.027,111.75,-53.52,no offer,Internet service: Fiber optic,Streaming movies: Yes
0594-UFTUL,0.151,19.85,-53.53,no offer,Tenure: 13 months,Contract type: Month-to-month
7691-KGKGP,0.046,65.0,-53.53,no offer,Contract type: Month-to-month,Streaming TV: Yes
5510-BOIUJ,0.155,19.25,-53.54,no offer,Tenure: 1 months,Contract type: Month-to-month
5575-GNVDE,0.052,56.95,-53.54,no offer,Tech support: No,OnlineBackup: No
4182-BGSIQ,0.15,19.8,-53.57,no offer,Tenure: 10 months,Contract type: Month-to-month
9955-QOPOY,0.049,60.8,-53.57,no offer,PhoneService: No,Streaming movies: Yes
5687-DKDTV,0.146,20.35,-53.57,no offer,Tenure: 4 months,Contract type: Month-to-month
6194-HBGQN,0.037,81.15,-53.57,no offer,Streaming TV: Yes,Multiple lines: Yes
7094-MSZAO,0.148,20.05,-53.57,no offer,Tenure: 10 months,Contract type: Month-to-month
7926-IJOOU,0.154,19.3,-53.58,no offer,Tenure: 1 months,Contract type: Month-to-month
0787-LHDYT,0.144,20.6,-53.58,no offer,Tenure: 16 months,Contract type: Month-to-month
9906-NHHVC,0.056,53.5,-53.58,no offer,PhoneService: No,Streaming movies: Yes
9256-JTBNZ,0.146,20.3,-53.59,no offer,Tenure: 11 months,Contract type: Month-to-month
6848-YLDFR,0.039,75.2,-53.59,no offer,Streaming movies: Yes,Streaming TV: Yes
0458-HEUZG,0.084,35.4,-53.59,no offer,Tenure: 13 months,PhoneService: No
1431-AIDJQ,0.036,82.1,-53.59,no offer,Streaming movies: Yes,Streaming TV: Yes
8944-AILEF,0.152,19.45,-53.6,no offer,Tenure: 15 months,Contract type: Month-to-month
5825-XJOCM,0.046,64.4,-53.6,no offer,Multiple lines: Yes,Tech support: No
5862-BRIXZ,0.049,60.75,-53.6,no offer,PhoneService: No,Streaming movies: Yes
2332-EFBJY,0.15,19.7,-53.6,no offer,Tenure: 16 months,Contract type: Month-to-month
7325-ENZFI,0.073,40.3,-53.62,no offer,PhoneService: No,Monthly bill: $40
4056-QHXHZ,0.028,107.45,-53.62,no offer,Internet service: Fiber optic,Streaming movies: Yes
3363-EWLGO,0.148,19.95,-53.63,no offer,Tenure: 5 months,Contract type: Month-to-month
1465-WCZVT,0.15,19.65,-53.63,no offer,Tenure: 3 months,Contract type: Month-to-month
3318-ISQFQ,0.151,19.5,-53.63,no offer,Contract type: Month-to-month,Tenure: 20 months
0366-NQSHS,0.152,19.35,-53.65,no offer,Tenure: 2 months,Contract type: Month-to-month
7787-BNTZM,0.146,20.15,-53.65,no offer,Tenure: 6 months,Contract type: Month-to-month
1336-EZFZY,0.147,20.05,-53.65,no offer,Tenure: 4 months,Contract type: Month-to-month
0022-TCJCI,0.047,62.7,-53.65,no offer,Streaming movies: Yes,Senior citizen
2220-IAHLS,0.152,19.4,-53.65,no offer,Tenure: 1 months,Contract type: Month-to-month
0310-VQXAM,0.147,19.85,-53.68,no offer,Tenure: 9 months,Contract type: Month-to-month
4760-XOHVN,0.15,19.45,-53.68,no offer,Tenure: 1 months,Contract type: Month-to-month
9297-FVVDH,0.035,84.5,-53.69,no offer,Payment method: Electronic check,Streaming movies: Yes
6776-TLWOI,0.147,19.85,-53.7,no offer,Tenure: 3 months,Contract type: Month-to-month
3011-WQKSZ,0.146,20.0,-53.7,no offer,Contract type: Month-to-month,Tenure: 19 months
3156-QLHBO,0.151,19.25,-53.72,no offer,Tenure: 2 months,Contract type: Month-to-month
5844-QVTAT,0.05,58.45,-53.73,no offer,Tech support: No,Paperless billing: Yes
7492-TAFJD,0.075,38.55,-53.73,no offer,Tenure: 7 months,PhoneService: No
7764-BDPEE,0.139,20.85,-53.73,no offer,Tenure: 3 months,Contract type: Month-to-month
5696-CEIQJ,0.028,103.15,-53.73,no offer,Internet service: Fiber optic,Streaming movies: Yes
3039-MJSLN,0.144,20.2,-53.74,no offer,Tenure: 3 months,Contract type: Month-to-month
1206-EHBDD,0.036,80.3,-53.75,no offer,Internet service: Fiber optic,Tech support: No
8571-ZCMCX,0.048,60.0,-53.75,no offer,PhoneService: No,Streaming movies: Yes
3752-CQSJI,0.142,20.45,-53.75,no offer,Tenure: 13 months,Contract type: Month-to-month
6598-KELSS,0.067,43.05,-53.75,no offer,PhoneService: No,Streaming TV: Yes
7876-AEHIG,0.048,60.15,-53.75,no offer,PhoneService: No,Streaming movies: Yes
9570-KYEUA,0.029,99.25,-53.76,no offer,Internet service: Fiber optic,Streaming movies: Yes
7109-CQYUZ,0.032,89.25,-53.76,no offer,Streaming movies: Yes,Streaming TV: Yes
0278-YXOOG,0.137,21.05,-53.77,no offer,Tenure: 5 months,Contract type: Month-to-month
6278-FEPBZ,0.142,20.25,-53.77,no offer,Tenure: 9 months,Contract type: Month-to-month
9750-BOOHV,0.095,30.15,-53.78,no offer,PhoneService: No,Monthly bill: $30
0906-QVPMS,0.025,115.15,-53.79,no offer,Internet service: Fiber optic,Streaming movies: Yes
3727-OWVYD,0.047,61.2,-53.8,no offer,Tech support: No,DeviceProtection: Yes
6352-GIGGQ,0.032,88.8,-53.8,no offer,Streaming movies: Yes,Streaming TV: Yes
0083-PIVIK,0.035,81.25,-53.8,no offer,Payment method: Electronic check,Streaming TV: Yes
3806-YAZOV,0.153,18.8,-53.81,no offer,Tenure: 3 months,Contract type: Month-to-month
9802-CAQUT,0.026,109.55,-53.82,no offer,Internet service: Fiber optic,Streaming movies: Yes
1094-BKOSX,0.056,51.0,-53.83,no offer,PhoneService: No,Streaming movies: Yes
4086-ATNFV,0.047,60.8,-53.83,no offer,Tech support: No,Paperless billing: Yes
8454-AATJP,0.025,115.05,-53.83,no offer,Internet service: Fiber optic,Streaming movies: Yes
7968-QUXNS,0.15,18.95,-53.84,no offer,Tenure: 6 months,Contract type: Month-to-month
6950-TWMYB,0.036,79.95,-53.86,no offer,Internet service: Fiber optic,Online security: No
2928-HLDBA,0.137,20.7,-53.86,no offer,Tenure: 6 months,Contract type: Month-to-month
6979-TNDEU,0.148,19.2,-53.86,no offer,Tenure: 8 months,Contract type: Month-to-month
2129-ALKBS,0.108,26.2,-53.86,no offer,Contract type: Month-to-month,Payment method: Electronic check
3230-JCNZS,0.029,99.0,-53.86,no offer,Internet service: Fiber optic,Streaming TV: Yes
2791-SFVEW,0.141,20.15,-53.86,no offer,Tenure: 9 months,Contract type: Month-to-month
0142-GVYSN,0.14,20.3,-53.86,no offer,Contract type: Month-to-month,Monthly bill: $20
2055-BFOCC,0.034,84.0,-53.86,no offer,Streaming movies: Yes,Streaming TV: Yes
6752-APNJL,0.052,54.5,-53.87,no offer,Contract type: Month-to-month,Tech support: No
9619-GSATL,0.051,55.45,-53.87,no offer,Payment method: Electronic check,Online security: No
0320-DWVTU,0.028,99.5,-53.88,no offer,Internet service: Fiber optic,Streaming movies: Yes
6827-IEAUQ,0.043,66.15,-53.88,no offer,Tenure: 27 months,DeviceProtection: Yes
8639-NHQEI,0.03,95.9,-53.88,no offer,Internet service: Fiber optic,Streaming TV: Yes
8670-ERCJH,0.025,113.4,-53.89,no offer,Internet service: Fiber optic,Streaming movies: Yes
9364-YKUVW,0.143,19.8,-53.9,no offer,Tenure: 15 months,Contract type: Month-to-month
9224-VTYID,0.031,90.5,-53.9,no offer,Streaming movies: Yes,Streaming TV: Yes
5906-DVAPM,0.038,75.0,-53.91,no offer,Streaming TV: Yes,Multiple lines: Yes
4140-WJAWW,0.142,19.85,-53.91,no offer,Tenure: 5 months,Contract type: Month-to-month
5762-TJXGK,0.048,58.75,-53.92,no offer,PhoneService: No,Streaming movies: Yes
8963-MQVYN,0.137,20.55,-53.93,no offer,Contract type: Month-to-month,Tenure: 22 months
4946-EDSEW,0.146,19.25,-53.93,no offer,Tenure: 11 months,Contract type: Month-to-month
1925-GMVBW,0.137,20.55,-53.93,no offer,Tenure: 5 months,Contract type: Month-to-month
1257-SXUXQ,0.144,19.45,-53.94,no offer,Tenure: 5 months,Contract type: Month-to-month
1383-EZRWL,0.14,20.05,-53.94,no offer,Tenure: 7 months,Contract type: Month-to-month
1045-LTCYT,0.133,21.05,-53.95,no offer,Tenure: 8 months,Contract type: Month-to-month
6047-SUHPR,0.047,59.8,-53.97,no offer,Payment method: Electronic check,Tech support: No
1744-JHKYS,0.113,24.7,-53.98,no offer,Contract type: Month-to-month,Monthly bill: $25
5850-BDWCY,0.138,20.2,-53.98,no offer,Tenure: 6 months,Contract type: Month-to-month
3486-KHMLI,0.113,24.7,-53.98,no offer,Contract type: Month-to-month,Tenure: 21 months
3012-VFFMN,0.135,20.65,-53.99,no offer,Tenure: 7 months,Contract type: Month-to-month
2159-TURXX,0.139,20.05,-53.99,no offer,Tenure: 5 months,Contract type: Month-to-month
0031-PVLZI,0.137,20.35,-53.99,no offer,Tenure: 4 months,Contract type: Month-to-month
2511-MORQY,0.051,54.9,-54.0,no offer,Online security: No,Multiple lines: Yes
1991-VOPLL,0.146,19.05,-54.0,no offer,Tenure: 9 months,Contract type: Month-to-month
1053-MXTTK,0.026,108.65,-54.0,no offer,Internet service: Fiber optic,Streaming movies: Yes
4732-RRJZC,0.137,20.25,-54.01,no offer,Tenure: 7 months,Contract type: Month-to-month
7727-SHVZV,0.142,19.5,-54.02,no offer,Tenure: 9 months,Contract type: Month-to-month
3373-YZZYM,0.144,19.2,-54.02,no offer,Tenure: 1 months,Contract type: Month-to-month
1159-WFSGR,0.135,20.4,-54.03,no offer,Tenure: 16 months,Contract type: Month-to-month
5161-UBZXI,0.026,106.35,-54.04,no offer,Internet service: Fiber optic,Streaming movies: Yes
5616-PRTNT,0.142,19.4,-54.04,no offer,Contract type: Month-to-month,Tenure: 20 months
9962-BFPDU,0.137,20.05,-54.05,no offer,Tenure: 1 months,Contract type: Month-to-month
7338-ERIVA,0.061,45.05,-54.05,no offer,PhoneService: No,Streaming TV: Yes
7605-BDWDC,0.055,49.85,-54.05,no offer,PhoneService: No,Streaming movies: Yes
4895-TMWIR,0.138,19.95,-54.06,no offer,Tenure: 11 months,Contract type: Month-to-month
6261-RCVNS,0.037,73.9,-54.06,no offer,Streaming movies: Yes,DeviceProtection: Yes
0378-CJKPV,0.025,112.1,-54.06,no offer,Internet service: Fiber optic,Streaming movies: Yes
7785-RDVIG,0.142,19.3,-54.08,no offer,Tenure: 3 months,Contract type: Month-to-month
6838-HVLXG,0.135,20.3,-54.08,no offer,Tenure: 12 months,Contract type: Month-to-month
7812-FZHPE,0.113,24.1,-54.09,no offer,Tenure: 17 months,Contract type: Month-to-month
0234-TEVTT,0.061,45.0,-54.1,no offer,PhoneService: No,Streaming movies: Yes
7234-KMNRQ,0.144,19.0,-54.11,no offer,Tenure: 4 months,Contract type: Month-to-month
8400-WZICQ,0.049,55.7,-54.11,no offer,Contract type: Month-to-month,Payment method: Electronic check
6671-NGWON,0.134,20.35,-54.12,no offer,Tenure: 7 months,Contract type: Month-to-month
8498-XXGWA,0.049,55.15,-54.12,no offer,Contract type: Month-to-month,Tech support: No
2321-OMBXY,0.034,80.3,-54.14,no offer,Streaming movies: Yes,Streaming TV: Yes
7845-URHJN,0.135,20.15,-54.14,no offer,Tenure: 8 months,Contract type: Month-to-month
9970-QBCDA,0.138,19.7,-54.14,no offer,Tenure: 6 months,Contract type: Month-to-month
6469-MRVET,0.134,20.2,-54.15,no offer,Tenure: 1 months,Monthly bill: $20
4942-VZZOM,0.041,66.15,-54.15,no offer,Streaming TV: Yes,Multiple lines: Yes
9367-TCUYN,0.135,20.1,-54.15,no offer,Tenure: 12 months,Contract type: Month-to-month
2023-VQFDL,0.142,19.0,-54.16,no offer,Tenure: 18 months,Contract type: Month-to-month
3077-RSNTJ,0.137,19.7,-54.16,no offer,Tenure: 6 months,Contract type: Month-to-month
2676-SSLTO,0.041,66.15,-54.16,no offer,Streaming TV: Yes,Online security: No
0380-ZCSBI,0.135,20.0,-54.16,no offer,Tenure: 10 months,Contract type: Month-to-month
0657-DOGUM,0.045,60.6,-54.17,no offer,Multiple lines: Yes,Paperless billing: Yes
9932-WBWIK,0.132,20.35,-54.19,no offer,Tenure: 11 months,Contract type: Month-to-month
9926-PJHDQ,0.035,76.8,-54.21,no offer,Streaming movies: Yes,Streaming TV: Yes
3392-EHMNK,0.028,94.1,-54.22,no offer,Internet service: Fiber optic,Streaming TV: Yes
7322-OCWHC,0.029,93.05,-54.22,no offer,Internet service: Fiber optic,Senior citizen
1282-IHQAC,0.061,44.05,-54.22,no offer,PhoneService: No,Streaming TV: Yes
7233-IOQNP,0.079,34.0,-54.23,no offer,Contract type: Month-to-month,PhoneService: No
8207-DMRVL,0.023,114.55,-54.24,no offer,Internet service: Fiber optic,Streaming movies: Yes
5322-TEUJK,0.023,114.6,-54.24,no offer,Internet service: Fiber optic,Streaming movies: Yes
4304-XUMGI,0.035,75.15,-54.25,no offer,Streaming movies: Yes,Senior citizen
5863-OOKCL,0.141,18.85,-54.25,no offer,Tenure: 10 months,Contract type: Month-to-month
6754-LZUKA,0.033,80.9,-54.25,no offer,Streaming movies: Yes,Streaming TV: Yes
3850-OKINF,0.04,66.2,-54.26,no offer,Payment method: Electronic check,Streaming TV: Yes
1539-LNKHM,0.13,20.4,-54.26,no offer,Tenure: 12 months,Contract type: Month-to-month
6736-DHUQI,0.031,84.8,-54.27,no offer,Internet service: Fiber optic,Tech support: No
0098-BOWSO,0.137,19.4,-54.27,no offer,Contract type: Month-to-month,Monthly bill: $19
5515-IDEJJ,0.133,19.9,-54.27,no offer,Tenure: 1 months,Contract type: Month-to-month
3482-ABPKK,0.049,54.3,-54.28,no offer,Tenure: 28 months,OnlineBackup: No
4403-BWPAY,0.107,24.8,-54.29,no offer,Tenure: 14 months,Monthly bill: $25
1345-GKDZZ,0.135,19.55,-54.29,no offer,Tenure: 6 months,Contract type: Month-to-month
1237-WIYYZ,0.135,19.55,-54.29,no offer,Tenure: 18 months,Contract type: Month-to-month
9746-YKGXB,0.06,44.25,-54.29,no offer,PhoneService: No,Streaming movies: Yes
6034-ZRYCV,0.049,54.2,-54.29,no offer,Payment method: Electronic check,PhoneService: No
6202-JVYEU,0.133,19.9,-54.3,no offer,Tenure: 9 months,Monthly bill: $20
5306-BVTKJ,0.047,55.8,-54.3,no offer,Online security: No,Tech support: No
2717-HVIZY,0.131,20.05,-54.31,no offer,Tenure: 8 months,Contract type: Month-to-month
9867-NNXLC,0.131,20.05,-54.31,no offer,Contract type: Month-to-month,Tenure: 22 months
0247-SLUJI,0.134,19.7,-54.31,no offer,Tenure: 1 months,Contract type: Month-to-month
5127-BZENZ,0.04,65.2,-54.31,no offer,Streaming TV: Yes,Multiple lines: Yes
2812-SFXMJ,0.131,20.05,-54.32,no offer,Tenure: 1 months,Contract type: Month-to-month
4020-KIUDI,0.133,19.85,-54.32,no offer,Tenure: 6 months,Contract type: Month-to-month
5781-BKHOP,0.026,100.65,-54.32,no offer,Internet service: Fiber optic,Streaming TV: Yes
6252-DFGTK,0.038,68.1,-54.34,no offer,Multiple lines: Yes,OnlineBackup: No
1850-AKQEP,0.129,20.35,-54.34,no offer,Tenure: 8 months,Contract type: Month-to-month
2188-SXWVT,0.048,55.0,-54.34,no offer,Tech support: No,Monthly bill: $55
1430-SFQSA,0.073,35.6,-54.35,no offer,PhoneService: No,Monthly bill: $36
4611-ANLQC,0.052,50.05,-54.35,no offer,Payment method: Electronic check,PhoneService: No
6519-ZHPXP,0.024,108.3,-54.35,no offer,Internet service: Fiber optic,Streaming movies: Yes
1936-CZAKF,0.053,49.65,-54.35,no offer,PhoneService: No,Streaming movies: Yes
6161-ERDGD,0.03,85.45,-54.37,no offer,Payment method: Electronic check,Streaming movies: Yes
4355-HBJHH,0.033,79.7,-54.37,no offer,Payment method: Electronic check,Streaming movies: Yes
9225-BZLNZ,0.031,85.25,-54.38,no offer,Payment method: Electronic check,Streaming movies: Yes
4623-ZKHLY,0.127,20.45,-54.38,no offer,Contract type: Month-to-month,Tenure: 22 months
2320-YKQBO,0.135,19.3,-54.38,no offer,Tenure: 7 months,Contract type: Month-to-month
7219-TLZHO,0.125,20.85,-54.39,no offer,Tenure: 4 months,Contract type: Month-to-month
2371-JUNGC,0.128,20.25,-54.39,no offer,Tenure: 11 months,Contract type: Month-to-month
7581-EBBOU,0.037,70.15,-54.39,no offer,Streaming TV: Yes,Online security: No
8760-ZRHKE,0.038,69.2,-54.39,no offer,Payment method: Electronic check,Streaming TV: Yes
6849-WLEYG,0.132,19.75,-54.39,no offer,Tenure: 1 months,Contract type: Month-to-month
4877-TSOFF,0.034,75.75,-54.41,no offer,Streaming movies: Yes,Multiple lines: Yes
3181-MIZBN,0.13,19.75,-54.44,no offer,Tenure: 16 months,Contract type: Month-to-month
6164-HXUGH,0.129,19.85,-54.45,no offer,Tenure: 6 months,Contract type: Month-to-month
9522-ZSINC,0.129,19.95,-54.46,no offer,Tenure: 13 months,Monthly bill: $20
9929-PLVPA,0.126,20.4,-54.47,no offer,Tenure: 4 months,Contract type: Month-to-month
6901-GOGZG,0.03,84.95,-54.47,no offer,Payment method: Electronic check,Streaming movies: Yes
5774-XZTQC,0.125,20.45,-54.48,no offer,Tenure: 7 months,Contract type: Month-to-month
2999-AANRQ,0.036,71.05,-54.5,no offer,Tenure: 21 months,Streaming TV: Yes
8204-TIFGJ,0.125,20.3,-54.5,no offer,Contract type: Month-to-month,Tenure: 23 months
8821-KVZKQ,0.044,58.4,-54.5,no offer,PhoneService: No,Streaming movies: Yes
9782-LGXMC,0.041,61.75,-54.52,no offer,Contract type: Month-to-month,OnlineBackup: No
7623-HKYRK,0.129,19.7,-54.52,no offer,Tenure: 6 months,Contract type: Month-to-month
5396-IZEPB,0.129,19.7,-54.52,no offer,Tenure: 9 months,Contract type: Month-to-month
4854-SSLTN,0.043,59.5,-54.53,no offer,Tenure: 2 months,DeviceProtection: No
5025-GOOKI,0.134,18.9,-54.54,no offer,Contract type: Month-to-month,Tenure: 20 months
7672-VFMXZ,0.045,55.7,-54.54,no offer,Contract type: Month-to-month,Payment method: Electronic check
4227-OJHAL,0.035,73.0,-54.55,no offer,Streaming TV: Yes,Multiple lines: Yes
3831-YCPUO,0.023,109.5,-54.55,no offer,Internet service: Fiber optic,Streaming movies: Yes
0248-PGHBZ,0.027,92.45,-54.56,no offer,Internet service: Fiber optic,Streaming TV: Yes
2664-XJZNO,0.024,104.9,-54.57,no offer,Internet service: Fiber optic,Streaming movies: Yes
3422-WJOYD,0.046,54.35,-54.59,no offer,Tenure: 28 months,OnlineBackup: No
3605-JISKB,0.042,60.0,-54.59,no offer,Senior citizen,Multiple lines: Yes
8898-KASCD,0.07,35.55,-54.6,no offer,PhoneService: No,Online security: No
6103-QCKFX,0.044,56.25,-54.61,no offer,Contract type: Month-to-month,OnlineBackup: No
1642-HMARX,0.027,91.7,-54.62,no offer,Payment method: Electronic check,Streaming movies: Yes
3655-SNQYZ,0.022,113.25,-54.63,no offer,Internet service: Fiber optic,Streaming movies: Yes
9194-GFVOI,0.029,84.35,-54.63,no offer,Streaming movies: Yes,Streaming TV: Yes
1265-BCFEO,0.031,80.45,-54.64,no offer,Streaming movies: Yes,Streaming TV: Yes
2739-CCZMB,0.122,20.35,-54.65,no offer,Tenure: 5 months,Contract type: Month-to-month
4560-WQAQW,0.036,68.7,-54.66,no offer,Streaming movies: Yes,Multiple lines: Yes
1834-ABKHQ,0.048,50.95,-54.66,no offer,Online security: No,Tech support: No
4083-EUGRJ,0.122,20.25,-54.66,no offer,Tenure: 9 months,Contract type: Month-to-month
0181-RITDD,0.023,108.15,-54.67,no offer,Internet service: Fiber optic,Streaming movies: Yes
1452-UZOSF,0.023,106.1,-54.67,no offer,Internet service: Fiber optic,Streaming TV: Yes
9258-CNWAC,0.022,113.65,-54.67,no offer,Internet service: Fiber optic,Streaming movies: Yes
3623-FQBOX,0.124,19.95,-54.67,no offer,Contract type: Month-to-month,Tenure: 21 months
5129-HHMZC,0.029,86.45,-54.67,no offer,Streaming movies: Yes,Streaming TV: Yes
0945-TSONX,0.029,85.3,-54.67,no offer,Streaming movies: Yes,Streaming TV: Yes
7521-YXVZY,0.124,19.95,-54.67,no offer,Tenure: 3 months,Contract type: Month-to-month
2926-JEJJC,0.122,20.2,-54.67,no offer,Tenure: 8 months,Monthly bill: $20
3442-ZHHCC,0.032,76.9,-54.68,no offer,Streaming movies: Yes,Multiple lines: Yes
6229-UOLQL,0.047,52.0,-54.69,no offer,PhoneService: No,Streaming TV: Yes
4393-GEADV,0.021,114.75,-54.69,no offer,Internet service: Fiber optic,Streaming movies: Yes
6648-INWPS,0.122,20.15,-54.69,no offer,Tenure: 16 months,Contract type: Month-to-month
7801-CEDNV,0.05,48.7,-54.69,no offer,Tenure: 27 months,Tech support: No
2466-NEJOJ,0.125,19.65,-54.71,no offer,Tenure: 8 months,Contract type: Month-to-month
3061-BCKYI,0.123,19.9,-54.72,no offer,Tenure: 14 months,Contract type: Month-to-month
6013-BHCAW,0.03,81.0,-54.72,no offer,Streaming movies: Yes,Streaming TV: Yes
3551-GAEGL,0.08,30.4,-54.72,no offer,PhoneService: No,Monthly bill: $30
3474-BAFSJ,0.042,57.5,-54.73,no offer,PhoneService: No,Streaming movies: Yes
2348-KCJLT,0.04,61.5,-54.73,no offer,Tech support: No,Paperless billing: Yes
9867-XOBQA,0.046,53.15,-54.74,no offer,Tenure: 21 months,PhoneService: No
1032-MAELW,0.031,78.45,-54.74,no offer,Payment method: Electronic check,Streaming movies: Yes
4648-YPBTM,0.033,73.9,-54.75,no offer,Streaming movies: Yes,Online security: No
6691-CCIHA,0.029,84.95,-54.75,no offer,Payment method: Electronic check,Streaming movies: Yes
8311-UEUAB,0.032,75.5,-54.75,no offer,Payment method: Electronic check,Streaming movies: Yes
9530-GRMJG,0.029,84.1,-54.76,no offer,Payment method: Electronic check,Streaming movies: Yes
6556-DBKZF,0.032,76.05,-54.76,no offer,Internet service: Fiber optic,Payment method: Electronic check
4054-CUMIA,0.12,20.25,-54.76,no offer,Tenure: 18 months,Contract type: Month-to-month
2057-BOYKM,0.025,96.6,-54.76,no offer,Internet service: Fiber optic,Senior citizen
4694-PHWFW,0.121,19.95,-54.78,no offer,Tenure: 8 months,Contract type: Month-to-month
3841-NFECX,0.025,96.35,-54.79,no offer,Internet service: Fiber optic,Senior citizen
9575-IWCAZ,0.096,25.1,-54.8,no offer,Tenure: 6 months,Monthly bill: $25
9640-ZSLDC,0.04,60.6,-54.8,no offer,Streaming movies: Yes,Online security: No
6476-EPYZR,0.117,20.5,-54.8,no offer,Tenure: 12 months,Contract type: Month-to-month
4801-KFYKL,0.123,19.45,-54.81,no offer,Tenure: 8 months,Contract type: Month-to-month
6040-CGACY,0.123,19.6,-54.81,no offer,Tenure: 15 months,Contract type: Month-to-month
4636-OLWOE,0.039,61.0,-54.82,no offer,Payment method: Electronic check,Online security: No
7173-TETGO,0.03,78.5,-54.83,no offer,Internet service: Fiber optic,Senior citizen
2773-MADBQ,0.045,53.1,-54.83,no offer,PhoneService: No,Streaming movies: Yes
2144-ESWKO,0.068,35.2,-54.84,no offer,PhoneService: No,Monthly bill: $35
4500-HKANN,0.04,59.7,-54.85,no offer,Tenure: 23 months,Online security: No
0347-UBKUZ,0.12,19.9,-54.86,no offer,Tenure: 15 months,Contract type: Month-to-month
0810-DHDBD,0.032,74.0,-54.86,no offer,Streaming TV: Yes,Multiple lines: Yes
1563-IWQEX,0.121,19.7,-54.87,no offer,Tenure: 12 months,Contract type: Month-to-month
3230-IUALN,0.029,81.0,-54.87,no offer,Streaming movies: Yes,Streaming TV: Yes
2428-ZMCTB,0.12,19.75,-54.88,no offer,Tenure: 10 months,Contract type: Month-to-month
6114-TCFID,0.06,39.5,-54.88,no offer,PhoneService: No,Monthly bill: $40
2809-ILCYT,0.088,26.8,-54.88,no offer,Tenure: 25 months,Monthly bill: $27
3133-PZNSR,0.024,97.75,-54.88,no offer,Internet service: Fiber optic,Streaming movies: Yes
7311-MQJCH,0.121,19.55,-54.88,no offer,Tenure: 5 months,Monthly bill: $20
7247-XOZPB,0.03,77.4,-54.91,no offer,Streaming TV: Yes,Multiple lines: Yes
0484-JPBRU,0.093,25.25,-54.91,no offer,Contract type: Month-to-month,Monthly bill: $25
7531-GQHME,0.118,20.05,-54.91,no offer,Tenure: 12 months,Contract type: Month-to-month
8138-EALND,0.119,19.75,-54.93,no offer,Tenure: 15 months,Contract type: Month-to-month
7471-MQPOS,0.032,72.9,-54.94,no offer,Streaming movies: Yes,Senior citizen
9294-TDIPC,0.116,20.2,-54.94,no offer,Tenure: 5 months,Contract type: Month-to-month
2126-GSEGL,0.028,84.8,-54.94,no offer,Streaming movies: Yes,Streaming TV: Yes
4881-GQJTW,0.119,19.6,-54.94,no offer,Tenure: 14 months,Contract type: Month-to-month
3750-RNQKR,0.12,19.45,-54.94,no offer,Tenure: 12 months,Contract type: Month-to-month
4114-QMKVN,0.034,68.75,-54.94,no offer,Streaming movies: Yes,Multiple lines: Yes
9758-MFWGD,0.078,29.9,-54.95,no offer,PhoneService: No,Monthly bill: $30
5256-SKJGO,0.043,54.6,-54.96,no offer,Payment method: Electronic check,PhoneService: No
5840-NVDCG,0.034,68.25,-54.96,no offer,Tenure: 16 months,Streaming movies: Yes
8097-OMULG,0.03,76.75,-54.97,no offer,Streaming movies: Yes,Streaming TV: Yes
5232-NXPAY,0.031,74.45,-54.97,no offer,Streaming movies: Yes,Streaming TV: Yes
7690-KPNCU,0.032,73.05,-54.98,no offer,Streaming movies: Yes,Streaming TV: Yes
2282-YGNOR,0.04,58.0,-54.99,no offer,Tenure: 29 months,OnlineBackup: No
0620-XEFWH,0.123,18.85,-55.0,no offer,Tenure: 4 months,Contract type: Month-to-month
3739-YBWAB,0.065,35.35,-55.01,no offer,PhoneService: No,Monthly bill: $35
2120-SMPEX,0.115,20.15,-55.01,no offer,Contract type: Month-to-month,Monthly bill: $20
9350-ZXYJC,0.091,25.3,-55.02,no offer,Tenure: 4 months,Monthly bill: $25
2223-KAGMX,0.119,19.4,-55.02,no offer,Tenure: 15 months,Contract type: Month-to-month
8595-SIZNC,0.09,25.6,-55.02,no offer,Tenure: 22 months,Monthly bill: $26
3034-ZBEQN,0.066,34.7,-55.03,no offer,PhoneService: No,Online security: No
1813-JYWTO,0.029,80.45,-55.03,no offer,Internet service: Fiber optic,Multiple lines: Yes
9739-JLPQJ,0.02,117.5,-55.03,no offer,Internet service: Fiber optic,Streaming movies: Yes
8871-JLMHM,0.026,90.2,-55.03,no offer,Internet service: Fiber optic,Online security: No
1063-DHQJF,0.025,92.15,-55.04,no offer,Internet service: Fiber optic,Streaming TV: Yes
9967-ATRFS,0.115,19.9,-55.04,no offer,Contract type: Month-to-month,Tenure: 19 months
3021-VLNRJ,0.032,70.8,-55.04,no offer,Streaming TV: Yes,Paperless billing: Yes
7622-FWGEW,0.027,85.65,-55.05,no offer,Streaming movies: Yes,Streaming TV: Yes
1821-BUCWY,0.041,55.65,-55.05,no offer,Tech support: No,Paperless billing: Yes
8328-SKJNO,0.056,40.65,-55.06,no offer,Tenure: 23 months,PhoneService: No
6898-RBTLU,0.029,79.3,-55.08,no offer,Streaming movies: Yes,Streaming TV: Yes
2252-NKNSI,0.027,85.15,-55.09,no offer,Streaming movies: Yes,Streaming TV: Yes
8165-CBKXO,0.04,56.75,-55.09,no offer,PhoneService: No,Streaming movies: Yes
8942-DBMHZ,0.111,20.45,-55.09,no offer,Tenure: 12 months,Contract type: Month-to-month
2703-AMTUL,0.042,53.65,-55.09,no offer,Tech support: No,Monthly bill: $54
2958-NHPPS,0.109,20.85,-55.09,no offer,Contract type: Month-to-month,Tenure: 23 months
4024-CSNBY,0.024,94.25,-55.09,no offer,Internet service: Fiber optic,Multiple lines: Yes
2361-UPSND,0.032,70.6,-55.1,no offer,Streaming movies: Yes,Dependents: No
2984-TBYKU,0.022,104.9,-55.1,no offer,Internet service: Fiber optic,Streaming movies: Yes
5577-OTWWW,0.115,19.75,-55.1,no offer,Tenure: 15 months,Contract type: Month-to-month
2073-QBVBI,0.064,35.45,-55.11,no offer,PhoneService: No,Online security: No
1752-OZXFY,0.038,59.8,-55.11,no offer,Streaming TV: Yes,Tech support: No
2882-DDZPG,0.116,19.45,-55.11,no offer,Tenure: 12 months,Contract type: Month-to-month
2361-FJWNO,0.063,36.0,-55.12,no offer,PhoneService: No,Online security: No
8668-KNZTI,0.042,53.75,-55.12,no offer,Payment method: Electronic check,Tech support: No
9251-WNSOD,0.03,75.1,-55.12,no offer,Streaming movies: Yes,Multiple lines: Yes
1696-MZVAU,0.089,25.25,-55.12,no offer,Monthly bill: $25,PhoneService: No
9391-TTOYH,0.116,19.5,-55.13,no offer,Contract type: Month-to-month,Tenure: 23 months
6461-PPAXN,0.041,54.95,-55.13,no offer,Paperless billing: Yes,OnlineBackup: No
4318-RAJVY,0.114,19.8,-55.14,no offer,Tenure: 10 months,Monthly bill: $20
3724-UCSHY,0.115,19.55,-55.15,no offer,Tenure: 6 months,Contract type: Month-to-month
9577-WJVCQ,0.041,54.45,-55.15,no offer,Contract type: Month-to-month,Multiple lines: Yes
1179-INLAT,0.115,19.45,-55.15,no offer,Tenure: 3 months,Monthly bill: $19
2027-DNKIV,0.038,58.75,-55.16,no offer,Paperless billing: Yes,OnlineBackup: No
6242-FEGFD,0.023,96.6,-55.17,no offer,Internet service: Fiber optic,Multiple lines: Yes
6121-TNHBO,0.027,83.0,-55.17,no offer,Streaming TV: Yes,Senior citizen
5384-ZTTWP,0.113,19.8,-55.17,no offer,Tenure: 15 months,Contract type: Month-to-month
3387-PLKUI,0.119,18.8,-55.17,no offer,Tenure: 13 months,Contract type: Month-to-month
4981-FLTMF,0.034,65.2,-55.18,no offer,Contract type: Month-to-month,Multiple lines: Yes
1023-BQXZE,0.03,74.35,-55.19,no offer,Streaming movies: Yes,Streaming TV: Yes
4719-UMSIY,0.113,19.65,-55.2,no offer,Tenure: 6 months,Contract type: Month-to-month
1866-DIOQZ,0.033,66.8,-55.2,no offer,PhoneService: No,Streaming movies: Yes
8259-DZLIZ,0.041,53.85,-55.2,no offer,Online security: No,Multiple lines: Yes
8144-DGHXP,0.028,80.6,-55.2,no offer,Payment method: Electronic check,Streaming movies: Yes
4488-PSYCG,0.109,20.25,-55.22,no offer,Tenure: 16 months,Contract type: Month-to-month
2923-ARZLG,0.112,19.7,-55.23,no offer,Tenure: 0 months,Monthly bill: $20
6174-NRBTZ,0.072,30.75,-55.23,no offer,PhoneService: No,Monthly bill: $31
8727-XDPUD,0.062,35.8,-55.24,no offer,PhoneService: No,Streaming TV: Yes
4322-RCYMT,0.029,75.8,-55.25,no offer,Streaming movies: Yes,Online security: No
2580-ASVVY,0.048,45.4,-55.26,no offer,Payment method: Electronic check,PhoneService: No
4891-NLUBA,0.036,61.45,-55.26,no offer,PhoneService: No,Streaming movies: Yes
7639-LIAYI,0.027,79.75,-55.27,no offer,Streaming movies: Yes,Streaming TV: Yes
3308-JSGML,0.034,64.05,-55.27,no offer,PhoneService: No,Streaming movies: Yes
7542-CYDDM,0.109,20.05,-55.28,no offer,Tenure: 18 months,Contract type: Month-to-month
4815-TUMEQ,0.113,19.3,-55.29,no offer,Tenure: 10 months,Monthly bill: $19
3649-JPUGY,0.025,88.6,-55.29,no offer,Streaming movies: Yes,Streaming TV: Yes
4063-EIKNQ,0.104,20.95,-55.29,no offer,Tenure: 11 months,Contract type: Month-to-month
5788-YPOEG,0.026,84.75,-55.3,no offer,Streaming movies: Yes,Streaming TV: Yes
6924-TDGMT,0.106,20.55,-55.3,no offer,Tenure: 11 months,Monthly bill: $21
9702-AIUJO,0.049,44.8,-55.3,no offer,Online security: No,Tech support: No
0853-TWRVK,0.021,105.6,-55.32,no offer,Internet service: Fiber optic,Streaming movies: Yes
0536-ESJEP,0.029,74.55,-55.32,no offer,Streaming movies: Yes,Streaming TV: Yes
4770-QAZXN,0.111,19.45,-55.33,no offer,Tenure: 13 months,Contract type: Month-to-month
1960-UOTYM,0.027,79.2,-55.33,no offer,Payment method: Electronic check,Streaming movies: Yes
9498-FIMXL,0.113,19.2,-55.33,no offer,Tenure: 8 months,Monthly bill: $19
8246-SHFGA,0.103,21.1,-55.33,no offer,Tenure: 17 months,Contract type: Month-to-month
7089-RKVSZ,0.088,24.4,-55.35,no offer,Tenure: 8 months,Monthly bill: $24
0310-SUCIN,0.025,84.8,-55.35,no offer,Streaming movies: Yes,Streaming TV: Yes
1488-SYSFC,0.104,20.65,-55.36,no offer,Contract type: Month-to-month,Monthly bill: $21
2404-JIBFC,0.025,85.1,-55.38,no offer,Streaming movies: Yes,Streaming TV: Yes
5537-UXXVS,0.111,19.25,-55.38,no offer,Contract type: Month-to-month,Tenure: 20 months
4111-BNXIF,0.036,59.55,-55.39,no offer,Payment method: Electronic check,PhoneService: No
7998-ZLXWN,0.104,20.45,-55.39,no offer,Tenure: 15 months,Contract type: Month-to-month
8457-XIGKN,0.109,19.6,-55.4,no offer,Contract type: Month-to-month,Tenure: 20 months
2495-TTHBQ,0.104,20.4,-55.4,no offer,Tenure: 4 months,Monthly bill: $20
8345-MVDYC,0.026,81.65,-55.4,no offer,Streaming movies: Yes,Streaming TV: Yes
9720-JJJOR,0.035,60.3,-55.4,no offer,Tech support: No,Paperless billing: Yes
0757-WCUUZ,0.033,63.35,-55.42,no offer,Streaming movies: Yes,Online security: No
4712-UYOOI,0.106,20.0,-55.43,no offer,Contract type: Month-to-month,Tenure: 20 months
6339-RZCBJ,0.027,78.9,-55.45,no offer,Streaming movies: Yes,Streaming TV: Yes
9670-BPNXF,0.034,62.55,-55.47,no offer,Paperless billing: Yes,Dependents: No
6861-OKBCE,0.104,20.1,-55.47,no offer,Tenure: 11 months,Contract type: Month-to-month
6234-RAAPL,0.021,99.9,-55.47,no offer,Internet service: Fiber optic,Streaming TV: Yes
3823-KYNQY,0.084,24.95,-55.47,no offer,Tenure: 12 months,Monthly bill: $25
6064-PUPMC,0.037,57.2,-55.48,no offer,Tenure: 23 months,OnlineBackup: No
2088-IEBAU,0.024,88.15,-55.48,no offer,Payment method: Electronic check,Streaming movies: Yes
8735-NBLWT,0.102,20.4,-55.49,no offer,Tenure: 9 months,Contract type: Month-to-month
4859-ZSRDZ,0.038,55.5,-55.49,no offer,PhoneService: No,Streaming movies: Yes
6719-FGEDO,0.021,97.0,-55.5,no offer,Internet service: Fiber optic,Multiple lines: Yes
1218-VKFPE,0.109,19.0,-55.52,no offer,Tenure: 12 months,Contract type: Month-to-month
5820-PTRYM,0.03,68.45,-55.53,no offer,Senior citizen,Multiple lines: Yes
7138-GIRSH,0.03,69.5,-55.53,no offer,Streaming movies: Yes,Online security: No
0487-VVUVK,0.108,19.15,-55.54,no offer,Contract type: Month-to-month,Monthly bill: $19
2516-XSJKX,0.026,78.45,-55.55,no offer,Payment method: Electronic check,Streaming movies: Yes
9919-FZDED,0.024,84.1,-55.55,no offer,Streaming movies: Yes,Streaming TV: Yes
0208-BPQEJ,0.106,19.4,-55.56,no offer,Tenure: 12 months,Contract type: Month-to-month
9018-PCIOK,0.032,64.75,-55.57,no offer,Streaming movies: Yes,Online security: No
8398-TBIYD,0.024,84.7,-55.57,no offer,Internet service: Fiber optic,Multiple lines: Yes
0547-HURJB,0.097,21.05,-55.57,no offer,Tenure: 12 months,Contract type: Month-to-month
8573-CGOCC,0.104,19.75,-55.57,no offer,Tenure: 16 months,Contract type: Month-to-month
3824-RHKVR,0.104,19.7,-55.58,no offer,Tenure: 17 months,Contract type: Month-to-month
2351-BKRZW,0.027,75.2,-55.58,no offer,Streaming movies: Yes,Streaming TV: Yes
7945-HLKEA,0.032,64.75,-55.58,no offer,Payment method: Electronic check,Multiple lines: Yes
5961-VUSRV,0.106,19.35,-55.58,no offer,Tenure: 12 months,Monthly bill: $19
6419-ZTTLE,0.098,20.75,-55.59,no offer,Tenure: 23 months,Monthly bill: $21
2690-DVRVK,0.099,20.55,-55.6,no offer,Tenure: 5 months,Monthly bill: $21
6631-HMANX,0.024,85.45,-55.61,no offer,Streaming movies: Yes,Streaming TV: Yes
2091-GPPIQ,0.026,78.95,-55.61,no offer,Payment method: Electronic check,Streaming movies: Yes
5893-PYOLZ,0.025,81.8,-55.61,no offer,Streaming movies: Yes,Streaming TV: Yes
6036-TTFYU,0.104,19.6,-55.61,no offer,Tenure: 16 months,Contract type: Month-to-month
3926-YZVVX,0.04,50.05,-55.62,no offer,Online security: No,Monthly bill: $50
6131-IUNXN,0.1,20.2,-55.62,no offer,Contract type: Month-to-month,Tenure: 19 months
7956-XQWGU,0.104,19.4,-55.63,no offer,Contract type: Month-to-month,Monthly bill: $19
2167-FQSTQ,0.022,92.4,-55.63,no offer,Payment method: Electronic check,Streaming movies: Yes
8631-XVRZL,0.1,20.15,-55.64,no offer,Tenure: 9 months,Monthly bill: $20
5789-LDFXO,0.082,24.6,-55.64,no offer,Tenure: 24 months,Monthly bill: $25
6082-GLJIX,0.105,19.25,-55.64,no offer,Tenure: 18 months,Contract type: Month-to-month
7779-ORAEL,0.027,75.15,-55.64,no offer,Streaming movies: Yes,Senior citizen
3055-VTCGS,0.034,58.55,-55.65,no offer,Streaming movies: Yes,Online security: No
0946-FKYTX,0.067,30.1,-55.65,no offer,PhoneService: No,Monthly bill: $30
2863-IMQDR,0.022,89.65,-55.65,no offer,Payment method: Electronic check,Streaming movies: Yes
1171-TYKUR,0.079,25.4,-55.65,no offer,Contract type: Month-to-month,Payment method: Electronic check
4667-QONEA,0.027,74.85,-55.67,no offer,Streaming movies: Yes,Senior citizen
1623-NLDOT,0.06,33.55,-55.67,no offer,PhoneService: No,Monthly bill: $34
6319-QSUSR,0.101,19.7,-55.68,no offer,Tenure: 11 months,Contract type: Month-to-month
9995-HOTOH,0.034,59.0,-55.68,no offer,Payment method: Electronic check,PhoneService: No
0323-XWWTN,0.076,26.4,-55.69,no offer,Tenure: 3 months,Monthly bill: $26
5173-ZXXXL,0.1,19.95,-55.69,no offer,Tenure: 2 months,Monthly bill: $20
5110-CHOPY,0.037,53.6,-55.7,no offer,Payment method: Electronic check,PhoneService: No
6693-DJWTY,0.036,55.6,-55.7,no offer,Tech support: No,Monthly bill: $56
7973-DZRKH,0.022,90.95,-55.71,no offer,Internet service: Fiber optic,Multiple lines: Yes
4702-HDRKD,0.04,49.35,-55.71,no offer,PhoneService: No,Streaming TV: Yes
1057-FOGLZ,0.101,19.65,-55.71,no offer,Tenure: 18 months,Contract type: Month-to-month
1139-WUOAH,0.037,53.35,-55.72,no offer,PhoneService: No,Streaming movies: Yes
5906-CVLHP,0.037,54.15,-55.72,no offer,Online security: No,Paperless billing: Yes
6963-EZQEE,0.022,88.55,-55.72,no offer,Streaming movies: Yes,Streaming TV: Yes
5442-BXVND,0.082,24.25,-55.72,no offer,Contract type: Month-to-month,Monthly bill: $24
0334-ZFJSR,0.03,66.05,-55.74,no offer,Multiple lines: Yes,Paperless billing: Yes
4079-ULGFR,0.099,20.0,-55.74,no offer,Tenure: 16 months,Contract type: Month-to-month
7047-YXDMZ,0.098,20.0,-55.75,no offer,Contract type: Month-to-month,Tenure: 21 months
5372-FBKBN,0.094,20.75,-55.77,no offer,Contract type: Month-to-month,Tenure: 21 months
7609-YBPXG,0.022,87.1,-55.78,no offer,Streaming movies: Yes,Streaming TV: Yes
2096-XOTMO,0.101,19.35,-55.78,no offer,Tenure: 16 months,Contract type: Month-to-month
0056-EPFBG,0.05,39.4,-55.78,no offer,Tenure: 20 months,PhoneService: No
5318-YKDPV,0.025,79.15,-55.78,no offer,Streaming movies: Yes,Streaming TV: Yes
2243-FNMMI,0.101,19.4,-55.78,no offer,Contract type: Month-to-month,Tenure: 20 months
6870-ECSHE,0.095,20.45,-55.79,no offer,Tenure: 2 months,Monthly bill: $20
9127-QRZMH,0.032,59.85,-55.81,no offer,Paperless billing: Yes,Dependents: No
9880-TDQAC,0.032,60.0,-55.81,no offer,Payment method: Electronic check,PhoneService: No
8780-RSYYU,0.101,19.2,-55.83,no offer,Contract type: Month-to-month,Monthly bill: $19
5808-TOTXO,0.094,20.55,-55.84,no offer,Tenure: 3 months,Monthly bill: $21
8075-GXIUB,0.097,19.85,-55.85,no offer,Tenure: 9 months,Monthly bill: $20
3181-VTHOE,0.038,51.05,-55.85,no offer,PhoneService: No,Streaming movies: Yes
8645-KOMJQ,0.023,81.95,-55.86,no offer,Streaming movies: Yes,Streaming TV: Yes
4178-EGMON,0.022,88.0,-55.86,no offer,Internet service: Fiber optic,Multiple lines: Yes
0383-CLDDA,0.022,85.35,-55.87,no offer,Streaming movies: Yes,Streaming TV: Yes
4116-IQRFR,0.079,24.1,-55.88,no offer,Tenure: 4 months,Monthly bill: $24
1226-JZNKR,0.096,19.8,-55.88,no offer,Tenure: 8 months,Monthly bill: $20
8265-HKSOW,0.018,107.45,-55.88,no offer,Internet service: Fiber optic,Streaming movies: Yes
8999-YPYBV,0.023,84.35,-55.89,no offer,Streaming movies: Yes,Streaming TV: Yes
4565-EVZMJ,0.032,58.9,-55.89,no offer,Paperless billing: Yes,Dependents: No
0956-SYCWG,0.097,19.65,-55.89,no offer,Tenure: 13 months,Monthly bill: $20
2683-JXWQQ,0.057,33.6,-55.9,no offer,Contract type: Month-to-month,PhoneService: No
6437-UDQJM,0.023,84.1,-55.91,no offer,Streaming movies: Yes,Streaming TV: Yes
7010-ZMVBF,0.093,20.45,-55.91,no offer,Tenure: 18 months,Contract type: Month-to-month
0436-TWFFZ,0.022,85.25,-55.91,no offer,Streaming movies: Yes,Streaming TV: Yes
4293-ETKAP,0.024,79.4,-55.91,no offer,Streaming movies: Yes,Streaming TV: Yes
2040-LDIWQ,0.022,84.2,-55.92,no offer,Streaming movies: Yes,Streaming TV: Yes
8292-FRFZQ,0.046,41.15,-55.92,no offer,PhoneService: No,Monthly bill: $41
3401-URHDA,0.031,59.9,-55.93,no offer,Multiple lines: Yes,OnlineBackup: No
7321-ZNSLA,0.046,40.55,-55.93,no offer,Tenure: 13 months,PhoneService: No
6837-BJYDQ,0.096,19.6,-55.94,no offer,Tenure: 3 months,Monthly bill: $20
8932-CZHRQ,0.024,76.75,-55.95,no offer,Streaming movies: Yes,Multiple lines: Yes
3569-VLDHH,0.025,75.1,-55.95,no offer,Payment method: Electronic check,Streaming TV: Yes
3372-CDXFJ,0.076,24.5,-55.96,no offer,Tenure: 13 months,Monthly bill: $24
8610-ZIKJJ,0.092,20.3,-55.97,no offer,Tenure: 2 months,Monthly bill: $20
5199-FPUSP,0.055,34.05,-55.97,no offer,PhoneService: No,Monthly bill: $34
4872-VXRIL,0.029,64.65,-55.97,no offer,Multiple lines: Yes,Paperless billing: Yes
2000-DHJUY,0.02,92.2,-55.98,no offer,Streaming movies: Yes,Streaming TV: Yes
4032-RMHCI,0.053,35.4,-55.98,no offer,PhoneService: No,Monthly bill: $35
4835-YSJMR,0.037,49.8,-55.98,no offer,Online security: No,Paperless billing: Yes
7029-IJEJK,0.042,44.1,-56.0,no offer,PhoneService: No,Streaming movies: Yes
5684-FJVYR,0.021,90.35,-56.0,no offer,Internet service: Fiber optic,Multiple lines: Yes
9885-MFVSU,0.04,46.35,-56.01,no offer,PhoneService: No,Streaming TV: Yes
6522-OIQSX,0.034,54.95,-56.02,no offer,PhoneService: No,Streaming movies: Yes
8782-NUUOL,0.023,79.0,-56.02,no offer,Streaming movies: Yes,Streaming TV: Yes
2193-SFWQW,0.016,111.95,-56.02,no offer,Internet service: Fiber optic,Streaming movies: Yes
1498-NHTLT,0.021,86.75,-56.02,no offer,Payment method: Electronic check,Streaming movies: Yes
2192-OZITF,0.025,73.55,-56.02,no offer,Streaming movies: Yes,Multiple lines: Yes
0519-DRGTI,0.09,20.35,-56.03,no offer,Contract type: Month-to-month,Tenure: 20 months
8390-FESFV,0.022,84.5,-56.04,no offer,Streaming movies: Yes,Streaming TV: Yes
6549-BTYPG,0.03,60.8,-56.06,no offer,PhoneService: No,Streaming movies: Yes
1271-UODNO,0.034,53.85,-56.06,no offer,Online security: No,Multiple lines: Yes
7670-ZBPOQ,0.03,61.05,-56.07,no offer,Multiple lines: Yes,Paperless billing: Yes
2123-VSCOT,0.025,72.1,-56.07,no offer,Streaming TV: Yes,Online security: No
5260-UMPWX,0.09,20.25,-56.07,no offer,Contract type: Month-to-month,Monthly bill: $20
5453-YBTWV,0.018,101.1,-56.07,no offer,Internet service: Fiber optic,Streaming TV: Yes
0536-BGFMZ,0.088,20.5,-56.09,no offer,Contract type: Month-to-month,Monthly bill: $20
8060-HIWJJ,0.021,86.55,-56.09,no offer,Streaming movies: Yes,Streaming TV: Yes
5777-ZPQNC,0.09,20.15,-56.1,no offer,Tenure: 12 months,Monthly bill: $20
1866-ZSLJM,0.088,20.5,-56.1,no offer,Contract type: Month-to-month,Tenure: 21 months
9236-NDUCW,0.051,35.1,-56.1,no offer,Tenure: 21 months,PhoneService: No
2673-ZALNP,0.09,19.9,-56.11,no offer,Tenure: 7 months,Monthly bill: $20
2164-SOQXL,0.09,20.05,-56.11,no offer,Contract type: Month-to-month,Tenure: 20 months
7501-IWUNG,0.024,73.8,-56.12,no offer,Streaming movies: Yes,Streaming TV: Yes
8819-WFGGJ,0.033,54.1,-56.12,no offer,PhoneService: No,Streaming movies: Yes
3654-ARMGP,0.02,88.65,-56.12,no offer,Streaming movies: Yes,Streaming TV: Yes
9229-RQABD,0.076,23.75,-56.12,no offer,Tenure: 18 months,Monthly bill: $24
4737-HOBAX,0.023,79.8,-56.12,no offer,Streaming movies: Yes,Streaming TV: Yes
0078-XZMHT,0.021,85.15,-56.13,no offer,Streaming movies: Yes,Streaming TV: Yes
9313-QOLTZ,0.086,20.9,-56.13,no offer,Contract type: Month-to-month,Monthly bill: $21
2990-OGYTD,0.021,86.15,-56.13,no offer,Streaming movies: Yes,Streaming TV: Yes
5857-XRECV,0.087,20.5,-56.14,no offer,Tenure: 2 months,Monthly bill: $20
2239-CFOUJ,0.088,20.4,-56.14,no offer,Tenure: 1 months,Monthly bill: $20
9795-NREXC,0.021,85.0,-56.14,no offer,Streaming movies: Yes,Streaming TV: Yes
3544-FBCAS,0.021,83.6,-56.14,no offer,Streaming movies: Yes,Streaming TV: Yes
2890-WFBHU,0.022,79.85,-56.14,no offer,Streaming movies: Yes,Multiple lines: Yes
7353-YOWFP,0.088,20.25,-56.15,no offer,Tenure: 7 months,Monthly bill: $20
8387-UGUSU,0.089,20.05,-56.15,no offer,Tenure: 15 months,Contract type: Month-to-month
0707-HOVVN,0.024,75.5,-56.16,no offer,Streaming TV: Yes,Senior citizen
4393-OBCRR,0.088,20.25,-56.16,no offer,Tenure: 3 months,Monthly bill: $20
3057-VJJQE,0.032,55.25,-56.17,no offer,Multiple lines: Yes,Tech support: No
8510-TMWYB,0.03,59.8,-56.17,no offer,Online security: No,Multiple lines: Yes
8331-ZXFOE,0.025,71.1,-56.17,no offer,Multiple lines: Yes,Paperless billing: Yes
1194-BHJYC,0.028,62.15,-56.18,no offer,PhoneService: No,Streaming movies: Yes
2667-WYLWJ,0.09,19.75,-56.18,no offer,Tenure: 8 months,Monthly bill: $20
4615-PIVVU,0.027,66.5,-56.18,no offer,Streaming movies: Yes,Online security: No
8332-OSJDW,0.067,26.4,-56.18,no offer,Tenure: 12 months,Monthly bill: $26
0916-KNFAJ,0.025,69.9,-56.19,no offer,Streaming movies: Yes,Multiple lines: Yes
9830-ECLEN,0.035,50.0,-56.19,no offer,PhoneService: No,Streaming TV: Yes
0756-MPZRL,0.052,33.7,-56.19,no offer,PhoneService: No,Monthly bill: $34
4115-UMJFQ,0.049,35.75,-56.2,no offer,PhoneService: No,Online security: No
6506-EYCNH,0.09,19.55,-56.21,no offer,Contract type: Month-to-month,Monthly bill: $20
7503-MIOGA,0.02,89.85,-56.21,no offer,Streaming movies: Yes,Streaming TV: Yes
5197-LQXXH,0.021,83.3,-56.21,no offer,Streaming movies: Yes,Streaming TV: Yes
8909-BOLNL,0.083,21.2,-56.21,no offer,Tenure: 3 months,Monthly bill: $21
3190-FZATL,0.088,19.95,-56.22,no offer,Tenure: 14 months,Contract type: Month-to-month
6418-HNFED,0.021,83.25,-56.22,no offer,Streaming movies: Yes,Streaming TV: Yes
5668-MEISB,0.017,106.1,-56.22,no offer,Internet service: Fiber optic,Streaming TV: Yes
6322-HRPFA,0.029,59.6,-56.24,no offer,Contract type: Month-to-month,DeviceProtection: No
9958-MEKUC,0.017,103.95,-56.25,no offer,Internet service: Fiber optic,Streaming movies: Yes
6064-ZATLR,0.033,52.85,-56.25,no offer,Tenure: 27 months,Tech support: No
5619-XZZKR,0.087,19.95,-56.25,no offer,Tenure: 4 months,Monthly bill: $20
4342-HFXWS,0.025,69.7,-56.26,no offer,Streaming TV: Yes,OnlineBackup: No
2405-LBMUW,0.034,50.7,-56.26,no offer,PhoneService: No,Streaming movies: Yes
0967-BMLBD,0.087,20.0,-56.26,no offer,Tenure: 11 months,Monthly bill: $20
0654-PQKDW,0.024,70.75,-56.26,no offer,Streaming TV: Yes,Paperless billing: Yes
3166-PNEOF,0.02,86.45,-56.26,no offer,Streaming movies: Yes,Streaming TV: Yes
8869-TORSS,0.029,60.35,-56.27,no offer,Paperless billing: Yes,OnlineBackup: No
6551-ZCOTS,0.069,24.9,-56.28,no offer,Monthly bill: $25,Senior citizen
6195-MELTI,0.031,54.65,-56.29,no offer,Online security: No,Paperless billing: Yes
7407-SUJIZ,0.083,20.6,-56.29,no offer,Contract type: Month-to-month,Monthly bill: $21
5387-ASZNZ,0.027,63.85,-56.29,no offer,Senior citizen,Multiple lines: Yes
8681-ICONS,0.083,20.65,-56.3,no offer,Contract type: Month-to-month,Monthly bill: $21
0743-HNPFG,0.025,69.75,-56.3,no offer,Streaming movies: Yes,Paperless billing: Yes
4697-LUPSU,0.085,20.2,-56.31,no offer,Tenure: 2 months,Monthly bill: $20
2400-XIWIO,0.019,90.1,-56.32,no offer,Payment method: Electronic check,Streaming movies: Yes
3174-AKMAS,0.027,64.2,-56.32,no offer,Streaming TV: Yes,Online security: No
1525-LNLOJ,0.027,63.3,-56.33,no offer,Streaming TV: Yes,Online security: No
6516-NKQBO,0.021,81.0,-56.33,no offer,Streaming movies: Yes,Streaming TV: Yes
6120-RJKLU,0.021,79.95,-56.33,no offer,Streaming movies: Yes,Streaming TV: Yes
9467-ROOLM,0.089,19.05,-56.35,no offer,Contract type: Month-to-month,Monthly bill: $19
4849-PYRLQ,0.023,73.25,-56.35,no offer,Streaming movies: Yes,Senior citizen
8573-JGCZW,0.086,19.65,-56.35,no offer,Tenure: 17 months,Monthly bill: $20
0221-NAUXK,0.085,19.95,-56.36,no offer,Tenure: 10 months,Monthly bill: $20
5546-QUERU,0.084,19.95,-56.36,no offer,Tenure: 13 months,Monthly bill: $20
2541-YGPKE,0.026,63.7,-56.36,no offer,Streaming movies: Yes,OnlineBackup: No
9548-ZMVTX,0.019,90.45,-56.36,no offer,Internet service: Fiber optic,Online security: No
9470-YFUYI,0.024,71.0,-56.36,no offer,Streaming TV: Yes,Senior citizen
4381-MHQDC,0.026,65.0,-56.37,no offer,Multiple lines: Yes,Paperless billing: Yes
8189-DUKMV,0.082,20.5,-56.37,no offer,Tenure: 4 months,Monthly bill: $20
7269-JISCY,0.037,45.05,-56.37,no offer,Online security: No,Tech support: No
6166-YIPFO,0.026,64.7,-56.37,no offer,Payment method: Electronic check,PhoneService: No
9227-YBAXE,0.02,82.5,-56.37,no offer,Streaming movies: Yes,Streaming TV: Yes
3530-VWVGU,0.084,19.9,-56.38,no offer,Contract type: Month-to-month,Tenure: 22 months
0565-IYCGT,0.021,78.6,-56.38,no offer,Streaming movies: Yes,Multiple lines: Yes
7435-ZNUYY,0.081,20.6,-56.38,no offer,Tenure: 6 months,Monthly bill: $21
4464-JCOLN,0.084,19.85,-56.39,no offer,Tenure: 2 months,Monthly bill: $20
4568-KNYWR,0.026,63.25,-56.39,no offer,Streaming TV: Yes,Tech support: No
9309-BZGNT,0.056,29.8,-56.4,no offer,PhoneService: No,Monthly bill: $30
0121-SNYRK,0.047,35.4,-56.41,no offer,PhoneService: No,Monthly bill: $35
2550-QHZGP,0.085,19.5,-56.41,no offer,Tenure: 7 months,Monthly bill: $20
1763-KUAAW,0.081,20.35,-56.42,no offer,Tenure: 18 months,Monthly bill: $20
0104-PPXDV,0.033,50.3,-56.42,no offer,Online security: No,Tech support: No
8050-DVOJX,0.02,81.35,-56.42,no offer,Streaming movies: Yes,Senior citizen
5248-RPYWW,0.018,90.15,-56.43,no offer,Streaming movies: Yes,Streaming TV: Yes
8461-EFQYM,0.068,24.25,-56.44,no offer,Monthly bill: $24,Payment method: Electronic check
4378-BZYFP,0.08,20.5,-56.45,no offer,Tenure: 17 months,Monthly bill: $20
3720-DBRWL,0.02,83.85,-56.45,no offer,Streaming movies: Yes,Streaming TV: Yes
2484-DGXPZ,0.084,19.55,-56.46,no offer,Contract type: Month-to-month,Monthly bill: $20
6598-RFFVI,0.084,19.3,-56.48,no offer,Tenure: 2 months,Monthly bill: $19
1090-ESELR,0.015,105.5,-56.48,no offer,Internet service: Fiber optic,Streaming movies: Yes
4018-KJYUY,0.081,20.15,-56.48,no offer,Contract type: Month-to-month,Tenure: 22 months
8565-WUXZU,0.019,84.8,-56.48,no offer,Internet service: Fiber optic,Senior citizen
6510-UPNKS,0.066,24.8,-56.48,no offer,Tenure: 23 months,Monthly bill: $25
2682-KEVRP,0.081,20.05,-56.49,no offer,Tenure: 22 months,Monthly bill: $20
2599-CIPQE,0.015,109.3,-56.49,no offer,Internet service: Fiber optic,Streaming movies: Yes
2351-RRBUE,0.079,20.65,-56.49,no offer,Tenure: 7 months,Monthly bill: $21
7636-PEPNS,0.037,44.1,-56.5,no offer,Online security: No,Tech support: No
1929-ZCBHE,0.04,40.3,-56.5,no offer,Payment method: Electronic check,PhoneService: No
5317-FLPJF,0.026,61.35,-56.5,no offer,PhoneService: No,Streaming movies: Yes
7110-BDTWG,0.034,47.05,-56.5,no offer,Payment method: Electronic check,PhoneService: No
3213-VVOLG,0.063,25.35,-56.53,no offer,Tenure: 0 months,Monthly bill: $25
6481-LXPWL,0.044,36.1,-56.53,no offer,PhoneService: No,Online security: No
0993-OSGPT,0.026,60.65,-56.53,no offer,Senior citizen,Online security: No
6260-XLACS,0.081,19.7,-56.53,no offer,Tenure: 4 months,Monthly bill: $20
2387-KDZQY,0.08,20.1,-56.53,no offer,Tenure: 17 months,Monthly bill: $20
6559-ILWKJ,0.032,49.35,-56.54,no offer,Payment method: Electronic check,PhoneService: No
5321-NTRKC,0.02,79.85,-56.55,no offer,Streaming movies: Yes,Streaming TV: Yes
2612-PHGOX,0.021,76.1,-56.56,no offer,Streaming TV: Yes,Online security: No
0513-RBGPE,0.025,62.8,-56.56,no offer,Multiple lines: Yes,Paperless billing: Yes
3911-RSNHI,0.026,61.4,-56.57,no offer,PhoneService: No,Streaming movies: Yes
7564-GHCVB,0.02,79.05,-56.57,no offer,Internet service: Fiber optic,Multiple lines: Yes
7795-CFOCW,0.038,42.3,-56.57,no offer,PhoneService: No,Monthly bill: $42
1265-HVPZB,0.024,66.4,-56.58,no offer,Streaming TV: Yes,Tech support: No
2239-CGBUZ,0.026,60.5,-56.58,no offer,Paperless billing: Yes,Dependents: No
8221-HVAYI,0.023,69.15,-56.58,no offer,Multiple lines: Yes,Paperless billing: Yes
8200-LGKSR,0.019,83.2,-56.59,no offer,Payment method: Electronic check,Streaming movies: Yes
4254-QPEDE,0.024,66.25,-56.59,no offer,PhoneService: No,Streaming movies: Yes
4334-HOWRP,0.024,64.95,-56.59,no offer,PhoneService: No,Streaming movies: Yes
7665-VIGUD,0.078,20.35,-56.59,no offer,Tenure: 10 months,Monthly bill: $20
1760-CAZHT,0.076,20.8,-56.59,no offer,Contract type: Month-to-month,Monthly bill: $21
8404-VIOMB,0.025,62.5,-56.59,no offer,PhoneService: No,Streaming movies: Yes
1064-FBXNK,0.079,19.85,-56.59,no offer,Tenure: 1 months,Monthly bill: $20
6369-MCAKO,0.018,89.05,-56.6,no offer,Streaming movies: Yes,Streaming TV: Yes
7508-DQAKK,0.018,86.4,-56.6,no offer,Streaming movies: Yes,Streaming TV: Yes
5394-MEITZ,0.02,80.6,-56.6,no offer,Streaming movies: Yes,Streaming TV: Yes
9359-UGBTK,0.022,72.35,-56.6,no offer,Streaming movies: Yes,Paperless billing: Yes
5696-JVVQY,0.022,70.1,-56.6,no offer,Streaming movies: Yes,Tech support: No
9385-NXKDA,0.019,82.65,-56.6,no offer,Streaming movies: Yes,Streaming TV: Yes
0203-HHYIJ,0.062,25.3,-56.61,no offer,Tenure: 25 months,Monthly bill: $25
7025-WCBNE,0.026,59.6,-56.61,no offer,Senior citizen,Online security: No
1897-OKVMW,0.017,90.6,-56.62,no offer,Streaming movies: Yes,Streaming TV: Yes
1930-BZLHI,0.077,20.35,-56.62,no offer,Tenure: 21 months,Monthly bill: $20
4295-YURET,0.022,72.6,-56.62,no offer,Streaming movies: Yes,Streaming TV: Yes
1227-UDMZR,0.017,91.15,-56.63,no offer,Streaming movies: Yes,Streaming TV: Yes
6732-VAILE,0.018,85.95,-56.63,no offer,Streaming movies: Yes,Streaming TV: Yes
1498-DQNRX,0.079,19.85,-56.63,no offer,Contract type: Month-to-month,Monthly bill: $20
7996-BPXHY,0.062,25.0,-56.63,no offer,Tenure: 13 months,Monthly bill: $25
1038-RQOST,0.076,20.6,-56.64,no offer,Contract type: Month-to-month,Tenure: 19 months
1971-DTCZB,0.017,90.95,-56.64,no offer,Streaming movies: Yes,Streaming TV: Yes
4367-NUYAO,0.06,25.75,-56.64,no offer,Tenure: 0 months,Monthly bill: $26
2302-OUZXB,0.019,82.15,-56.65,no offer,Streaming movies: Yes,Streaming TV: Yes
4451-RWASJ,0.08,19.5,-56.65,no offer,Tenure: 15 months,Monthly bill: $20
6509-TSGWN,0.059,26.45,-56.65,no offer,Contract type: Month-to-month,Monthly bill: $26
8752-IMQOS,0.077,20.1,-56.66,no offer,Tenure: 5 months,Monthly bill: $20
6701-YVNQG,0.017,88.7,-56.67,no offer,Streaming movies: Yes,Streaming TV: Yes
2967-MXRAV,0.082,18.8,-56.67,no offer,Tenure: 1 months,Monthly bill: $19
3423-HHXAO,0.079,19.5,-56.67,no offer,Tenure: 14 months,Monthly bill: $20
3249-VHRIP,0.035,43.6,-56.67,no offer,PhoneService: No,Streaming movies: Yes
1534-OULXE,0.031,49.7,-56.69,no offer,Tech support: No,Paperless billing: Yes
2171-UDMFD,0.079,19.45,-56.69,no offer,Contract type: Month-to-month,Monthly bill: $19
1830-GGFNM,0.016,94.55,-56.69,no offer,Internet service: Fiber optic,Multiple lines: Yes
5245-VDBUR,0.043,35.45,-56.7,no offer,PhoneService: No,Monthly bill: $35
6603-YRDCJ,0.025,61.05,-56.7,no offer,Paperless billing: Yes,Dependents: No
4890-VMUAV,0.021,71.5,-56.71,no offer,Payment method: Electronic check,Multiple lines: Yes
2498-XLDZR,0.021,73.6,-56.71,no offer,Streaming movies: Yes,DeviceProtection: Yes
1187-WILMM,0.017,89.4,-56.71,no offer,Streaming movies: Yes,Streaming TV: Yes
3043-SUDUA,0.076,19.9,-56.71,no offer,Contract type: Month-to-month,Monthly bill: $20
9560-BBZXK,0.049,31.05,-56.73,no offer,PhoneService: No,Monthly bill: $31
7054-DMVAS,0.023,65.3,-56.73,no offer,Streaming TV: Yes,Tech support: No
8076-FEZKJ,0.078,19.5,-56.73,no offer,Tenure: 10 months,Monthly bill: $20
0016-QLJIS,0.017,90.45,-56.74,no offer,Streaming movies: Yes,Streaming TV: Yes
5792-JALQC,0.025,59.85,-56.74,no offer,Senior citizen,Multiple lines: Yes
4006-HKYHO,0.017,86.7,-56.75,no offer,Streaming movies: Yes,Streaming TV: Yes
6746-WAUWT,0.076,19.7,-56.75,no offer,Tenure: 19 months,Monthly bill: $20
2521-NPUZR,0.015,101.0,-56.76,no offer,Internet service: Fiber optic,Streaming movies: Yes
4827-DPADN,0.018,83.3,-56.76,no offer,Streaming movies: Yes,Streaming TV: Yes
1680-VDCWW,0.075,19.8,-56.78,no offer,Tenure: 12 months,Monthly bill: $20
1088-AUUZZ,0.02,75.85,-56.78,no offer,Streaming movies: Yes,Multiple lines: Yes
0298-XACET,0.03,50.2,-56.79,no offer,PhoneService: No,Streaming TV: Yes
7301-ABVAD,0.017,86.6,-56.79,no offer,Streaming movies: Yes,Streaming TV: Yes
1431-CYWMH,0.078,19.05,-56.79,no offer,Contract type: Month-to-month,Tenure: 22 months
8745-PVESG,0.036,41.1,-56.8,no offer,PhoneService: No,Monthly bill: $41
0455-ENTCR,0.017,85.25,-56.8,no offer,Payment method: Electronic check,Streaming movies: Yes
9479-HYNYL,0.018,80.7,-56.8,no offer,Streaming movies: Yes,Streaming TV: Yes
5602-BVFMK,0.077,19.3,-56.8,no offer,Tenure: 12 months,Monthly bill: $19
1930-QPBVZ,0.016,95.1,-56.8,no offer,Internet service: Fiber optic,Streaming movies: Yes
3146-JTQHR,0.075,19.6,-56.81,no offer,Tenure: 10 months,Monthly bill: $20
0895-LNKRC,0.076,19.45,-56.81,no offer,Tenure: 6 months,Monthly bill: $19
2862-JVEOY,0.077,19.15,-56.82,no offer,Tenure: 6 months,Monthly bill: $19
1429-UYJSV,0.075,19.7,-56.82,no offer,Tenure: 12 months,Monthly bill: $20
5751-USDBL,0.018,81.0,-56.82,no offer,Streaming movies: Yes,Streaming TV: Yes
5546-BYZSM,0.072,20.45,-56.83,no offer,Contract type: Month-to-month,Monthly bill: $20
1568-LJSZU,0.016,92.2,-56.84,no offer,Streaming movies: Yes,Streaming TV: Yes
3108-PCCGG,0.017,84.45,-56.84,no offer,Streaming movies: Yes,Streaming TV: Yes
5917-HBSDW,0.076,19.35,-56.84,no offer,Contract type: Month-to-month,Monthly bill: $19
8174-TBVCF,0.015,94.8,-56.85,no offer,Streaming movies: Yes,Streaming TV: Yes
6872-HXFNF,0.025,58.35,-56.85,no offer,Online security: No,Multiple lines: Yes
2977-CEBSX,0.016,90.05,-56.85,no offer,Streaming movies: Yes,Streaming TV: Yes
1131-ALZWV,0.059,24.6,-56.86,no offer,Tenure: 24 months,Monthly bill: $25
2606-PKWJB,0.036,40.25,-56.87,no offer,PhoneService: No,Monthly bill: $40
4933-IKULF,0.07,20.65,-56.88,no offer,Tenure: 17 months,Monthly bill: $21
3549-ZTMNH,0.06,24.0,-56.88,no offer,Tenure: 12 months,Monthly bill: $24
8295-KMENE,0.019,76.45,-56.88,no offer,Streaming TV: Yes,Multiple lines: Yes
0604-THJFP,0.019,75.95,-56.89,no offer,Streaming movies: Yes,Streaming TV: Yes
5003-XZWWO,0.017,84.2,-56.89,no offer,Streaming movies: Yes,Streaming TV: Yes
5562-BETPV,0.073,19.65,-56.89,no offer,Tenure: 1 months,Monthly bill: $20
0191-EQUUH,0.041,35.05,-56.9,no offer,Tenure: 25 months,PhoneService: No
7711-YIJWC,0.017,84.9,-56.9,no offer,Streaming movies: Yes,Streaming TV: Yes
1964-SVLEA,0.073,19.7,-56.91,no offer,Tenure: 20 months,Monthly bill: $20
5583-EJXRD,0.026,54.05,-56.91,no offer,PhoneService: No,Streaming movies: Yes
2550-AEVRU,0.027,53.45,-56.91,no offer,Payment method: Electronic check,Tech support: No
9297-EONCV,0.016,91.35,-56.91,no offer,Streaming movies: Yes,Streaming TV: Yes
1088-CNNKB,0.018,80.0,-56.92,no offer,Streaming movies: Yes,Multiple lines: Yes
8626-PTQGE,0.024,60.05,-56.94,no offer,PhoneService: No,Streaming movies: Yes
3082-WQRVY,0.072,19.65,-56.95,no offer,Tenure: 14 months,Monthly bill: $20
4039-PIMHX,0.028,49.8,-56.95,no offer,Senior citizen,Online security: No
5702-KVQRD,0.017,82.55,-56.95,no offer,Payment method: Electronic check,Streaming movies: Yes
0214-JHPFW,0.024,57.8,-56.95,no offer,PhoneService: No,Streaming movies: Yes
1015-JPFYW,0.073,19.45,-56.95,no offer,Tenure: 7 months,Monthly bill: $19
9548-LIGTA,0.017,81.05,-56.95,no offer,Streaming movies: Yes,Streaming TV: Yes
3557-HTYWR,0.019,74.05,-56.95,no offer,Streaming movies: Yes,Multiple lines: Yes
1952-DVVSW,0.07,20.1,-56.95,no offer,Tenure: 10 months,Monthly bill: $20
7817-OMJNA,0.069,20.4,-56.96,no offer,Tenure: 14 months,Monthly bill: $20
9348-ROUAI,0.016,90.3,-56.96,no offer,Streaming movies: Yes,Streaming TV: Yes
0909-SELIE,0.017,80.8,-56.96,no offer,Streaming movies: Yes,Multiple lines: Yes
3556-BVQGL,0.07,20.0,-56.97,no offer,Tenure: 20 months,Monthly bill: $20
9253-VIFJQ,0.021,67.05,-56.98,no offer,Multiple lines: Yes,Tech support: No
6203-HBZPA,0.022,63.9,-56.98,no offer,PhoneService: No,Streaming movies: Yes
0674-GCDXG,0.019,71.9,-56.98,no offer,Streaming movies: Yes,Multiple lines: Yes
3178-CIFOT,0.071,19.65,-56.98,no offer,Tenure: 23 months,Monthly bill: $20
2753-JMMCV,0.019,74.2,-56.99,no offer,Streaming movies: Yes,Online security: No
1837-YQUCE,0.024,58.35,-56.99,no offer,PhoneService: No,Streaming movies: Yes
8125-QPFJD,0.016,84.9,-56.99,no offer,Streaming movies: Yes,Streaming TV: Yes
8197-BFWVU,0.015,93.25,-56.99,no offer,Streaming movies: Yes,Streaming TV: Yes
8204-YJCLA,0.021,64.8,-57.0,no offer,PhoneService: No,Streaming movies: Yes
9860-LISIZ,0.068,20.35,-57.0,no offer,Contract type: Month-to-month,Monthly bill: $20
4547-FZJWE,0.023,59.45,-57.0,no offer,Streaming movies: Yes,Tech support: No
7554-NEWDD,0.054,25.7,-57.0,no offer,Tenure: 10 months,Monthly bill: $26
2225-ZRGSG,0.015,93.9,-57.01,no offer,Internet service: Fiber optic,Multiple lines: Yes
7762-ONLJY,0.07,19.7,-57.01,no offer,Tenure: 6 months,Monthly bill: $20
2335-GSODA,0.034,40.1,-57.02,no offer,Tenure: 23 months,PhoneService: No
0269-XFESX,0.057,24.35,-57.02,no offer,Tenure: 23 months,Monthly bill: $24
5993-BQHEA,0.069,20.05,-57.02,no offer,Tenure: 12 months,Monthly bill: $20
4671-VJLCL,0.017,79.85,-57.02,no offer,Streaming TV: Yes,Multiple lines: Yes
4203-QGNZA,0.068,20.25,-57.02,no offer,Contract type: Month-to-month,Monthly bill: $20
6765-MBQNU,0.053,26.0,-57.02,no offer,Monthly bill: $26,Tenure: 26 months
9142-XMYJH,0.071,19.35,-57.03,no offer,Contract type: Month-to-month,Monthly bill: $19
2274-XUATA,0.022,63.1,-57.03,no offer,PhoneService: No,Streaming movies: Yes
2430-RRYUW,0.025,54.8,-57.04,no offer,Tech support: No,Paperless billing: Yes
7649-PHJVR,0.07,19.5,-57.04,no offer,Tenure: 11 months,Monthly bill: $20
2788-CJQAQ,0.07,19.45,-57.04,no offer,Tenure: 13 months,Monthly bill: $19
3398-GCPMU,0.015,89.55,-57.05,no offer,Streaming movies: Yes,Streaming TV: Yes
8612-GXIDD,0.054,25.4,-57.05,no offer,Tenure: 12 months,Monthly bill: $25
1568-BEKZM,0.015,90.05,-57.05,no offer,Streaming movies: Yes,Streaming TV: Yes
8661-BOYNW,0.016,84.4,-57.05,no offer,Streaming movies: Yes,Streaming TV: Yes
2987-BJXIK,0.016,84.7,-57.05,no offer,Streaming movies: Yes,Streaming TV: Yes
8084-OIVBS,0.068,20.0,-57.05,no offer,Tenure: 11 months,Monthly bill: $20
0263-FJTQO,0.019,70.5,-57.05,no offer,Streaming TV: Yes,Multiple lines: Yes
1577-HKTFG,0.069,19.65,-57.06,no offer,Contract type: Month-to-month,Monthly bill: $20
2907-ILJBN,0.066,20.6,-57.06,no offer,Tenure: 11 months,Monthly bill: $21
8218-FFJDS,0.016,86.4,-57.06,no offer,Streaming movies: Yes,Streaming TV: Yes
3957-HHLMR,0.021,65.2,-57.06,no offer,Streaming movies: Yes,Multiple lines: Yes
1022-RKXDR,0.055,24.85,-57.06,no offer,Monthly bill: $25,Multiple lines: Yes
5039-LZRQT,0.067,20.2,-57.07,no offer,Tenure: 13 months,Monthly bill: $20
8469-SNFFH,0.017,79.4,-57.08,no offer,Streaming TV: Yes,Multiple lines: Yes
0687-ZVTHB,0.019,72.45,-57.08,no offer,Streaming movies: Yes,Multiple lines: Yes
7579-KKLOE,0.015,91.25,-57.09,no offer,Streaming movies: Yes,Streaming TV: Yes
2256-YLYLP,0.018,72.95,-57.09,no offer,Streaming movies: Yes,Streaming TV: Yes
4616-EWBNJ,0.067,20.1,-57.09,no offer,Tenure: 16 months,Monthly bill: $20
1172-VIYBP,0.019,69.7,-57.1,no offer,Streaming movies: Yes,Multiple lines: Yes
5456-ITGIC,0.021,64.45,-57.1,no offer,PhoneService: No,Streaming movies: Yes
8746-BFOAJ,0.065,20.5,-57.1,no offer,Tenure: 21 months,Monthly bill: $20
4291-YZODP,0.067,20.05,-57.11,no offer,Tenure: 7 months,Monthly bill: $20
1265-ZFOSD,0.016,81.3,-57.11,no offer,Streaming movies: Yes,Multiple lines: Yes
3891-NLXJB,0.033,40.55,-57.12,no offer,PhoneService: No,Monthly bill: $41
2137-DQMEV,0.03,44.8,-57.12,no offer,PhoneService: No,Streaming TV: Yes
7401-JIXNM,0.015,91.3,-57.12,no offer,Streaming movies: Yes,Streaming TV: Yes
7233-PAHHL,0.016,84.0,-57.13,no offer,Streaming movies: Yes,Streaming TV: Yes
5186-PEIZU,0.069,19.25,-57.13,no offer,Contract type: Month-to-month,Monthly bill: $19
0357-NVCRI,0.066,20.05,-57.14,no offer,Contract type: Month-to-month,Monthly bill: $20
6258-PVZWJ,0.015,90.8,-57.15,no offer,Streaming movies: Yes,Streaming TV: Yes
8413-YNHNV,0.015,90.65,-57.15,no offer,Streaming movies: Yes,Streaming TV: Yes
3298-QEICA,0.038,34.6,-57.16,no offer,Tenure: 23 months,PhoneService: No
3489-VSFRD,0.022,60.25,-57.16,no offer,Paperless billing: Yes,OnlineBackup: No
5996-EBTKM,0.019,69.9,-57.16,no offer,Streaming movies: Yes,Online security: No
0602-DDUML,0.019,69.75,-57.16,no offer,Streaming TV: Yes,Online security: No
1345-ZUKID,0.068,19.35,-57.17,no offer,Tenure: 14 months,Monthly bill: $19
9617-UDPEU,0.068,19.25,-57.17,no offer,Tenure: 22 months,Monthly bill: $19
0771-CHWSK,0.018,74.6,-57.17,no offer,Streaming movies: Yes,Multiple lines: Yes
4537-CIBHB,0.065,20.25,-57.18,no offer,Tenure: 9 months,Monthly bill: $20
2211-RMNHO,0.015,85.3,-57.18,no offer,Streaming movies: Yes,Streaming TV: Yes
3452-FLHYD,0.062,20.95,-57.18,no offer,Monthly bill: $21,Tenure: 25 months
0739-UUAJR,0.024,53.8,-57.19,no offer,PhoneService: No,Streaming movies: Yes
3374-PZLXD,0.066,19.7,-57.19,no offer,Contract type: Month-to-month,Monthly bill: $20
5170-PTRKA,0.036,35.8,-57.19,no offer,PhoneService: No,Monthly bill: $36
3283-WCWXT,0.051,25.4,-57.19,no offer,Tenure: 6 months,Monthly bill: $25
9778-OGKQZ,0.014,92.0,-57.19,no offer,Streaming movies: Yes,Streaming TV: Yes
6332-FBZRI,0.019,69.35,-57.19,no offer,Multiple lines: Yes,Paperless billing: Yes
8169-SAEJD,0.023,56.55,-57.19,no offer,PhoneService: No,Streaming movies: Yes
6810-VCAEX,0.033,39.65,-57.2,no offer,PhoneService: No,Monthly bill: $40
7164-BPTUT,0.014,89.55,-57.21,no offer,Streaming movies: Yes,Streaming TV: Yes
4751-ERMAN,0.017,75.4,-57.21,no offer,Streaming movies: Yes,Streaming TV: Yes
6122-EFVKN,0.036,35.75,-57.21,no offer,Tenure: 24 months,PhoneService: No
1492-KGETH,0.016,78.35,-57.21,no offer,Streaming movies: Yes,Multiple lines: Yes
5997-OPVFA,0.014,89.05,-57.22,no offer,Streaming movies: Yes,Streaming TV: Yes
0023-UYUPN,0.051,25.2,-57.22,no offer,Payment method: Electronic check,Monthly bill: $25
2192-CKRLV,0.026,49.2,-57.23,no offer,Payment method: Electronic check,PhoneService: No
3908-MKIMJ,0.031,41.95,-57.23,no offer,Payment method: Electronic check,PhoneService: No
9766-HGEDE,0.066,19.35,-57.25,no offer,Tenure: 17 months,Monthly bill: $19
9891-NQDBD,0.05,25.55,-57.25,no offer,Monthly bill: $26,Multiple lines: Yes
4782-OSFXZ,0.015,82.7,-57.25,no offer,Streaming movies: Yes,Senior citizen
7677-SJJJK,0.064,19.9,-57.25,no offer,Tenure: 8 months,Monthly bill: $20
1915-OAKWD,0.066,19.3,-57.26,no offer,Tenure: 16 months,Monthly bill: $19
0979-MOZQI,0.033,39.0,-57.26,no offer,PhoneService: No,Streaming TV: Yes
0459-SPZHJ,0.015,83.5,-57.26,no offer,Streaming movies: Yes,Streaming TV: Yes
9339-FIIJL,0.015,85.95,-57.26,no offer,Streaming movies: Yes,Streaming TV: Yes
2176-LVPNX,0.014,89.85,-57.26,no offer,Streaming movies: Yes,Streaming TV: Yes
6878-GGDWG,0.065,19.4,-57.27,no offer,Contract type: Month-to-month,Monthly bill: $19
2725-IWWBA,0.022,56.9,-57.27,no offer,OnlineBackup: No,DeviceProtection: Yes
4803-LBYPN,0.06,20.8,-57.28,no offer,Contract type: Month-to-month,Monthly bill: $21
0795-LAFGP,0.014,90.4,-57.29,no offer,Payment method: Electronic check,Streaming movies: Yes
5248-KWLAR,0.014,90.35,-57.29,no offer,Payment method: Electronic check,Streaming movies: Yes
1177-XZBJL,0.019,64.15,-57.3,no offer,Multiple lines: Yes,DeviceProtection: No
6408-WHTEF,0.014,89.4,-57.3,no offer,Streaming movies: Yes,Streaming TV: Yes
4311-QTTAI,0.065,19.35,-57.3,no offer,Tenure: 16 months,Monthly bill: $19
4359-INNWN,0.062,20.05,-57.31,no offer,Tenure: 17 months,Monthly bill: $20
7527-QNRUS,0.049,25.15,-57.32,no offer,Tenure: 17 months,Monthly bill: $25
9415-ZNBSX,0.014,89.0,-57.32,no offer,Streaming movies: Yes,Streaming TV: Yes
2706-QZIHY,0.049,25.2,-57.32,no offer,Tenure: 15 months,Monthly bill: $25
3750-YHRYO,0.06,20.65,-57.32,no offer,Tenure: 7 months,Monthly bill: $21
8414-OOEEL,0.016,79.5,-57.33,no offer,Streaming movies: Yes,Streaming TV: Yes
9483-GCPWE,0.062,20.1,-57.33,no offer,Tenure: 9 months,Monthly bill: $20
3721-CNZHX,0.062,19.8,-57.34,no offer,Tenure: 15 months,Monthly bill: $20
5995-WWKKG,0.062,19.8,-57.34,no offer,Monthly bill: $20,Payment method: Electronic check
7153-CHRBV,0.021,59.3,-57.34,no offer,Paperless billing: Yes,OnlineBackup: No
8908-NMQTX,0.019,65.6,-57.34,no offer,PhoneService: No,Streaming movies: Yes
9108-EQPNQ,0.047,26.1,-57.34,no offer,Tenure: 10 months,Monthly bill: $26
5980-BDHPY,0.014,87.1,-57.34,no offer,Streaming movies: Yes,Streaming TV: Yes
9150-HEPMB,0.023,52.7,-57.34,no offer,Tech support: No,OnlineBackup: No
4163-NCJAK,0.05,24.45,-57.35,no offer,Monthly bill: $24,Multiple lines: Yes
9442-JTWDL,0.061,20.05,-57.35,no offer,Tenure: 11 months,Monthly bill: $20
5126-RCXYW,0.027,46.0,-57.35,no offer,PhoneService: No,Streaming movies: Yes
1222-KJNZD,0.06,20.4,-57.35,no offer,Contract type: Month-to-month,Monthly bill: $20
5680-LQOGP,0.015,82.45,-57.36,no offer,Streaming movies: Yes,Streaming TV: Yes
7771-CFQRQ,0.019,63.8,-57.36,no offer,Streaming movies: Yes,Online security: No
3146-MSEGF,0.014,88.05,-57.38,no offer,Streaming movies: Yes,Streaming TV: Yes
5397-NSKQG,0.024,50.9,-57.38,no offer,PhoneService: No,Streaming movies: Yes
9313-CDOGY,0.062,19.6,-57.38,no offer,Contract type: Month-to-month,Monthly bill: $20
9046-DQMTP,0.058,20.75,-57.39,no offer,Contract type: Month-to-month,Monthly bill: $21
0661-KQHNK,0.064,19.0,-57.39,no offer,Tenure: 6 months,Monthly bill: $19
9028-LIHRP,0.012,100.2,-57.4,no offer,Internet service: Fiber optic,Streaming TV: Yes
2725-TTRIQ,0.014,84.2,-57.4,no offer,Streaming movies: Yes,Streaming TV: Yes
0277-ORXQS,0.024,50.55,-57.4,no offer,PhoneService: No,Streaming movies: Yes
7398-HPYZQ,0.013,90.55,-57.4,no offer,Streaming movies: Yes,Streaming TV: Yes
6147-CBCRA,0.06,20.05,-57.41,no offer,Contract type: Month-to-month,Monthly bill: $20
6248-TKCQV,0.015,80.6,-57.41,no offer,Streaming movies: Yes,Streaming TV: Yes
3547-LQRIK,0.045,26.9,-57.41,no offer,Payment method: Electronic check,Monthly bill: $27
9888-ZCUMM,0.02,60.05,-57.41,no offer,PhoneService: No,Streaming movies: Yes
3638-VBZTA,0.014,86.5,-57.42,no offer,Streaming movies: Yes,Streaming TV: Yes
6016-LVTJQ,0.058,20.65,-57.42,no offer,Contract type: Month-to-month,Monthly bill: $21
9675-ICXCT,0.015,80.8,-57.42,no offer,Payment method: Electronic check,Streaming movies: Yes
5130-YPIRV,0.017,72.0,-57.43,no offer,Streaming TV: Yes,Tech support: No
0422-OHQHQ,0.058,20.55,-57.43,no offer,Tenure: 15 months,Monthly bill: $21
4425-OWHWB,0.062,19.35,-57.43,no offer,Tenure: 20 months,Monthly bill: $19
9541-ZPSEA,0.015,80.35,-57.43,no offer,Internet service: Fiber optic,Tech support: No
3506-OVLKD,0.045,26.2,-57.44,no offer,Monthly bill: $26,Multiple lines: Yes
2581-VKIRT,0.018,65.5,-57.44,no offer,Multiple lines: Yes,DeviceProtection: No
3796-ENZGF,0.018,67.25,-57.45,no offer,Streaming movies: Yes,Online security: No
2824-DXNKN,0.017,71.45,-57.45,no offer,Streaming TV: Yes,Multiple lines: Yes
3239-TPHPZ,0.059,20.05,-57.45,no offer,Tenure: 12 months,Monthly bill: $20
7975-JMZNT,0.013,91.7,-57.46,no offer,Streaming movies: Yes,Streaming TV: Yes
1178-PZGAB,0.058,20.25,-57.46,no offer,Tenure: 19 months,Monthly bill: $20
8100-PNJMH,0.013,88.85,-57.46,no offer,Streaming movies: Yes,Streaming TV: Yes
0412-UCCNP,0.02,59.2,-57.46,no offer,Payment method: Electronic check,Paperless billing: Yes
2061-VVFST,0.06,19.5,-57.46,no offer,Contract type: Month-to-month,Monthly bill: $20
3508-VLHCZ,0.013,90.55,-57.47,no offer,Streaming movies: Yes,Streaming TV: Yes
3243-ZHOHY,0.058,20.1,-57.47,no offer,Tenure: 16 months,Monthly bill: $20
9621-OUPYD,0.058,20.2,-57.47,no offer,Monthly bill: $20,Tenure: 25 months
9847-HNVGP,0.059,19.95,-57.47,no offer,Tenure: 17 months,Monthly bill: $20
8766-PAFNE,0.015,79.1,-57.47,no offer,Streaming movies: Yes,Streaming TV: Yes
0123-CRBRT,0.013,88.1,-57.48,no offer,Streaming movies: Yes,Streaming TV: Yes
9871-ELEYA,0.017,67.65,-57.48,no offer,Streaming TV: Yes,OnlineBackup: No
1951-IEYXM,0.013,90.6,-57.48,no offer,Streaming movies: Yes,Streaming TV: Yes
0829-DDVLK,0.058,20.1,-57.49,no offer,Tenure: 15 months,Monthly bill: $20
3131-NWVFJ,0.059,19.55,-57.5,no offer,Tenure: 14 months,Monthly bill: $20
9565-FLVCG,0.017,69.55,-57.5,no offer,Streaming movies: Yes,Multiple lines: Yes
0301-FIDRB,0.018,63.8,-57.5,no offer,PhoneService: No,Streaming movies: Yes
5248-YGIJN,0.013,90.25,-57.51,no offer,Streaming movies: Yes,Streaming TV: Yes
2226-ICFDO,0.013,85.9,-57.51,no offer,Streaming movies: Yes,Streaming TV: Yes
6586-MYGKD,0.015,76.95,-57.52,no offer,Streaming movies: Yes,Streaming TV: Yes
1133-KXCGE,0.057,20.1,-57.52,no offer,Tenure: 18 months,Monthly bill: $20
9581-GVBXT,0.033,34.8,-57.52,no offer,PhoneService: No,Monthly bill: $35
9845-QOMAD,0.058,19.75,-57.52,no offer,Tenure: 14 months,Monthly bill: $20
2845-KDHVX,0.017,68.3,-57.52,no offer,Streaming movies: Yes,Online security: No
3938-YFPXD,0.014,84.3,-57.53,no offer,Streaming movies: Yes,Streaming TV: Yes
3219-JQRSL,0.013,89.1,-57.53,no offer,Streaming movies: Yes,Streaming TV: Yes
6754-WKSHP,0.045,25.35,-57.53,no offer,Monthly bill: $25,Multiple lines: Yes
5312-TSZVC,0.058,19.65,-57.53,no offer,Tenure: 15 months,Monthly bill: $20
0336-KXKFK,0.019,61.2,-57.54,no offer,PhoneService: No,Streaming movies: Yes
3779-OSWCF,0.012,93.2,-57.54,no offer,Streaming movies: Yes,Streaming TV: Yes
2085-JVGAD,0.056,20.35,-57.55,no offer,Contract type: Month-to-month,Monthly bill: $20
5816-JMLGY,0.014,80.4,-57.55,no offer,Streaming movies: Yes,Streaming TV: Yes
9746-UGFAC,0.054,20.85,-57.55,no offer,Tenure: 22 months,Monthly bill: $21
2661-GKBTK,0.015,76.95,-57.55,no offer,Streaming movies: Yes,Streaming TV: Yes
6122-LJADA,0.013,90.15,-57.56,no offer,Streaming movies: Yes,Streaming TV: Yes
9867-JCZSP,0.054,20.75,-57.56,no offer,Tenure: 17 months,Monthly bill: $21
6741-QRLUP,0.014,80.3,-57.57,no offer,Streaming movies: Yes,Multiple lines: Yes
2320-TZRRH,0.058,19.5,-57.57,no offer,Tenure: 20 months,Monthly bill: $20
4079-WWQQQ,0.017,65.55,-57.57,no offer,PhoneService: No,Streaming movies: Yes
2030-BTZRO,0.055,20.4,-57.57,no offer,Tenure: 6 months,Monthly bill: $20
9803-FTJCG,0.017,66.85,-57.57,no offer,Multiple lines: Yes,Paperless billing: Yes
3566-CAAYU,0.023,49.85,-57.57,no offer,Payment method: Electronic check,PhoneService: No
0307-BCOPK,0.059,19.05,-57.58,no offer,Tenure: 16 months,Monthly bill: $19
0567-XRHCU,0.025,43.95,-57.58,no offer,PhoneService: No,Streaming movies: Yes
9073-ZZIAY,0.013,86.1,-57.58,no offer,Payment method: Electronic check,Streaming movies: Yes
3161-ONRWK,0.017,65.85,-57.58,no offer,Paperless billing: Yes,DeviceProtection: Yes
6685-GBWJZ,0.016,70.8,-57.58,no offer,Streaming TV: Yes,Dependents: No
5360-XGYAZ,0.017,65.65,-57.59,no offer,PhoneService: No,Streaming movies: Yes
0428-AXXLJ,0.057,19.5,-57.59,no offer,Monthly bill: $20,Tenure: 25 months
5505-OVWQW,0.055,20.15,-57.59,no offer,Tenure: 17 months,Monthly bill: $20
4707-YNOQA,0.044,25.6,-57.59,no offer,Monthly bill: $26,Multiple lines: Yes
3724-BSCVH,0.055,20.45,-57.59,no offer,Tenure: 10 months,Monthly bill: $20
0230-WEQUW,0.02,56.6,-57.6,no offer,PhoneService: No,Streaming TV: Yes
1897-RCFUM,0.046,24.2,-57.6,no offer,Monthly bill: $24,Multiple lines: Yes
9968-FFVVH,0.016,68.8,-57.6,no offer,Multiple lines: Yes,DeviceProtection: Yes
8969-PRHFK,0.057,19.65,-57.6,no offer,Tenure: 18 months,Monthly bill: $20
1069-QJOEE,0.056,19.9,-57.6,no offer,Monthly bill: $20,Tenure: 25 months
9046-JBFWA,0.058,19.15,-57.6,no offer,Contract type: Month-to-month,Monthly bill: $19
5468-BPMMO,0.056,19.6,-57.61,no offer,Contract type: Month-to-month,Monthly bill: $20
9135-MGVPY,0.013,84.7,-57.61,no offer,Streaming movies: Yes,Streaming TV: Yes
1272-ILHFG,0.056,19.65,-57.61,no offer,Tenure: 15 months,Monthly bill: $20
7103-ZGVNT,0.015,73.7,-57.61,no offer,Streaming TV: Yes,Multiple lines: Yes
7609-NRNCA,0.057,19.55,-57.61,no offer,Tenure: 17 months,Monthly bill: $20
6094-ZIVKX,0.02,54.45,-57.61,no offer,Tech support: No,Paperless billing: Yes
5485-ITNPC,0.013,85.9,-57.62,no offer,Streaming movies: Yes,Streaming TV: Yes
7813-TKCVO,0.054,20.35,-57.62,no offer,Tenure: 20 months,Monthly bill: $20
1401-FTHFQ,0.055,20.0,-57.63,no offer,Tenure: 23 months,Monthly bill: $20
8007-YYPWD,0.044,25.05,-57.63,no offer,Tenure: 15 months,Monthly bill: $25
4718-WXBGI,0.012,91.95,-57.63,no offer,Streaming movies: Yes,Streaming TV: Yes
2829-HYVZP,0.055,19.8,-57.63,no offer,Monthly bill: $20,Paperless billing: Yes
6916-HIJSE,0.013,84.85,-57.63,no offer,Streaming movies: Yes,Streaming TV: Yes
8232-CTLKO,0.018,59.75,-57.63,no offer,Payment method: Electronic check,Streaming TV: Yes
0516-VRYBW,0.054,20.15,-57.63,no offer,Tenure: 18 months,Monthly bill: $20
4323-ELYYB,0.055,20.0,-57.63,no offer,Tenure: 13 months,Monthly bill: $20
6762-QVYJO,0.018,59.75,-57.64,no offer,PhoneService: No,Streaming movies: Yes
1414-YADCW,0.013,84.6,-57.65,no offer,Internet service: Fiber optic,Dependents: No
7319-ZNRTR,0.056,19.6,-57.65,no offer,Monthly bill: $20,Tenure: 25 months
2885-HIJDH,0.013,86.9,-57.65,no offer,Streaming movies: Yes,Streaming TV: Yes
0042-JVWOJ,0.055,19.6,-57.65,no offer,Monthly bill: $20,Tenure: 26 months
0114-IGABW,0.019,58.25,-57.65,no offer,PhoneService: No,Streaming movies: Yes
5329-KRDTM,0.014,77.35,-57.66,no offer,Streaming TV: Yes,Senior citizen
2995-YWTCD,0.044,24.9,-57.66,no offer,Tenure: 19 months,Monthly bill: $25
1839-UMACK,0.043,25.05,-57.66,no offer,Payment method: Electronic check,Monthly bill: $25
7369-TRPFD,0.058,18.8,-57.66,no offer,Tenure: 19 months,Monthly bill: $19
9242-TKFSV,0.017,65.1,-57.66,no offer,PhoneService: No,Streaming movies: Yes
5847-MXBEO,0.053,20.3,-57.67,no offer,Tenure: 22 months,Monthly bill: $20
3227-WLKLI,0.012,91.55,-57.67,no offer,Streaming movies: Yes,Streaming TV: Yes
1084-MNSMJ,0.013,85.5,-57.67,no offer,Streaming movies: Yes,Streaming TV: Yes
4077-HWUYD,0.012,87.55,-57.68,no offer,Streaming movies: Yes,Streaming TV: Yes
4549-ZDQYY,0.019,57.95,-57.68,no offer,OnlineBackup: No,DeviceProtection: Yes
4967-WPNCF,0.017,63.7,-57.69,no offer,PhoneService: No,Streaming movies: Yes
6418-PIQSP,0.013,81.0,-57.69,no offer,Streaming movies: Yes,Streaming TV: Yes
8316-BBQAY,0.018,59.95,-57.69,no offer,PhoneService: No,Streaming movies: Yes
0804-YGEQV,0.044,24.45,-57.69,no offer,Monthly bill: $24,Multiple lines: Yes
2592-HODOV,0.055,19.3,-57.7,no offer,Tenure: 13 months,Monthly bill: $19
5656-MJEFC,0.022,48.15,-57.7,no offer,PhoneService: No,Streaming TV: Yes
6100-FJZDG,0.053,20.05,-57.71,no offer,Monthly bill: $20,Tenure: 26 months
1038-ZAGBI,0.053,19.8,-57.71,no offer,Tenure: 12 months,Monthly bill: $20
7279-NMVJC,0.053,19.9,-57.71,no offer,Tenure: 17 months,Monthly bill: $20
6681-ZSEXG,0.018,59.5,-57.72,no offer,Online security: No,Multiple lines: Yes
0617-AQNWT,0.022,47.85,-57.73,no offer,Payment method: Electronic check,PhoneService: No
8580-QVLOC,0.011,92.45,-57.73,no offer,Streaming movies: Yes,Streaming TV: Yes
8181-YHCMF,0.017,60.3,-57.73,no offer,PhoneService: No,Streaming movies: Yes
8763-KIAFH,0.051,20.55,-57.73,no offer,Monthly bill: $21,Tenure: 27 months
5117-ZSMHQ,0.012,89.9,-57.74,no offer,Streaming movies: Yes,Streaming TV: Yes
8499-BRXTD,0.052,20.1,-57.74,no offer,Tenure: 18 months,Monthly bill: $20
1506-YJTYT,0.014,73.85,-57.74,no offer,Streaming TV: Yes,Multiple lines: Yes
6508-NJYRO,0.056,18.8,-57.74,no offer,Tenure: 15 months,Monthly bill: $19
3638-WEABW,0.017,59.9,-57.75,no offer,Online security: No,Multiple lines: Yes
8672-OAUPW,0.022,47.85,-57.75,no offer,Online security: No,Monthly bill: $48
4676-WLUHT,0.022,46.2,-57.76,no offer,PhoneService: No,Streaming movies: Yes
7649-SIJJF,0.013,80.1,-57.76,no offer,Streaming movies: Yes,Multiple lines: Yes
3740-RLMVT,0.017,60.95,-57.77,no offer,Senior citizen,Paperless billing: Yes
1221-GHZEP,0.016,65.1,-57.77,no offer,Streaming movies: Yes,Paperless billing: Yes
9110-HSGTV,0.012,82.45,-57.77,no offer,Streaming movies: Yes,Streaming TV: Yes
9102-OXKFY,0.019,54.15,-57.78,no offer,Online security: No,Multiple lines: Yes
3813-DHBBB,0.02,50.95,-57.78,no offer,PhoneService: No,Streaming movies: Yes
3745-HRPHI,0.019,54.65,-57.78,no offer,PhoneService: No,Streaming movies: Yes
8022-BECSI,0.052,19.6,-57.78,no offer,Tenure: 22 months,Monthly bill: $20
0859-YGKFW,0.051,20.05,-57.78,no offer,Tenure: 18 months,Monthly bill: $20
9534-NSXEM,0.05,20.65,-57.78,no offer,Monthly bill: $21,Tenure: 26 months
9184-GALIL,0.05,20.45,-57.79,no offer,Contract type: Month-to-month,Monthly bill: $20
1734-ZMNTZ,0.041,25.0,-57.79,no offer,Tenure: 11 months,Monthly bill: $25
8559-WNQZS,0.05,20.45,-57.8,no offer,Tenure: 1 months,Monthly bill: $20
8884-MRNSU,0.051,19.9,-57.8,no offer,Tenure: 17 months,Monthly bill: $20
7137-NAXML,0.051,20.15,-57.8,no offer,Tenure: 23 months,Monthly bill: $20
5498-IBWPI,0.021,49.4,-57.8,no offer,Online security: No,Paperless billing: Yes
1122-YJBCS,0.019,53.65,-57.81,no offer,Tech support: No,Paperless billing: Yes
9055-MOJJJ,0.015,65.8,-57.81,no offer,Streaming TV: Yes,OnlineBackup: No
9068-VPWQQ,0.013,75.35,-57.82,no offer,Streaming movies: Yes,Multiple lines: Yes
1790-NESIO,0.05,20.4,-57.82,no offer,Tenure: 13 months,Monthly bill: $20
9435-JMLSX,0.012,86.1,-57.82,no offer,Streaming movies: Yes,Streaming TV: Yes
6656-GULJQ,0.012,83.55,-57.83,no offer,Streaming movies: Yes,Streaming TV: Yes
3050-RLLXC,0.012,81.25,-57.83,no offer,Streaming TV: Yes,Multiple lines: Yes
3115-CZMZD,0.05,20.25,-57.83,no offer,Tenure: 0 months,Monthly bill: $20
9140-CZQZZ,0.013,79.6,-57.84,no offer,Streaming movies: Yes,Streaming TV: Yes
6023-GSSXW,0.016,61.45,-57.84,no offer,Streaming movies: Yes,Online security: No
0556-FJEGU,0.014,70.1,-57.85,no offer,Streaming TV: Yes,Online security: No
9489-DEDVP,0.014,69.2,-57.85,no offer,Streaming TV: Yes,Multiple lines: Yes
3967-KXAPS,0.011,92.3,-57.85,no offer,Streaming movies: Yes,Streaming TV: Yes
5003-OKNNK,0.049,20.35,-57.86,no offer,Tenure: 15 months,Monthly bill: $20
4632-XJMEX,0.016,62.85,-57.86,no offer,DeviceProtection: No,Monthly bill: $63
4685-TFLLS,0.05,19.8,-57.86,no offer,Tenure: 18 months,Monthly bill: $20
6870-ZWMNX,0.013,76.1,-57.86,no offer,Streaming TV: Yes,Online security: No
7633-MVPUY,0.017,59.75,-57.86,no offer,Payment method: Electronic check,Paperless billing: Yes
3523-BRGUW,0.051,19.3,-57.89,no offer,Monthly bill: $19,Tenure: 26 months
6115-ZTBFQ,0.015,65.5,-57.89,no offer,PhoneService: No,Streaming movies: Yes
5727-MYATE,0.011,90.8,-57.9,no offer,Streaming movies: Yes,Streaming TV: Yes
8184-WMOFI,0.014,71.4,-57.9,no offer,Streaming movies: Yes,OnlineBackup: No
5320-BRKGK,0.013,75.8,-57.9,no offer,Streaming TV: Yes,Multiple lines: Yes
5474-LAMUQ,0.048,20.1,-57.9,no offer,Tenure: 24 months,Monthly bill: $20
8748-HFWBO,0.049,19.9,-57.9,no offer,Tenure: 19 months,Monthly bill: $20
5726-CVNYA,0.049,19.85,-57.91,no offer,Tenure: 8 months,Monthly bill: $20
6152-ONASV,0.017,58.25,-57.92,no offer,Multiple lines: Yes,OnlineBackup: No
0379-DJQHR,0.012,81.35,-57.92,no offer,Streaming movies: Yes,Streaming TV: Yes
4092-OFQZS,0.046,20.65,-57.93,no offer,Tenure: 20 months,Monthly bill: $21
0230-UBYPQ,0.027,36.1,-57.93,no offer,PhoneService: No,Senior citizen
7131-ZQZNK,0.016,59.85,-57.93,no offer,PhoneService: No,Streaming movies: Yes
7253-UVNDW,0.018,54.35,-57.93,no offer,Online security: No,OnlineBackup: No
2466-FCCPT,0.048,19.7,-57.94,no offer,Tenure: 20 months,Monthly bill: $20
7873-CVMAW,0.011,88.55,-57.94,no offer,Streaming movies: Yes,Streaming TV: Yes
5879-HMFFH,0.011,88.05,-57.94,no offer,Streaming movies: Yes,Streaming TV: Yes
7168-HDQHG,0.05,19.2,-57.94,no offer,Contract type: Month-to-month,Monthly bill: $19
9648-BCHKM,0.039,24.65,-57.94,no offer,Tenure: 18 months,Monthly bill: $25
3084-DOWLE,0.01,92.0,-57.94,no offer,Streaming movies: Yes,Streaming TV: Yes
1682-VCOIO,0.047,20.45,-57.94,no offer,Tenure: 23 months,Monthly bill: $20
0835-DUUIQ,0.045,21.05,-57.95,no offer,Tenure: 24 months,Monthly bill: $21
2990-IAJSV,0.01,92.0,-57.95,no offer,Streaming movies: Yes,Streaming TV: Yes
3933-DQPWX,0.024,39.7,-57.95,no offer,PhoneService: No,Online security: No
0839-JTCUD,0.011,89.9,-57.95,no offer,Streaming movies: Yes,Streaming TV: Yes
3378-AJRAO,0.038,24.85,-57.95,no offer,Payment method: Electronic check,Monthly bill: $25
2234-EOFPT,0.012,79.35,-57.96,no offer,Streaming movies: Yes,Streaming TV: Yes
7524-VRLPL,0.013,74.1,-57.97,no offer,Streaming movies: Yes,Senior citizen
7349-ALMUX,0.014,65.6,-57.97,no offer,DeviceProtection: Yes,Dependents: No
5458-CQJTA,0.013,74.8,-57.97,no offer,Streaming movies: Yes,Streaming TV: Yes
0363-SVHYR,0.011,86.85,-57.98,no offer,Streaming movies: Yes,Streaming TV: Yes
2580-ATZSQ,0.015,61.35,-57.98,no offer,Tech support: No,DeviceProtection: Yes
7101-HRBLJ,0.011,83.7,-57.98,no offer,Streaming movies: Yes,Streaming TV: Yes
3705-PSNGL,0.046,20.4,-57.98,no offer,Monthly bill: $20,Payment method: Electronic check
6388-TABGU,0.017,56.15,-57.99,no offer,Tech support: No,Monthly bill: $56
6461-SZMCV,0.011,87.95,-57.99,no offer,Streaming movies: Yes,Streaming TV: Yes
4188-PCPIG,0.013,70.35,-57.99,no offer,Streaming TV: Yes,Paperless billing: Yes
6527-PZFPV,0.045,20.8,-57.99,no offer,Tenure: 24 months,Monthly bill: $21
1972-XMUWV,0.016,59.8,-57.99,no offer,Streaming TV: Yes,Online security: No
5930-GBIWP,0.011,81.5,-57.99,no offer,Streaming movies: Yes,Multiple lines: Yes
7665-NKLAV,0.023,40.65,-58.0,no offer,PhoneService: No,Monthly bill: $41
6016-NXBNJ,0.048,19.15,-58.0,no offer,Monthly bill: $19,Paperless billing: Yes
9347-AERRL,0.048,19.3,-58.0,no offer,Tenure: 23 months,Monthly bill: $19
8388-DMKAE,0.046,20.25,-58.0,no offer,Tenure: 8 months,Monthly bill: $20
6177-PEVRA,0.017,55.5,-58.01,no offer,Tech support: No,Monthly bill: $56
2996-XAUVF,0.023,40.05,-58.01,no offer,PhoneService: No,Streaming movies: Yes
4723-BEGSG,0.011,86.65,-58.01,no offer,Streaming movies: Yes,Streaming TV: Yes
0378-XSZPU,0.015,60.3,-58.01,no offer,Tech support: No,DeviceProtection: Yes
8146-QQKZH,0.011,81.85,-58.01,no offer,Streaming movies: Yes,Streaming TV: Yes
4701-LKOZD,0.01,89.75,-58.02,no offer,Streaming movies: Yes,Streaming TV: Yes
7018-FPXHH,0.015,59.8,-58.03,no offer,Tech support: No,Paperless billing: Yes
1872-EBWSC,0.045,20.35,-58.03,no offer,Monthly bill: $20,Tenure: 29 months
5197-YPYBZ,0.036,25.25,-58.03,no offer,Tenure: 12 months,Monthly bill: $25
5917-RYRMG,0.046,19.8,-58.03,no offer,Monthly bill: $20,Senior citizen
7359-SSBJK,0.013,70.2,-58.04,no offer,Streaming TV: Yes,Senior citizen
5676-CFLYY,0.012,73.35,-58.04,no offer,Streaming movies: Yes,Streaming TV: Yes
6609-MXJHJ,0.036,25.1,-58.05,no offer,Monthly bill: $25,Multiple lines: Yes
8606-OEGQZ,0.036,25.3,-58.05,no offer,Tenure: 18 months,Monthly bill: $25
3125-RAHBV,0.045,20.3,-58.05,no offer,Tenure: 22 months,Monthly bill: $20
2194-IIQOF,0.01,89.3,-58.05,no offer,Streaming movies: Yes,Streaming TV: Yes
9674-EHPPG,0.022,40.4,-58.05,no offer,PhoneService: No,Monthly bill: $40
1776-SPBWV,0.045,20.1,-58.05,no offer,Monthly bill: $20,Paperless billing: Yes
8779-YIQQA,0.046,19.8,-58.05,no offer,Tenure: 21 months,Monthly bill: $20
2649-HWLYB,0.012,76.15,-58.06,no offer,Streaming movies: Yes,Multiple lines: Yes
2378-YIZKA,0.011,85.0,-58.06,no offer,Streaming movies: Yes,Streaming TV: Yes
4999-IEZLT,0.031,29.45,-58.06,no offer,PhoneService: No,Monthly bill: $29
4530-NDRKU,0.047,19.05,-58.06,no offer,Monthly bill: $19,Payment method: Electronic check
9489-JMTTN,0.01,89.75,-58.06,no offer,Streaming movies: Yes,Streaming TV: Yes
1027-LKKQQ,0.011,80.45,-58.06,no offer,Streaming movies: Yes,Streaming TV: Yes
4291-TPNFG,0.011,82.3,-58.06,no offer,Streaming movies: Yes,Multiple lines: Yes
6188-UXBBR,0.044,20.25,-58.06,no offer,Monthly bill: $20,Paperless billing: Yes
7408-OFWXJ,0.01,89.8,-58.06,no offer,Streaming movies: Yes,Streaming TV: Yes
8374-UULRV,0.01,86.05,-58.06,no offer,Streaming movies: Yes,Streaming TV: Yes
2150-OEGBV,0.045,20.1,-58.06,no offer,Monthly bill: $20,Tenure: 27 months
3546-GHEAE,0.046,19.45,-58.07,no offer,Tenure: 7 months,Monthly bill: $19
6463-MVYRY,0.013,69.85,-58.07,no offer,Streaming TV: Yes,Senior citizen
3812-LRZIR,0.036,24.5,-58.07,no offer,Monthly bill: $24,Payment method: Electronic check
1552-TKMXS,0.044,20.35,-58.07,no offer,Contract type: Month-to-month,Monthly bill: $20
1561-BWHIN,0.045,19.8,-58.07,no offer,Tenure: 19 months,Monthly bill: $20
9477-LGWQI,0.011,80.15,-58.07,no offer,Streaming movies: Yes,Streaming TV: Yes
2535-PBCGC,0.014,64.55,-58.08,no offer,PhoneService: No,Streaming movies: Yes
4709-LKHYG,0.045,20.0,-58.08,no offer,Monthly bill: $20,Payment method: Electronic check
5275-PMFUT,0.014,64.8,-58.08,no offer,PhoneService: No,Streaming movies: Yes
3985-HOYPM,0.046,19.4,-58.08,no offer,Monthly bill: $19,Tenure: 26 months
5876-QMYLD,0.044,20.05,-58.08,no offer,Tenure: 23 months,Monthly bill: $20
4825-XJGDM,0.02,43.7,-58.09,no offer,PhoneService: No,Monthly bill: $44
5377-NDTOU,0.01,91.05,-58.09,no offer,Streaming movies: Yes,Streaming TV: Yes
5707-ZMDJP,0.013,69.7,-58.09,no offer,Streaming TV: Yes,Paperless billing: Yes
0017-DINOC,0.02,45.2,-58.09,no offer,PhoneService: No,Streaming TV: Yes
2520-SGTTA,0.044,20.0,-58.09,no offer,Tenure: 0 months,Monthly bill: $20
7644-OMVMY,0.045,19.85,-58.09,no offer,Tenure: 0 months,Monthly bill: $20
4632-PAOYU,0.044,19.95,-58.09,no offer,Tenure: 22 months,Monthly bill: $20
1982-FEBTD,0.034,25.6,-58.1,no offer,Tenure: 23 months,Monthly bill: $26
7196-LIWRH,0.045,19.55,-58.1,no offer,Tenure: 6 months,Monthly bill: $20
2160-GPFXD,0.013,65.65,-58.1,no offer,Multiple lines: Yes,Paperless billing: Yes
0244-LGNFY,0.01,92.65,-58.1,no offer,Streaming movies: Yes,Streaming TV: Yes
6953-PBDIN,0.012,72.95,-58.11,no offer,Streaming TV: Yes,Online security: No
7781-HVGMK,0.013,65.2,-58.11,no offer,PhoneService: No,Streaming movies: Yes
3902-MIVLE,0.012,75.7,-58.11,no offer,Streaming movies: Yes,Multiple lines: Yes
1998-VHJHK,0.046,19.15,-58.11,no offer,Monthly bill: $19,Tenure: 27 months
0420-TXVSG,0.013,66.1,-58.11,no offer,Multiple lines: Yes,Tech support: No
5148-ORICT,0.012,74.35,-58.11,no offer,Streaming movies: Yes,Paperless billing: Yes
3569-JFODW,0.01,90.95,-58.11,no offer,Streaming movies: Yes,Streaming TV: Yes
1775-KWJKQ,0.01,89.85,-58.12,no offer,Streaming movies: Yes,Streaming TV: Yes
0361-HJRDX,0.014,64.35,-58.12,no offer,PhoneService: No,Streaming movies: Yes
4716-MRVEN,0.043,20.0,-58.13,no offer,Monthly bill: $20,Tenure: 29 months
2925-VDZHY,0.01,88.7,-58.13,no offer,Streaming movies: Yes,Streaming TV: Yes
1092-WPIVQ,0.035,25.1,-58.13,no offer,Tenure: 18 months,Monthly bill: $25
3778-FOAQW,0.043,20.15,-58.13,no offer,Tenure: 24 months,Monthly bill: $20
1099-GODLO,0.043,20.35,-58.13,no offer,Tenure: 1 months,Monthly bill: $20
4795-UXVCJ,0.044,19.8,-58.14,no offer,Monthly bill: $20,Tenure: 26 months
4837-PZTIC,0.021,41.9,-58.14,no offer,PhoneService: No,Monthly bill: $42
9453-PATOS,0.01,85.1,-58.14,no offer,Streaming movies: Yes,Streaming TV: Yes
4312-GVYNH,0.017,49.85,-58.14,no offer,PhoneService: No,Streaming movies: Yes
0730-BGQGF,0.01,90.3,-58.14,no offer,Streaming movies: Yes,Streaming TV: Yes
1699-UOTXU,0.014,61.4,-58.14,no offer,Payment method: Electronic check,Tech support: No
8722-PRFDV,0.011,77.55,-58.14,no offer,Streaming movies: Yes,Streaming TV: Yes
4973-MGTON,0.01,84.4,-58.14,no offer,Streaming movies: Yes,Streaming TV: Yes
9178-JHUVJ,0.035,24.1,-58.15,no offer,Tenure: 24 months,Monthly bill: $24
8908-SLFCJ,0.041,20.85,-58.15,no offer,Tenure: 21 months,Monthly bill: $21
5125-CNDSP,0.021,40.6,-58.15,no offer,PhoneService: No,Monthly bill: $41
9801-NOSHQ,0.043,19.8,-58.15,no offer,Tenure: 23 months,Monthly bill: $20
6169-PGNCD,0.012,74.3,-58.15,no offer,Streaming TV: Yes,Paperless billing: Yes
8690-ZVLCL,0.01,88.0,-58.15,no offer,Streaming movies: Yes,Streaming TV: Yes
5494-WOZRZ,0.01,82.0,-58.16,no offer,Streaming movies: Yes,Streaming TV: Yes
7452-FOLON,0.033,25.45,-58.16,no offer,Monthly bill: $25,Multiple lines: Yes
0744-BIKKF,0.01,86.65,-58.16,no offer,Streaming movies: Yes,Streaming TV: Yes
4654-ULTTN,0.011,74.8,-58.16,no offer,Streaming movies: Yes,Multiple lines: Yes
6504-VBLFL,0.014,58.6,-58.17,no offer,Payment method: Electronic check,Tech support: No
4950-HKQTE,0.032,26.25,-58.17,no offer,Tenure: 22 months,Monthly bill: $26
3704-IEAXF,0.016,53.65,-58.18,no offer,PhoneService: No,Streaming movies: Yes
8277-RVRSV,0.035,24.15,-58.18,no offer,Monthly bill: $24,Multiple lines: Yes
9610-WCESF,0.019,43.9,-58.18,no offer,Payment method: Electronic check,PhoneService: No
6518-KZXCB,0.033,25.25,-58.18,no offer,Tenure: 22 months,Monthly bill: $25
7560-QJAVJ,0.011,79.6,-58.18,no offer,Streaming movies: Yes,Streaming TV: Yes
8039-EQPIM,0.014,60.25,-58.18,no offer,PhoneService: No,Streaming movies: Yes
7284-ZZLOH,0.016,53.3,-58.2,no offer,Tech support: No,OnlineBackup: No
7197-VOJMM,0.012,69.2,-58.2,no offer,Streaming movies: Yes,Paperless billing: Yes
6814-ZPWFQ,0.033,25.0,-58.2,no offer,Monthly bill: $25,Senior citizen
6885-PKOAM,0.01,85.75,-58.2,no offer,Streaming movies: Yes,Streaming TV: Yes
5627-TVBPP,0.041,20.1,-58.2,no offer,Monthly bill: $20,Paperless billing: Yes
6698-OXETB,0.041,20.4,-58.21,no offer,Tenure: 11 months,Monthly bill: $20
3262-EIDHV,0.01,84.7,-58.21,no offer,Streaming movies: Yes,Streaming TV: Yes
1335-MXCSE,0.015,55.25,-58.21,no offer,Online security: No,Paperless billing: Yes
9443-JUBUO,0.013,65.25,-58.21,no offer,PhoneService: No,Streaming movies: Yes
8336-TAVKX,0.011,78.45,-58.21,no offer,Streaming movies: Yes,Senior citizen
5214-CHIWJ,0.041,20.3,-58.21,no offer,Monthly bill: $20,Tenure: 27 months
6479-OAUSD,0.041,19.9,-58.22,no offer,Monthly bill: $20,Tenure: 25 months
8631-NBHFZ,0.01,79.4,-58.22,no offer,Streaming TV: Yes,Senior citizen
9531-NSBMR,0.043,19.25,-58.22,no offer,Monthly bill: $19,Paperless billing: Yes
6119-SPUDB,0.022,38.25,-58.22,no offer,PhoneService: No,Monthly bill: $38
0238-WHBIQ,0.009,89.7,-58.22,no offer,Streaming movies: Yes,Streaming TV: Yes
7244-KXYZN,0.04,20.45,-58.23,no offer,Tenure: 24 months,Monthly bill: $20
2749-CTKAJ,0.041,20.15,-58.23,no offer,Tenure: 22 months,Monthly bill: $20
2138-VFAPZ,0.042,19.7,-58.23,no offer,Tenure: 14 months,Monthly bill: $20
3982-JGSFD,0.04,20.35,-58.23,no offer,Monthly bill: $20,Paperless billing: Yes
5766-FTRTS,0.01,84.45,-58.23,no offer,Streaming movies: Yes,Streaming TV: Yes
9823-EALYC,0.01,80.85,-58.25,no offer,Streaming TV: Yes,Multiple lines: Yes
9150-KPBJQ,0.041,19.65,-58.26,no offer,Tenure: 6 months,Monthly bill: $20
5918-VUKWP,0.039,20.55,-58.26,no offer,Monthly bill: $21,Dependents: No
6695-AMZUF,0.009,86.45,-58.27,no offer,Streaming movies: Yes,Streaming TV: Yes
4883-KCPZJ,0.032,25.25,-58.27,no offer,Tenure: 22 months,Monthly bill: $25
5313-FPXWG,0.033,24.6,-58.27,no offer,Monthly bill: $25,Multiple lines: Yes
6288-CHQJB,0.011,69.95,-58.27,no offer,Streaming movies: Yes,OnlineBackup: No
8468-FZTOE,0.011,74.35,-58.27,no offer,Payment method: Electronic check,Streaming movies: Yes
5057-RKGLH,0.039,20.35,-58.27,no offer,Tenure: 9 months,Monthly bill: $20
3129-AAQOU,0.031,25.6,-58.27,no offer,Tenure: 19 months,Monthly bill: $26
7026-YMSBE,0.04,19.7,-58.28,no offer,Monthly bill: $20,Tenure: 30 months
4139-DETXS,0.012,64.45,-58.28,no offer,PhoneService: No,Streaming movies: Yes
5736-YEJAX,0.01,79.45,-58.28,no offer,Streaming TV: Yes,Multiple lines: Yes
6439-PKTRR,0.01,80.7,-58.28,no offer,Payment method: Electronic check,Streaming TV: Yes
2296-DKZFP,0.011,71.0,-58.28,no offer,Streaming movies: Yes,Tech support: No
1209-VFFOC,0.014,56.4,-58.29,no offer,PhoneService: No,Streaming movies: Yes
8966-OIQHG,0.038,20.75,-58.29,no offer,Tenure: 22 months,Monthly bill: $21
3487-EARAT,0.011,74.1,-58.29,no offer,Streaming movies: Yes,DeviceProtection: Yes
2819-GWENI,0.04,19.9,-58.3,no offer,Monthly bill: $20,Tenure: 28 months
9488-FVZCC,0.01,79.5,-58.3,no offer,Streaming movies: Yes,Multiple lines: Yes
3887-PBQAO,0.03,25.9,-58.3,no offer,Monthly bill: $26,Multiple lines: Yes
7446-SFAOA,0.04,19.85,-58.3,no offer,Monthly bill: $20,Paperless billing: Yes
8194-PEEBY,0.039,19.9,-58.3,no offer,Tenure: 24 months,Monthly bill: $20
2229-DPMBI,0.04,19.5,-58.3,no offer,Tenure: 8 months,Monthly bill: $20
8314-HTWVE,0.04,19.85,-58.3,no offer,Tenure: 7 months,Monthly bill: $20
0774-RMNUW,0.013,59.7,-58.31,no offer,PhoneService: No,Streaming movies: Yes
8958-JPTRR,0.032,24.3,-58.31,no offer,Monthly bill: $24,Payment method: Electronic check
2277-AXSDC,0.04,19.75,-58.31,no offer,Monthly bill: $20,Dependents: No
1439-LCGVL,0.041,19.2,-58.31,no offer,Monthly bill: $19,Tenure: 26 months
8597-CTXVJ,0.012,64.95,-58.31,no offer,Multiple lines: Yes,DeviceProtection: No
1293-HHSHJ,0.037,21.1,-58.31,no offer,Monthly bill: $21,Dependents: No
3594-BDSOA,0.038,20.4,-58.31,no offer,Tenure: 24 months,Monthly bill: $20
7337-CINUD,0.04,19.5,-58.31,no offer,Tenure: 8 months,Monthly bill: $20
5469-NUJUR,0.039,19.95,-58.32,no offer,Tenure: 19 months,Monthly bill: $20
1371-OJCEK,0.032,24.35,-58.32,no offer,Monthly bill: $24,Multiple lines: Yes
6082-OQFBA,0.04,19.65,-58.32,no offer,Tenure: 23 months,Monthly bill: $20
6061-PQHMK,0.039,19.9,-58.32,no offer,Monthly bill: $20,Tenure: 25 months
8050-XGRVL,0.014,54.75,-58.32,no offer,Tech support: No,OnlineBackup: No
6701-DHKWQ,0.015,51.35,-58.32,no offer,PhoneService: No,Streaming TV: Yes
6823-SIDFQ,0.043,18.25,-58.32,no offer,Monthly bill: $18,Tenure: 28 months
2451-YMUXS,0.012,64.55,-58.33,no offer,Senior citizen,Multiple lines: Yes
0224-NIJLP,0.038,20.15,-58.33,no offer,Tenure: 8 months,Monthly bill: $20
9717-IOAAF,0.03,25.85,-58.33,no offer,Monthly bill: $26,Tenure: 27 months
9065-ZCPQX,0.01,78.85,-58.33,no offer,Streaming movies: Yes,Multiple lines: Yes
1407-DIGZV,0.04,19.1,-58.33,no offer,Tenure: 3 months,Monthly bill: $19
0754-EEBDC,0.039,19.9,-58.33,no offer,Tenure: 4 months,Monthly bill: $20
7639-OPLNG,0.01,79.25,-58.34,no offer,Streaming TV: Yes,Multiple lines: Yes
6447-EGDIV,0.037,20.95,-58.34,no offer,Monthly bill: $21,Dependents: No
5512-IDZEI,0.031,24.9,-58.34,no offer,Payment method: Electronic check,Monthly bill: $25
1834-WULEG,0.038,20.25,-58.34,no offer,Tenure: 24 months,Monthly bill: $20
1494-EJZDW,0.038,20.15,-58.34,no offer,Tenure: 10 months,Monthly bill: $20
1051-EQPZR,0.039,19.6,-58.34,no offer,Contract type: Month-to-month,Monthly bill: $20
9030-QGZNL,0.037,20.85,-58.34,no offer,Tenure: 8 months,Monthly bill: $21
4584-LBNMK,0.031,24.7,-58.34,no offer,Monthly bill: $25,Senior citizen
3896-ZVNET,0.031,24.7,-58.35,no offer,Tenure: 24 months,Monthly bill: $25
0164-XAIRP,0.039,19.55,-58.35,no offer,Tenure: 24 months,Monthly bill: $20
5519-TEEUH,0.038,20.15,-58.36,no offer,Monthly bill: $20,Paperless billing: Yes
8873-TMKGR,0.04,19.1,-58.36,no offer,Monthly bill: $19,Tenure: 29 months
4915-BFSXL,0.011,68.95,-58.36,no offer,Streaming TV: Yes,Multiple lines: Yes
8510-BBWMU,0.038,19.75,-58.36,no offer,Monthly bill: $20,Paperless billing: Yes
6546-OPBBH,0.032,23.95,-58.36,no offer,Monthly bill: $24,Multiple lines: Yes
7305-ZWMAJ,0.037,20.7,-58.36,no offer,Monthly bill: $21,Tenure: 30 months
2587-YNLES,0.038,20.1,-58.37,no offer,Tenure: 6 months,Monthly bill: $20
8717-VCTXJ,0.039,19.55,-58.37,no offer,Monthly bill: $20,Paperless billing: Yes
3717-FDJFU,0.037,20.45,-58.37,no offer,Tenure: 5 months,Monthly bill: $20
3458-IDMFK,0.036,20.75,-58.37,no offer,Monthly bill: $21,Tenure: 25 months
5014-GSOUQ,0.038,19.95,-58.37,no offer,Tenure: 13 months,Monthly bill: $20
1333-PBMXB,0.03,24.75,-58.37,no offer,Monthly bill: $25,Multiple lines: Yes
5647-URDKA,0.038,19.7,-58.37,no offer,Tenure: 8 months,Monthly bill: $20
5871-DGTXZ,0.038,19.8,-58.37,no offer,Monthly bill: $20,Dependents: No
5135-RDDQL,0.015,50.65,-58.39,no offer,Tech support: No,Paperless billing: Yes
6374-AFWOX,0.011,65.65,-58.39,no offer,DeviceProtection: Yes,Dependents: No
5495-GPSRW,0.038,19.7,-58.4,no offer,Tenure: 20 months,Monthly bill: $20
6072-NUQCB,0.037,20.25,-58.4,no offer,Tenure: 22 months,Monthly bill: $20
4750-UKWJK,0.038,19.6,-58.4,no offer,Monthly bill: $20,Senior citizen
0254-WWRKD,0.015,50.55,-58.41,no offer,Online security: No,Tech support: No
6723-CEGQI,0.016,45.25,-58.41,no offer,PhoneService: No,Streaming TV: Yes
3078-ZKNTS,0.037,19.75,-58.41,no offer,Tenure: 13 months,Monthly bill: $20
3500-NSDOA,0.01,70.8,-58.41,no offer,Streaming movies: Yes,Online security: No
1093-YSWCA,0.038,19.55,-58.41,no offer,Tenure: 11 months,Monthly bill: $20
8512-WIWYV,0.036,20.35,-58.42,no offer,Monthly bill: $20,Dependents: No
2017-CCBLH,0.037,20.0,-58.42,no offer,Tenure: 8 months,Monthly bill: $20
9424-CMPOG,0.037,19.6,-58.44,no offer,Tenure: 9 months,Monthly bill: $20
7596-IIWYC,0.036,20.25,-58.45,no offer,Monthly bill: $20,Tenure: 27 months
7061-OVMIM,0.037,19.55,-58.45,no offer,Monthly bill: $20,Tenure: 30 months
0440-EKDCF,0.012,60.15,-58.45,no offer,Online security: No,Paperless billing: Yes
6772-WFQRD,0.035,20.4,-58.45,no offer,Monthly bill: $20,Paperless billing: Yes
0769-MURVM,0.011,65.7,-58.45,no offer,PhoneService: No,Streaming movies: Yes
5795-BKOYE,0.012,59.1,-58.45,no offer,Online security: No,DeviceProtection: Yes
5614-DNZCE,0.011,64.9,-58.46,no offer,Paperless billing: Yes,DeviceProtection: Yes
6223-DHJGV,0.035,20.65,-58.46,no offer,Monthly bill: $21,Paperless billing: Yes
4674-HGNUA,0.008,89.9,-58.46,no offer,Streaming movies: Yes,Streaming TV: Yes
8515-OCTJS,0.029,24.75,-58.47,no offer,Tenure: 25 months,Monthly bill: $25
7632-YUTXB,0.035,20.05,-58.47,no offer,Monthly bill: $20,Tenure: 25 months
8990-YOZLV,0.011,66.9,-58.47,no offer,Multiple lines: Yes,Paperless billing: Yes
8884-FEEWR,0.034,20.6,-58.47,no offer,Monthly bill: $21,Dependents: No
4452-ROHMO,0.036,19.6,-58.47,no offer,Tenure: 15 months,Monthly bill: $20
5914-GXMDA,0.037,19.3,-58.47,no offer,Monthly bill: $19,Dependents: No
5915-ANOEI,0.009,79.15,-58.47,no offer,Streaming TV: Yes,Multiple lines: Yes
9281-CEDRU,0.011,64.1,-58.48,no offer,Streaming TV: Yes,Online security: No
0885-HMGPY,0.01,69.4,-58.48,no offer,Multiple lines: Yes,DeviceProtection: Yes
2235-EZAIK,0.009,79.2,-58.48,no offer,Streaming TV: Yes,Multiple lines: Yes
6368-TZZDT,0.036,19.5,-58.48,no offer,Tenure: 4 months,Monthly bill: $20
3389-KTRXV,0.029,23.85,-58.48,no offer,Tenure: 23 months,Monthly bill: $24
2650-GYRYL,0.036,19.45,-58.49,no offer,Monthly bill: $19,Paperless billing: Yes
2808-CHTDM,0.028,25.1,-58.49,no offer,Tenure: 23 months,Monthly bill: $25
4194-FJARJ,0.012,60.0,-58.49,no offer,Multiple lines: Yes,OnlineBackup: No
8148-WOCMK,0.036,19.6,-58.49,no offer,Tenure: 8 months,Monthly bill: $20
3721-WKIIL,0.036,19.6,-58.5,no offer,Monthly bill: $20,Tenure: 27 months
5457-COLHT,0.009,80.65,-58.5,no offer,Streaming movies: Yes,Streaming TV: Yes
0057-QBUQH,0.028,25.1,-58.5,no offer,Payment method: Electronic check,Monthly bill: $25
0973-KYVNF,0.01,70.65,-58.5,no offer,Streaming TV: Yes,Tech support: No
9755-JHNMN,0.01,67.4,-58.5,no offer,DeviceProtection: Yes,Dependents: No
6828-HMKWP,0.033,21.05,-58.51,no offer,Tenure: 12 months,Monthly bill: $21
3460-TJBWI,0.028,24.2,-58.51,no offer,Tenure: 24 months,Monthly bill: $24
6164-HAQTX,0.013,53.95,-58.51,no offer,PhoneService: No,Streaming TV: Yes
1328-EUZHC,0.034,20.1,-58.51,no offer,Tenure: 18 months,Monthly bill: $20
7951-QKZPL,0.028,24.5,-58.52,no offer,Monthly bill: $24,Multiple lines: Yes
4980-URKXC,0.033,20.85,-58.52,no offer,Monthly bill: $21,Dependents: No
1535-VTJOQ,0.027,25.15,-58.52,no offer,Tenure: 24 months,Monthly bill: $25
7998-WNZEM,0.008,80.6,-58.52,no offer,Streaming movies: Yes,Multiple lines: Yes
8143-ETQTI,0.035,19.65,-58.52,no offer,Tenure: 23 months,Monthly bill: $20
3935-TBRZZ,0.027,25.7,-58.53,no offer,Monthly bill: $26,Multiple lines: Yes
5338-YHWYT,0.011,61.45,-58.53,no offer,DeviceProtection: No,Monthly bill: $61
0064-SUDOG,0.034,20.3,-58.53,no offer,Tenure: 12 months,Monthly bill: $20
4526-EXKKN,0.028,24.6,-58.53,no offer,Monthly bill: $25,Multiple lines: Yes
4597-ELFTS,0.027,24.9,-58.53,no offer,Payment method: Electronic check,Monthly bill: $25
5924-SNGKP,0.033,20.25,-58.54,no offer,Monthly bill: $20,Paperless billing: Yes
3525-DVKFN,0.035,19.4,-58.54,no offer,Tenure: 17 months,Monthly bill: $19
2005-DWQZJ,0.035,19.05,-58.54,no offer,Tenure: 8 months,Monthly bill: $19
1459-QNFQT,0.011,59.5,-58.54,no offer,PhoneService: No,Streaming movies: Yes
3950-VPYJB,0.011,59.6,-58.54,no offer,DeviceProtection: No,Monthly bill: $60
5063-IUOKK,0.034,19.75,-58.54,no offer,Tenure: 13 months,Monthly bill: $20
5181-OABFK,0.011,61.3,-58.55,no offer,Tech support: No,Paperless billing: Yes
6625-IUTTT,0.01,65.55,-58.55,no offer,Streaming movies: Yes,Tech support: No
1245-HARPS,0.033,20.4,-58.55,no offer,Tenure: 14 months,Monthly bill: $20
4538-WNTMJ,0.027,24.95,-58.55,no offer,Monthly bill: $25,Multiple lines: Yes
4213-HKBJO,0.026,25.7,-58.56,no offer,Monthly bill: $26,Multiple lines: Yes
6365-HITVU,0.008,87.25,-58.56,no offer,Streaming movies: Yes,Streaming TV: Yes
9227-UAQFT,0.034,19.75,-58.56,no offer,Tenure: 16 months,Monthly bill: $20
8098-TDCBU,0.026,25.25,-58.56,no offer,Payment method: Electronic check,Monthly bill: $25
0988-AADSA,0.008,80.85,-58.57,no offer,Streaming movies: Yes,Multiple lines: Yes
2324-AALNO,0.027,24.55,-58.57,no offer,Monthly bill: $25,Multiple lines: Yes
2878-DHMIN,0.033,19.9,-58.57,no offer,Monthly bill: $20,Payment method: Electronic check
6614-YOLAC,0.011,58.65,-58.58,no offer,PhoneService: No,Streaming movies: Yes
2812-REYAT,0.033,20.05,-58.58,no offer,Monthly bill: $20,Paperless billing: Yes
5115-GZDEL,0.01,67.2,-58.58,no offer,PhoneService: No,Streaming movies: Yes
7722-VJRQD,0.011,60.95,-58.58,no offer,PhoneService: No,Streaming movies: Yes
8046-DNVTL,0.017,38.6,-58.59,no offer,PhoneService: No,Monthly bill: $39
3352-RICWQ,0.033,19.75,-58.59,no offer,Tenure: 9 months,Monthly bill: $20
9509-MPYOD,0.031,20.75,-58.59,no offer,Monthly bill: $21,Dependents: No
9824-QCJPK,0.033,20.0,-58.59,no offer,Monthly bill: $20,Dependents: No
3889-VWBID,0.008,82.85,-58.59,no offer,Streaming movies: Yes,Streaming TV: Yes
5196-WPYOW,0.011,60.05,-58.59,no offer,DeviceProtection: No,Monthly bill: $60
0343-QLUZP,0.017,39.6,-58.59,no offer,PhoneService: No,Tech support: No
8205-VSLRB,0.008,77.3,-58.6,no offer,Streaming movies: Yes,Multiple lines: Yes
1354-YZFNB,0.033,19.55,-58.6,no offer,Tenure: 4 months,Monthly bill: $20
1716-LSAMB,0.012,54.65,-58.6,no offer,OnlineBackup: No,Monthly bill: $55
5176-OLSKT,0.01,66.9,-58.6,no offer,Multiple lines: Yes,Tech support: No
0784-GTUUK,0.027,23.75,-58.6,no offer,Monthly bill: $24,Multiple lines: Yes
2251-PYLPB,0.008,79.55,-58.6,no offer,Streaming movies: Yes,Multiple lines: Yes
9066-QRSDU,0.025,26.3,-58.6,no offer,Payment method: Electronic check,Monthly bill: $26
5993-JSUWV,0.011,61.15,-58.61,no offer,Tech support: No,Paperless billing: Yes
0336-PIKEI,0.009,74.4,-58.61,no offer,Streaming TV: Yes,Senior citizen
6563-VRERX,0.031,20.6,-58.62,no offer,Monthly bill: $21,Partner: Yes
3067-SVMTC,0.011,55.9,-58.62,no offer,OnlineBackup: No,Monthly bill: $56
2332-TODQS,0.025,25.05,-58.62,no offer,Monthly bill: $25,Multiple lines: Yes
7274-CGTOD,0.015,43.7,-58.62,no offer,PhoneService: No,Paperless billing: Yes
4102-HLENU,0.01,65.65,-58.63,no offer,Multiple lines: Yes,Tech support: No
0854-UYHZD,0.032,19.55,-58.63,no offer,Tenure: 13 months,Monthly bill: $20
0129-QMPDR,0.031,20.5,-58.63,no offer,Monthly bill: $20,Paperless billing: Yes
5451-MHQOF,0.026,24.45,-58.63,no offer,Monthly bill: $24,Multiple lines: Yes
3266-FTKHB,0.032,19.15,-58.66,no offer,Tenure: 17 months,Monthly bill: $19
3470-OBUET,0.008,74.0,-58.67,no offer,Streaming TV: Yes,Multiple lines: Yes
3533-UVMOM,0.009,70.95,-58.67,no offer,Streaming movies: Yes,Tech support: No
8780-YRMTT,0.013,47.4,-58.67,no offer,PhoneService: No,Paperless billing: Yes
7898-PDWQE,0.008,80.4,-58.68,no offer,Streaming movies: Yes,Multiple lines: Yes
4962-CHQPW,0.031,19.85,-58.68,no offer,Monthly bill: $20,Tenure: 29 months
0848-SOMKO,0.013,48.4,-58.68,no offer,PhoneService: No,Streaming movies: Yes
5846-NEQVZ,0.009,70.85,-58.68,no offer,Streaming movies: Yes,Paperless billing: Yes
9063-ZGTUY,0.031,19.4,-58.68,no offer,Contract type: Month-to-month,Monthly bill: $19
2333-KWEWW,0.031,20.05,-58.68,no offer,Tenure: 18 months,Monthly bill: $20
5781-RFZRP,0.008,73.5,-58.68,no offer,Streaming TV: Yes,Multiple lines: Yes
0902-RFHOF,0.03,20.1,-58.69,no offer,Monthly bill: $20,Dependents: No
2882-WDTBA,0.008,75.75,-58.69,no offer,Streaming TV: Yes,Paperless billing: Yes
7277-KAMWT,0.03,20.0,-58.69,no offer,Tenure: 13 months,Monthly bill: $20
7162-WPHPM,0.008,71.6,-58.69,no offer,Multiple lines: Yes,DeviceProtection: Yes
6199-IPCAO,0.023,26.1,-58.69,no offer,Monthly bill: $26,Multiple lines: Yes
3865-ZFZIB,0.031,19.65,-58.7,no offer,Tenure: 19 months,Monthly bill: $20
0731-EBJQB,0.029,20.4,-58.7,no offer,Monthly bill: $20,Payment method: Electronic check
1403-LKLIK,0.03,20.1,-58.7,no offer,Monthly bill: $20,gender: Female
7297-DVYGA,0.03,19.85,-58.7,no offer,Monthly bill: $20,Paperless billing: Yes
4900-MSOMT,0.008,80.2,-58.7,no offer,Streaming TV: Yes,Multiple lines: Yes
3071-MVJCD,0.007,82.3,-58.7,no offer,Streaming TV: Yes,Multiple lines: Yes
5148-HKFIR,0.031,19.7,-58.7,no offer,Tenure: 20 months,Monthly bill: $20
7963-SHNDT,0.015,39.1,-58.7,no offer,PhoneService: No,Monthly bill: $39
7469-LKBCI,0.032,18.95,-58.7,no offer,Tenure: 16 months,Monthly bill: $19
1676-MQAOA,0.008,75.1,-58.7,no offer,Streaming TV: Yes,Paperless billing: Yes
0071-NDAFP,0.023,25.5,-58.71,no offer,Tenure: 25 months,Monthly bill: $26
1843-TLSGD,0.029,20.85,-58.71,no offer,Tenure: 13 months,Monthly bill: $21
7340-KEFQE,0.017,34.2,-58.71,no offer,PhoneService: No,Monthly bill: $34
3486-NPGST,0.03,19.55,-58.71,no offer,Monthly bill: $20,Dependents: No
6897-RWMUB,0.009,68.05,-58.71,no offer,Paperless billing: Yes,DeviceProtection: Yes
7599-NTMDP,0.012,48.7,-58.71,no offer,PhoneService: No,Streaming TV: Yes
0219-QAERP,0.03,19.8,-58.71,no offer,Monthly bill: $20,Tenure: 30 months
1116-FRYVH,0.015,39.4,-58.72,no offer,PhoneService: No,Monthly bill: $39
6997-UVGOX,0.007,85.45,-58.72,no offer,Streaming movies: Yes,Streaming TV: Yes
0019-GFNTW,0.013,45.05,-58.72,no offer,PhoneService: No,Monthly bill: $45
8859-AXJZP,0.025,23.8,-58.72,no offer,Monthly bill: $24,Multiple lines: Yes
5380-XPJNZ,0.029,20.05,-58.73,no offer,Monthly bill: $20,Dependents: No
5322-ZSMZY,0.023,25.75,-58.73,no offer,Monthly bill: $26,Multiple lines: Yes
5622-UEJFI,0.023,25.4,-58.73,no offer,Monthly bill: $25,Multiple lines: Yes
5442-PPTJY,0.03,19.7,-58.73,no offer,Tenure: 12 months,Monthly bill: $20
5849-ASHZJ,0.029,20.05,-58.73,no offer,Monthly bill: $20,Tenure: 27 months
6283-GITPX,0.008,76.9,-58.73,no offer,Streaming TV: Yes,Paperless billing: Yes
0562-KBDVM,0.013,44.6,-58.73,no offer,PhoneService: No,Paperless billing: Yes
9481-WHGWY,0.008,75.35,-58.74,no offer,Streaming movies: Yes,Streaming TV: Yes
8450-LUGUK,0.024,24.1,-58.74,no offer,Monthly bill: $24,Multiple lines: Yes
1934-MKPXS,0.029,20.1,-58.74,no offer,Monthly bill: $20,Partner: Yes
3251-YMVWZ,0.024,24.05,-58.74,no offer,Monthly bill: $24,Multiple lines: Yes
7473-ZBDSN,0.031,18.8,-58.74,no offer,Tenure: 14 months,Monthly bill: $19
8008-OTEZX,0.03,19.65,-58.74,no offer,Monthly bill: $20,gender: Female
1755-FZQEC,0.029,19.9,-58.75,no offer,Monthly bill: $20,Dependents: No
7921-BEPCI,0.01,59.75,-58.75,no offer,Multiple lines: Yes,Tech support: No
8590-OHDIW,0.029,20.3,-58.75,no offer,Monthly bill: $20,gender: Female
1757-TCATG,0.029,20.05,-58.75,no offer,Monthly bill: $20,Partner: Yes
5158-RIVOP,0.028,20.9,-58.75,no offer,Tenure: 11 months,Monthly bill: $21
5803-NQJZO,0.009,67.8,-58.75,no offer,Multiple lines: Yes,Paperless billing: Yes
6348-SNFUS,0.01,55.45,-58.75,no offer,PhoneService: No,Streaming movies: Yes
1699-TLDLZ,0.029,19.7,-58.75,no offer,Tenure: 16 months,Monthly bill: $20
0486-LGCCH,0.029,19.65,-58.75,no offer,Tenure: 11 months,Monthly bill: $20
3521-HTQTV,0.022,26.1,-58.76,no offer,Monthly bill: $26,Multiple lines: Yes
6479-VDGRK,0.007,85.3,-58.76,no offer,Streaming movies: Yes,Streaming TV: Yes
2954-PIBKO,0.009,64.15,-58.76,no offer,Multiple lines: Yes,Paperless billing: Yes
3913-FCUUW,0.008,70.45,-58.76,no offer,Multiple lines: Yes,Paperless billing: Yes
2162-FRZAA,0.015,39.35,-58.76,no offer,PhoneService: No,Online security: No
3486-HOOGQ,0.007,79.7,-58.77,no offer,Streaming TV: Yes,Multiple lines: Yes
5177-RVZNU,0.028,20.3,-58.77,no offer,Monthly bill: $20,gender: Female
8242-PDSGJ,0.015,39.15,-58.77,no offer,PhoneService: No,Monthly bill: $39
2969-VAPYH,0.009,60.5,-58.78,no offer,Dependents: No,DeviceProtection: No
2266-FUBDZ,0.029,19.35,-58.78,no offer,Tenure: 15 months,Monthly bill: $19
4012-YCFAI,0.009,61.35,-58.79,no offer,Paperless billing: Yes,Dependents: No
8338-QIUNR,0.008,66.5,-58.79,no offer,Multiple lines: Yes,Paperless billing: Yes
4573-JKNAE,0.029,19.35,-58.79,no offer,Tenure: 12 months,Monthly bill: $19
3280-NMUVX,0.029,19.6,-58.79,no offer,Monthly bill: $20,Partner: Yes
1970-KKFWL,0.024,23.3,-58.8,no offer,Monthly bill: $23,Multiple lines: Yes
6048-NJXHX,0.028,19.75,-58.8,no offer,Monthly bill: $20,Payment method: Electronic check
4893-GYUJU,0.029,19.35,-58.81,no offer,Monthly bill: $19,Paperless billing: Yes
9769-TSBZE,0.008,66.0,-58.82,no offer,Payment method: Electronic check,Multiple lines: Yes
9114-DPSIA,0.007,81.0,-58.82,no offer,Streaming movies: Yes,Multiple lines: Yes
8292-ITGYJ,0.022,24.65,-58.82,no offer,Monthly bill: $25,Multiple lines: Yes
5249-QYHEX,0.022,24.8,-58.82,no offer,Monthly bill: $25,Multiple lines: Yes
5859-HZYLF,0.029,19.15,-58.82,no offer,Monthly bill: $19,Tenure: 26 months
8327-WKMIE,0.027,20.15,-58.82,no offer,Monthly bill: $20,Dependents: No
4992-LTJNE,0.01,55.3,-58.82,no offer,Multiple lines: Yes,Tech support: No
6384-VMJHP,0.007,73.0,-58.83,no offer,Streaming movies: Yes,Paperless billing: Yes
7190-XHTWJ,0.028,19.3,-58.83,no offer,Monthly bill: $19,Dependents: No
1395-WSWXR,0.026,20.75,-58.83,no offer,Tenure: 24 months,Monthly bill: $21
7328-OWMOM,0.027,20.1,-58.83,no offer,Monthly bill: $20,Tenure: 31 months
9945-PSVIP,0.029,18.7,-58.83,no offer,Monthly bill: $19,Tenure: 25 months
9361-YNQWJ,0.022,24.4,-58.83,no offer,Monthly bill: $24,Multiple lines: Yes
4804-NCPET,0.027,20.2,-58.84,no offer,Tenure: 19 months,Monthly bill: $20
1089-XZWHH,0.027,19.7,-58.84,no offer,Tenure: 24 months,Monthly bill: $20
7596-ZYWBB,0.009,59.6,-58.85,no offer,Paperless billing: Yes,Dependents: No
7306-YDSOI,0.009,59.75,-58.85,no offer,Tech support: No,Paperless billing: Yes
1686-STUHN,0.027,19.8,-58.85,no offer,Monthly bill: $20,Dependents: No
6696-YDAYZ,0.026,20.5,-58.86,no offer,Tenure: 16 months,Monthly bill: $20
5010-IPEAQ,0.01,54.2,-58.86,no offer,PhoneService: No,Streaming TV: Yes
0562-FGDCR,0.007,74.55,-58.86,no offer,Streaming TV: Yes,Multiple lines: Yes
3948-KXDUF,0.008,68.75,-58.87,no offer,Multiple lines: Yes,DeviceProtection: Yes
9091-WTUUY,0.008,69.25,-58.87,no offer,Streaming TV: Yes,OnlineBackup: No
8067-NIOYM,0.025,21.1,-58.87,no offer,Tenure: 24 months,Monthly bill: $21
1223-UNPKS,0.026,20.05,-58.88,no offer,Tenure: 20 months,Monthly bill: $20
5696-EXCYS,0.027,19.45,-58.88,no offer,Tenure: 17 months,Monthly bill: $19
5067-WJEUN,0.01,54.2,-58.88,no offer,Tech support: No,Paperless billing: Yes
7860-KSUGX,0.008,64.45,-58.88,no offer,Multiple lines: Yes,Tech support: No
3429-IFLEM,0.007,77.35,-58.88,no offer,Streaming TV: Yes,DeviceProtection: Yes
7799-LGRDP,0.02,25.7,-58.88,no offer,Monthly bill: $26,Multiple lines: Yes
2511-ALLCS,0.021,24.3,-58.89,no offer,Monthly bill: $24,Multiple lines: Yes
0969-RGKCU,0.026,19.8,-58.89,no offer,Monthly bill: $20,Partner: Yes
0559-CKHUS,0.026,19.55,-58.89,no offer,Monthly bill: $20,Paperless billing: Yes
4703-MQYKT,0.026,19.6,-58.9,no offer,Tenure: 21 months,Monthly bill: $20
1814-WFGVS,0.01,48.9,-58.91,no offer,PhoneService: No,Streaming TV: Yes
3653-NCRDJ,0.026,19.2,-58.91,no offer,Monthly bill: $19,Paperless billing: Yes
4896-CPRPF,0.02,25.45,-58.91,no offer,Monthly bill: $25,Multiple lines: Yes
3200-MNQTF,0.007,70.9,-58.91,no offer,Multiple lines: Yes,DeviceProtection: Yes
6695-FRVEC,0.008,60.4,-58.91,no offer,Paperless billing: Yes,OnlineBackup: No
9447-YPTBX,0.025,19.85,-58.91,no offer,Monthly bill: $20,Paperless billing: Yes
0301-KOBTQ,0.025,20.05,-58.92,no offer,Monthly bill: $20,Paperless billing: Yes
0788-DXBFY,0.026,19.55,-58.92,no offer,Monthly bill: $20,Payment method: Electronic check
4872-JCVCA,0.01,47.6,-58.92,no offer,PhoneService: No,Paperless billing: Yes
3399-BMLVW,0.008,60.5,-58.93,no offer,DeviceProtection: No,Monthly bill: $60
9993-LHIEB,0.007,67.85,-58.93,no offer,Streaming movies: Yes,OnlineBackup: No
8587-XYZSF,0.01,50.55,-58.93,no offer,Online security: No,OnlineBackup: No
1552-CZCLL,0.024,20.0,-58.95,no offer,Contract type: Month-to-month,Monthly bill: $20
4121-AGSIN,0.02,24.5,-58.95,no offer,Monthly bill: $24,Multiple lines: Yes
6974-DAFLI,0.024,19.7,-58.96,no offer,Monthly bill: $20,Payment method: Electronic check
4940-KHCWD,0.013,37.7,-58.96,no offer,PhoneService: No,Monthly bill: $38
5095-ETBRJ,0.008,56.8,-58.96,no offer,Dependents: No,Monthly bill: $57
2314-TNDJQ,0.009,55.65,-58.96,no offer,PhoneService: No,Streaming movies: Yes
5986-WWXDV,0.025,19.35,-58.97,no offer,Monthly bill: $19,Partner: No
7471-WNSUF,0.02,24.15,-58.97,no offer,Monthly bill: $24,Multiple lines: Yes
7815-PDTHL,0.024,20.2,-58.97,no offer,Monthly bill: $20,Paperless billing: Yes
8999-EXMNO,0.024,20.15,-58.97,no offer,Tenure: 19 months,Monthly bill: $20
9372-TXXPS,0.008,59.85,-58.97,no offer,Dependents: No,DeviceProtection: No
9548-LERKT,0.024,19.75,-58.98,no offer,Tenure: 24 months,Monthly bill: $20
9950-MTGYX,0.023,20.3,-58.98,no offer,Monthly bill: $20,Tenure: 28 months
3795-GWTRD,0.006,75.55,-58.98,no offer,Streaming TV: Yes,DeviceProtection: Yes
3512-IZIKN,0.007,65.3,-58.99,no offer,Multiple lines: Yes,OnlineBackup: No
5266-PFRQK,0.022,20.85,-58.99,no offer,Monthly bill: $21,Paperless billing: Yes
4163-HFTUK,0.024,19.1,-58.99,no offer,Monthly bill: $19,Payment method: Electronic check
9805-FILKB,0.023,20.2,-58.99,no offer,Monthly bill: $20,Paperless billing: Yes
4335-UPJSI,0.024,19.75,-58.99,no offer,Tenure: 24 months,Monthly bill: $20
1635-HDGFT,0.023,20.5,-58.99,no offer,Tenure: 19 months,Monthly bill: $20
4884-LEVMQ,0.023,20.45,-59.0,no offer,Monthly bill: $20,Paperless billing: Yes
7216-KAOID,0.024,19.5,-59.0,no offer,Monthly bill: $20,Partner: Yes
8966-KZXXA,0.018,25.1,-59.0,no offer,Monthly bill: $25,Multiple lines: Yes
4518-FZBSX,0.023,20.25,-59.0,no offer,Monthly bill: $20,Partner: Yes
2892-GESUL,0.024,19.35,-59.01,no offer,Tenure: 18 months,Monthly bill: $19
3079-BCHLN,0.023,19.9,-59.01,no offer,Monthly bill: $20,Dependents: No
1266-NZYUI,0.007,66.85,-59.02,no offer,Multiple lines: Yes,OnlineBackup: No
2077-DDHJK,0.006,70.9,-59.02,no offer,Multiple lines: Yes,DeviceProtection: Yes
2346-CZYIL,0.022,20.35,-59.02,no offer,Monthly bill: $20,Tenure: 27 months
5227-JSCFE,0.01,46.35,-59.03,no offer,PhoneService: No,Senior citizen
8874-EJNSR,0.018,25.2,-59.03,no offer,Monthly bill: $25,Multiple lines: Yes
8592-PLTMQ,0.018,24.7,-59.04,no offer,Monthly bill: $25,Multiple lines: Yes
8148-NLEGT,0.019,22.95,-59.04,no offer,Monthly bill: $23,Payment method: Electronic check
0526-SXDJP,0.011,42.1,-59.04,no offer,PhoneService: No,Tech support: No
9067-SQTNS,0.021,20.6,-59.05,no offer,Monthly bill: $21,Partner: Yes
3284-SVCRO,0.017,25.5,-59.05,no offer,Monthly bill: $26,Multiple lines: Yes
3884-UEBXB,0.012,36.15,-59.06,no offer,PhoneService: No,Tech support: No
2122-SZZZD,0.022,19.5,-59.06,no offer,Monthly bill: $20,Dependents: No
3400-ESFUW,0.008,57.55,-59.06,no offer,Monthly bill: $58,DeviceProtection: No
5542-NKVRU,0.021,20.75,-59.06,no offer,Monthly bill: $21,Paperless billing: Yes
3978-YNKDD,0.021,20.85,-59.06,no offer,Tenure: 19 months,Monthly bill: $21
7860-UXCRM,0.006,74.5,-59.06,no offer,Streaming TV: Yes,DeviceProtection: Yes
7139-JZFVG,0.007,60.5,-59.06,no offer,Tech support: No,DeviceProtection: Yes
1269-FOYWN,0.022,20.0,-59.06,no offer,Monthly bill: $20,Partner: Yes
8234-GSZYK,0.016,26.45,-59.07,no offer,Monthly bill: $26,Multiple lines: Yes
7977-HXJKU,0.022,19.6,-59.07,no offer,Tenure: 21 months,Monthly bill: $20
0229-LFJAF,0.006,69.65,-59.07,no offer,Multiple lines: Yes,DeviceProtection: Yes
4609-KNNWG,0.022,19.9,-59.07,no offer,Monthly bill: $20,Tenure: 27 months
5208-FVQKB,0.006,67.95,-59.08,no offer,Streaming movies: Yes,Dependents: No
5124-EOGYE,0.021,20.45,-59.08,no offer,Monthly bill: $20,Dependents: No
0827-ITJPH,0.023,18.55,-59.08,no offer,Monthly bill: $19,Paperless billing: Yes
8039-ACLPL,0.006,68.75,-59.08,no offer,Streaming movies: Yes,Tech support: No
6923-AQONU,0.02,20.9,-59.08,no offer,Tenure: 23 months,Monthly bill: $21
6253-GNHWH,0.006,71.1,-59.08,no offer,Multiple lines: Yes,DeviceProtection: Yes
6087-YPWHO,0.006,68.15,-59.08,no offer,Multiple lines: Yes,DeviceProtection: Yes
3957-SQXML,0.017,24.95,-59.08,no offer,Monthly bill: $25,Multiple lines: Yes
0270-THENM,0.006,69.85,-59.08,no offer,Multiple lines: Yes,DeviceProtection: Yes
2589-AYCRP,0.022,19.75,-59.08,no offer,Monthly bill: $20,Dependents: No
6813-GZQCG,0.017,24.65,-59.09,no offer,Monthly bill: $25,Multiple lines: Yes
4955-VCWBI,0.021,20.0,-59.1,no offer,Monthly bill: $20,gender: Female
8859-YSTWS,0.021,19.95,-59.1,no offer,Monthly bill: $20,Dependents: No
3070-FNFZQ,0.02,20.4,-59.1,no offer,Tenure: 23 months,Monthly bill: $20
5774-QPLTF,0.02,20.35,-59.1,no offer,Monthly bill: $20,Paperless billing: Yes
0839-QNXME,0.021,19.4,-59.11,no offer,Monthly bill: $19,Tenure: 30 months
9798-OPFEM,0.02,21.1,-59.11,no offer,Monthly bill: $21,Payment method: Electronic check
7205-BAIAD,0.02,20.6,-59.11,no offer,Monthly bill: $21,Paperless billing: Yes
3472-QPRCH,0.016,25.25,-59.12,no offer,Monthly bill: $25,Multiple lines: Yes
1627-AFWVJ,0.021,19.4,-59.12,no offer,Monthly bill: $19,Tenure: 29 months
6925-BAYGL,0.016,25.1,-59.12,no offer,Monthly bill: $25,Senior citizen
0531-XBKMM,0.006,65.7,-59.12,no offer,Multiple lines: Yes,DeviceProtection: No
1985-MBRYP,0.021,19.65,-59.12,no offer,Monthly bill: $20,Paperless billing: Yes
9499-XPZXM,0.006,64.75,-59.12,no offer,Multiple lines: Yes,Dependents: No
0048-PIHNL,0.02,20.45,-59.13,no offer,Monthly bill: $20,Dependents: No
4487-ZYJZK,0.021,19.6,-59.13,no offer,Monthly bill: $20,gender: Female
8219-VYBVI,0.016,25.0,-59.13,no offer,Monthly bill: $25,Multiple lines: Yes
8042-RNLKO,0.016,25.45,-59.13,no offer,Monthly bill: $25,Multiple lines: Yes
3572-UUHRS,0.021,18.85,-59.13,no offer,Monthly bill: $19,Dependents: No
6532-YLWSI,0.019,20.8,-59.14,no offer,Monthly bill: $21,Dependents: No
8902-ZEOVF,0.02,20.05,-59.14,no offer,Monthly bill: $20,Partner: Yes
3373-DIUUN,0.019,21.25,-59.14,no offer,Monthly bill: $21,Tenure: 30 months
9602-WCXPI,0.02,20.15,-59.14,no offer,Monthly bill: $20,Dependents: No
7267-FRMJW,0.02,20.1,-59.14,no offer,Monthly bill: $20,Tenure: 25 months
5231-FIQPA,0.02,19.85,-59.15,no offer,Monthly bill: $20,Paperless billing: Yes
8859-DZTGQ,0.019,20.35,-59.15,no offer,Monthly bill: $20,Dependents: No
8173-RXAYP,0.02,19.7,-59.15,no offer,Tenure: 24 months,Monthly bill: $20
7552-KEYGT,0.02,19.55,-59.15,no offer,Monthly bill: $20,Tenure: 27 months
1599-EAHXY,0.016,23.95,-59.15,no offer,Monthly bill: $24,Multiple lines: Yes
6922-NCEDI,0.019,21.2,-59.15,no offer,Monthly bill: $21,Paperless billing: Yes
7945-PRBVF,0.018,21.45,-59.16,no offer,Monthly bill: $21,Dependents: No
5171-EPLKN,0.02,19.85,-59.16,no offer,Monthly bill: $20,Tenure: 27 months
2176-OSJUV,0.006,65.15,-59.16,no offer,Multiple lines: Yes,Dependents: No
1839-FBNFR,0.02,19.85,-59.16,no offer,Monthly bill: $20,Paperless billing: Yes
5356-KZCKT,0.016,24.45,-59.17,no offer,Monthly bill: $24,Multiple lines: Yes
9392-XBGTD,0.019,20.6,-59.17,no offer,Monthly bill: $21,Tenure: 27 months
4521-WFJAI,0.015,25.95,-59.17,no offer,Monthly bill: $26,Multiple lines: Yes
2662-NNTDK,0.016,24.8,-59.17,no offer,Monthly bill: $25,Multiple lines: Yes
5201-CBWYG,0.015,24.8,-59.17,no offer,Monthly bill: $25,Multiple lines: Yes
5642-MHDQT,0.019,19.85,-59.17,no offer,Monthly bill: $20,Paperless billing: Yes
8430-TWCBX,0.019,20.7,-59.17,no offer,Monthly bill: $21,Dependents: No
2560-QTSBS,0.016,23.3,-59.18,no offer,Monthly bill: $23,Multiple lines: Yes
7601-DHFWZ,0.016,24.0,-59.18,no offer,Monthly bill: $24,Multiple lines: Yes
5044-XDPYX,0.015,25.5,-59.18,no offer,Monthly bill: $26,Multiple lines: Yes
4737-AQCPU,0.005,72.1,-59.18,no offer,Multiple lines: Yes,DeviceProtection: Yes
9385-EHGDO,0.019,19.85,-59.18,no offer,Monthly bill: $20,Paperless billing: Yes
2805-AUFQN,0.019,19.8,-59.18,no offer,Monthly bill: $20,Tenure: 25 months
4825-FUREZ,0.019,20.25,-59.19,no offer,Monthly bill: $20,Payment method: Electronic check
6980-CDGFC,0.018,20.85,-59.19,no offer,Monthly bill: $21,Paperless billing: Yes
7169-YWAMK,0.005,68.4,-59.19,no offer,Streaming TV: Yes,DeviceProtection: No
5472-CVMDX,0.01,38.9,-59.19,no offer,PhoneService: No,Monthly bill: $39
8174-LNWMW,0.018,20.9,-59.19,no offer,Monthly bill: $21,Dependents: No
6265-FRMTQ,0.018,20.4,-59.19,no offer,Monthly bill: $20,Dependents: No
8191-XWSZG,0.018,20.65,-59.19,no offer,Monthly bill: $21,Dependents: No
9359-JANWS,0.006,58.9,-59.19,no offer,OnlineBackup: No,DeviceProtection: Yes
9220-CXRSC,0.006,61.4,-59.2,no offer,Multiple lines: Yes,OnlineBackup: No
5995-LFTLE,0.015,25.3,-59.2,no offer,Monthly bill: $25,Multiple lines: Yes
9620-QJREV,0.018,20.55,-59.2,no offer,Monthly bill: $21,Partner: No
0354-VXMJC,0.019,19.6,-59.2,no offer,Tenure: 23 months,Monthly bill: $20
2908-WGAXL,0.015,24.95,-59.21,no offer,Monthly bill: $25,Multiple lines: Yes
3727-OVPRY,0.014,25.7,-59.21,no offer,Monthly bill: $26,Multiple lines: Yes
2263-SFSQZ,0.015,24.95,-59.21,no offer,Monthly bill: $25,Multiple lines: Yes
7073-QETQY,0.018,20.35,-59.22,no offer,Monthly bill: $20,Payment method: Electronic check
0732-OCQOC,0.014,25.05,-59.22,no offer,Monthly bill: $25,Multiple lines: Yes
4335-BSMJS,0.014,25.8,-59.22,no offer,Monthly bill: $26,Multiple lines: Yes
4774-HHGGS,0.019,19.05,-59.23,no offer,Monthly bill: $19,Tenure: 30 months
9795-SHUHB,0.006,58.2,-59.23,no offer,Paperless billing: Yes,Monthly bill: $58
2384-OVPSA,0.018,20.2,-59.23,no offer,Monthly bill: $20,Senior citizen
9650-VBUOG,0.014,25.05,-59.23,no offer,Monthly bill: $25,Multiple lines: Yes
9451-WLYRI,0.019,19.05,-59.23,no offer,Monthly bill: $19,Dependents: No
2821-WARNZ,0.018,19.45,-59.24,no offer,Monthly bill: $19,gender: Female
3719-TDVQB,0.019,18.95,-59.24,no offer,Monthly bill: $19,Senior citizen
6292-TOSSS,0.014,24.9,-59.24,no offer,Monthly bill: $25,Multiple lines: Yes
8577-QSOCG,0.017,20.2,-59.24,no offer,Monthly bill: $20,Paperless billing: Yes
7321-KKSDU,0.017,20.5,-59.25,no offer,Monthly bill: $20,Tenure: 32 months
6096-EGVTU,0.014,24.9,-59.25,no offer,Monthly bill: $25,Multiple lines: Yes
9418-RUKPH,0.017,19.95,-59.25,no offer,Monthly bill: $20,Paperless billing: Yes
5075-JSDKI,0.014,24.45,-59.25,no offer,Monthly bill: $24,Payment method: Electronic check
2253-KPMNB,0.008,46.25,-59.25,no offer,PhoneService: No,Monthly bill: $46
2208-NKVVH,0.014,24.25,-59.25,no offer,Monthly bill: $24,Multiple lines: Yes
7113-HIPFI,0.005,65.85,-59.26,no offer,DeviceProtection: Yes,OnlineBackup: Yes
0318-ZOPWS,0.017,20.15,-59.26,no offer,Monthly bill: $20,Paperless billing: Yes
9668-PUGNU,0.014,24.5,-59.26,no offer,Monthly bill: $24,Payment method: Electronic check
4652-ODEVH,0.014,24.45,-59.26,no offer,Monthly bill: $24,Multiple lines: Yes
9786-YWNHU,0.005,63.55,-59.26,no offer,DeviceProtection: Yes,gender: Female
7560-QRBXH,0.017,19.95,-59.26,no offer,Monthly bill: $20,gender: Female
2300-RQGOI,0.017,20.05,-59.27,no offer,Monthly bill: $20,Dependents: No
0625-AFOHS,0.017,20.2,-59.27,no offer,Monthly bill: $20,Tenure: 29 months
5310-NOOVA,0.017,19.95,-59.27,no offer,Monthly bill: $20,Payment method: Electronic check
8249-THVEC,0.017,19.4,-59.28,no offer,Monthly bill: $19,Partner: Yes
2888-ADFAO,0.016,21.3,-59.28,no offer,Monthly bill: $21,Paperless billing: Yes
3769-MHZNV,0.017,20.1,-59.28,no offer,Monthly bill: $20,gender: Female
9585-KKMFD,0.017,20.0,-59.28,no offer,Monthly bill: $20,Paperless billing: Yes
9710-NJERN,0.016,20.15,-59.29,no offer,Monthly bill: $20,Dependents: No
6407-GSJNL,0.013,24.95,-59.29,no offer,Monthly bill: $25,Multiple lines: Yes
0621-TSSMU,0.016,19.95,-59.29,no offer,Monthly bill: $20,Dependents: No
9067-YGSCA,0.013,26.05,-59.29,no offer,Monthly bill: $26,Multiple lines: Yes
1270-XKUCC,0.017,19.7,-59.29,no offer,Monthly bill: $20,Tenure: 30 months
7850-THJMU,0.017,19.65,-59.29,no offer,Monthly bill: $20,Tenure: 26 months
5480-XTFFL,0.016,21.0,-59.29,no offer,Monthly bill: $21,Tenure: 31 months
2796-NNUFI,0.016,19.95,-59.3,no offer,Monthly bill: $20,Paperless billing: Yes
5968-HYJRZ,0.013,24.55,-59.3,no offer,Monthly bill: $25,Multiple lines: Yes
9732-OUYRN,0.017,19.0,-59.3,no offer,Monthly bill: $19,Dependents: No
2452-MRMZF,0.013,25.7,-59.3,no offer,Monthly bill: $26,Senior citizen
4635-EJYPD,0.017,18.95,-59.3,no offer,Monthly bill: $19,Tenure: 32 months
1240-HCBOH,0.012,26.1,-59.31,no offer,Monthly bill: $26,Multiple lines: Yes
7872-BAAZR,0.016,19.55,-59.31,no offer,Monthly bill: $20,gender: Female
5006-MXVRN,0.015,20.7,-59.31,no offer,Monthly bill: $21,Dependents: No
6169-PPETC,0.016,20.5,-59.31,no offer,Monthly bill: $20,Partner: Yes
4641-FROLU,0.016,19.3,-59.31,no offer,Monthly bill: $19,Tenure: 30 months
5699-BNCAS,0.013,24.65,-59.31,no offer,Monthly bill: $25,Senior citizen
9593-CVZKR,0.013,24.45,-59.32,no offer,Monthly bill: $24,Multiple lines: Yes
3120-FAZKD,0.013,24.05,-59.32,no offer,Monthly bill: $24,Multiple lines: Yes
0582-AVCLN,0.015,20.3,-59.32,no offer,Monthly bill: $20,Dependents: No
2595-KIWPV,0.016,19.7,-59.32,no offer,Monthly bill: $20,Tenure: 27 months
6080-LNESI,0.013,24.75,-59.32,no offer,Monthly bill: $25,Multiple lines: Yes
5605-XNWEN,0.013,25.0,-59.32,no offer,Monthly bill: $25,Senior citizen
8882-TLVRW,0.008,39.1,-59.32,no offer,PhoneService: No,Monthly bill: $39
8441-SHIPE,0.012,25.6,-59.33,no offer,Monthly bill: $26,Multiple lines: Yes
3511-BFTJW,0.008,38.5,-59.33,no offer,PhoneService: No,Tech support: No
8626-XHBIE,0.013,24.8,-59.33,no offer,Monthly bill: $25,Multiple lines: Yes
9624-EGDEQ,0.016,19.8,-59.33,no offer,Monthly bill: $20,Dependents: No
1043-YCUTE,0.012,25.15,-59.33,no offer,Monthly bill: $25,Multiple lines: Yes
9631-RXVJM,0.016,19.25,-59.33,no offer,Monthly bill: $19,Dependents: No
4933-BSAIP,0.016,19.1,-59.33,no offer,Monthly bill: $19,Dependents: No
2428-HYUNX,0.016,19.35,-59.33,no offer,Monthly bill: $19,Senior citizen
7399-QHBJS,0.005,66.75,-59.34,no offer,Multiple lines: Yes,DeviceProtection: No
4644-OBGFZ,0.016,19.5,-59.34,no offer,Monthly bill: $20,Partner: Yes
3580-GICBM,0.013,24.2,-59.34,no offer,Monthly bill: $24,Multiple lines: Yes
5549-ZGHFB,0.012,24.95,-59.34,no offer,Monthly bill: $25,Multiple lines: Yes
3712-PKXZA,0.015,20.55,-59.34,no offer,Monthly bill: $21,Paperless billing: Yes
3785-KTYSH,0.012,24.6,-59.34,no offer,Monthly bill: $25,Multiple lines: Yes
9661-JALZV,0.012,24.7,-59.34,no offer,Monthly bill: $25,Multiple lines: Yes
0442-TDYUO,0.015,20.05,-59.34,no offer,Monthly bill: $20,Paperless billing: Yes
7601-GNDYK,0.015,19.6,-59.34,no offer,Monthly bill: $20,Partner: Yes
6770-UAYGJ,0.012,25.25,-59.35,no offer,Monthly bill: $25,Multiple lines: Yes
0052-YNYOT,0.015,20.55,-59.35,no offer,Monthly bill: $21,Payment method: Electronic check
6614-YWYSC,0.012,25.0,-59.35,no offer,Monthly bill: $25,Senior citizen
9503-XJUME,0.015,19.65,-59.35,no offer,Monthly bill: $20,Partner: No
1087-GRUYI,0.015,20.4,-59.35,no offer,Monthly bill: $20,Dependents: No
4779-ZGICK,0.013,23.55,-59.35,no offer,Monthly bill: $24,Multiple lines: Yes
2642-MAWLJ,0.015,20.25,-59.35,no offer,Monthly bill: $20,gender: Female
1074-WVEVG,0.015,20.35,-59.35,no offer,Monthly bill: $20,Dependents: No
3097-FQTVJ,0.015,20.0,-59.35,no offer,Monthly bill: $20,Dependents: No
5845-BZZIB,0.015,20.1,-59.36,no offer,Monthly bill: $20,Partner: Yes
6000-UKLWI,0.015,20.15,-59.36,no offer,Monthly bill: $20,Dependents: No
1073-XXCZD,0.012,25.7,-59.36,no offer,Monthly bill: $26,Multiple lines: Yes
5176-LMJXE,0.014,20.55,-59.36,no offer,Monthly bill: $21,Paperless billing: Yes
5939-SXWHM,0.011,26.3,-59.37,no offer,Monthly bill: $26,Multiple lines: Yes
4735-BJKOU,0.014,20.15,-59.37,no offer,Monthly bill: $20,Dependents: No
5324-KTGCG,0.014,20.85,-59.37,no offer,Monthly bill: $21,Payment method: Electronic check
9286-BHDQG,0.006,45.25,-59.37,no offer,PhoneService: No,Monthly bill: $45
8532-UEFWH,0.011,25.75,-59.37,no offer,Monthly bill: $26,Multiple lines: Yes
8402-OOOHJ,0.014,20.65,-59.38,no offer,Monthly bill: $21,Dependents: No
8807-OPMBM,0.011,25.65,-59.38,no offer,Monthly bill: $26,Multiple lines: Yes
5296-BFCYD,0.014,20.1,-59.38,no offer,Monthly bill: $20,Paperless billing: Yes
6551-VLJMV,0.014,20.05,-59.38,no offer,Monthly bill: $20,Dependents: No
8917-FAEMR,0.014,19.85,-59.39,no offer,Monthly bill: $20,Dependents: No
6051-PTVNS,0.015,19.15,-59.39,no offer,Monthly bill: $19,gender: Female
8069-RHUXK,0.008,35.7,-59.39,no offer,PhoneService: No,Monthly bill: $36
2208-MPXIO,0.014,20.0,-59.39,no offer,Monthly bill: $20,Paperless billing: Yes
7688-AWMDX,0.005,54.5,-59.39,no offer,OnlineBackup: No,Monthly bill: $54
1080-BWSYE,0.011,25.65,-59.39,no offer,Monthly bill: $26,Senior citizen
8241-JUIQO,0.015,19.45,-59.39,no offer,Monthly bill: $19,Dependents: No
6729-FZWSY,0.014,19.45,-59.39,no offer,Monthly bill: $19,Paperless billing: Yes
2799-TSLAG,0.011,25.3,-59.4,no offer,Monthly bill: $25,Multiple lines: Yes
0463-TXOAK,0.011,25.6,-59.4,no offer,Monthly bill: $26,Multiple lines: Yes
8028-PNXHQ,0.011,24.25,-59.4,no offer,Monthly bill: $24,Multiple lines: Yes
9639-BUJXT,0.014,20.5,-59.4,no offer,Monthly bill: $20,Dependents: No
5666-MBJPT,0.011,25.1,-59.4,no offer,Monthly bill: $25,Multiple lines: Yes
8590-YFFQO,0.004,64.95,-59.4,no offer,DeviceProtection: Yes,Dependents: No
9170-ARBTB,0.014,19.6,-59.4,no offer,Monthly bill: $20,gender: Female
7009-PCARS,0.015,19.1,-59.4,no offer,Monthly bill: $19,Partner: No
2207-RYYRL,0.011,24.55,-59.41,no offer,Monthly bill: $25,Multiple lines: Yes
8619-IJNDK,0.004,64.05,-59.41,no offer,DeviceProtection: Yes,gender: Female
0506-YLVKJ,0.014,20.2,-59.41,no offer,Monthly bill: $20,Paperless billing: Yes
6725-TPKJO,0.013,20.05,-59.42,no offer,Monthly bill: $20,Dependents: No
1722-LDZJS,0.013,20.2,-59.42,no offer,Monthly bill: $20,Partner: Yes
1852-QSWCD,0.011,24.8,-59.42,no offer,Monthly bill: $25,Multiple lines: Yes
3148-AOIQT,0.011,24.95,-59.42,no offer,Monthly bill: $25,Multiple lines: Yes
4018-PPNDW,0.011,24.1,-59.42,no offer,Monthly bill: $24,Multiple lines: Yes
4475-NVTLU,0.014,19.2,-59.42,no offer,Monthly bill: $19,Payment method: Electronic check
1468-DEFNC,0.011,24.4,-59.43,no offer,Monthly bill: $24,Senior citizen
0608-JDVEC,0.013,19.8,-59.43,no offer,Monthly bill: $20,Payment method: Electronic check
3088-FVYWK,0.01,25.55,-59.43,no offer,Monthly bill: $26,Multiple lines: Yes
2961-VNFKL,0.01,25.95,-59.43,no offer,Monthly bill: $26,Multiple lines: Yes
2729-VNVAP,0.013,19.8,-59.43,no offer,Monthly bill: $20,gender: Female
3563-SVYLG,0.004,62.65,-59.43,no offer,DeviceProtection: Yes,Monthly bill: $63
7696-CFTAT,0.013,19.8,-59.43,no offer,Monthly bill: $20,Partner: Yes
4302-ZYFEL,0.013,20.55,-59.44,no offer,Monthly bill: $21,Paperless billing: Yes
3612-YVGSJ,0.011,24.45,-59.44,no offer,Monthly bill: $24,Multiple lines: Yes
9964-WBQDJ,0.011,24.4,-59.44,no offer,Monthly bill: $24,Multiple lines: Yes
1207-BLKSA,0.011,23.05,-59.44,no offer,Monthly bill: $23,Multiple lines: Yes
7608-RGIRO,0.011,24.4,-59.44,no offer,Monthly bill: $24,Multiple lines: Yes
1241-EZFMJ,0.01,25.45,-59.44,no offer,Monthly bill: $25,Multiple lines: Yes
9588-YRFHY,0.013,19.9,-59.45,no offer,Monthly bill: $20,Paperless billing: Yes
0206-OYVOC,0.013,19.25,-59.45,no offer,Monthly bill: $19,Paperless billing: Yes
7996-MHXLW,0.01,25.15,-59.45,no offer,Monthly bill: $25,Multiple lines: Yes
4625-LAMOB,0.013,20.4,-59.45,no offer,Monthly bill: $20,Dependents: No
0362-RAOQO,0.013,19.65,-59.45,no offer,Monthly bill: $20,Dependents: No
5465-BUBFA,0.013,19.3,-59.45,no offer,Monthly bill: $19,gender: Female
7008-LZVOZ,0.01,25.3,-59.46,no offer,Monthly bill: $25,Multiple lines: Yes
0626-QXNGV,0.01,24.15,-59.46,no offer,Monthly bill: $24,Multiple lines: Yes
8215-NGSPE,0.012,20.0,-59.47,no offer,Monthly bill: $20,gender: Female
6961-MJKBO,0.012,20.45,-59.47,no offer,Monthly bill: $20,Dependents: No
6248-BSHKG,0.012,20.4,-59.47,no offer,Monthly bill: $20,Partner: Yes
8207-VVMYB,0.009,26.0,-59.47,no offer,Monthly bill: $26,Multiple lines: Yes
2068-WWXQZ,0.012,20.05,-59.47,no offer,Monthly bill: $20,Dependents: No
4878-BUNFV,0.012,20.7,-59.47,no offer,Monthly bill: $21,Partner: Yes
1248-DYXUB,0.01,24.8,-59.47,no offer,Monthly bill: $25,Multiple lines: Yes
5982-XMDEX,0.009,26.5,-59.47,no offer,Monthly bill: $26,Multiple lines: Yes
0936-NQLJU,0.012,20.65,-59.47,no offer,Monthly bill: $21,Dependents: No
3451-VAWLI,0.012,19.7,-59.47,no offer,Monthly bill: $20,gender: Female
8395-ETZKQ,0.013,19.5,-59.47,no offer,Monthly bill: $20,Senior citizen
1047-RNXZV,0.012,19.55,-59.47,no offer,Monthly bill: $20,Dependents: No
1106-HRLKZ,0.013,19.6,-59.47,no offer,Monthly bill: $20,Partner: Yes
2481-SBOYW,0.01,25.0,-59.47,no offer,Monthly bill: $25,Multiple lines: Yes
7480-SPLEF,0.009,26.0,-59.48,no offer,Monthly bill: $26,Multiple lines: Yes
7647-GYYKX,0.012,20.35,-59.48,no offer,Monthly bill: $20,Paperless billing: Yes
2143-LJULT,0.01,25.25,-59.48,no offer,Monthly bill: $25,Multiple lines: Yes
4458-KVRBJ,0.01,25.0,-59.48,no offer,Monthly bill: $25,Multiple lines: Yes
5804-JMYIO,0.012,19.75,-59.48,no offer,Monthly bill: $20,gender: Female
7014-ZZXAW,0.01,24.25,-59.48,no offer,Monthly bill: $24,Multiple lines: Yes
7503-EPSZW,0.01,24.05,-59.48,no offer,Monthly bill: $24,Multiple lines: Yes
2560-WBWXF,0.01,24.15,-59.48,no offer,Monthly bill: $24,Multiple lines: Yes
6479-SZPLM,0.012,19.45,-59.49,no offer,Monthly bill: $19,Partner: Yes
5406-KGRMX,0.01,24.55,-59.49,no offer,Monthly bill: $25,Payment method: Electronic check
4636-TVXVG,0.012,19.95,-59.49,no offer,Monthly bill: $20,Partner: Yes
2632-TACXW,0.01,23.65,-59.49,no offer,Monthly bill: $24,Multiple lines: Yes
5220-AGAAX,0.01,24.0,-59.49,no offer,Monthly bill: $24,Multiple lines: Yes
5093-FEGLU,0.012,19.65,-59.49,no offer,Monthly bill: $20,Dependents: No
3662-FXJFO,0.011,20.5,-59.49,no offer,Monthly bill: $20,Paperless billing: Yes
4785-FCIFB,0.01,24.4,-59.49,no offer,Monthly bill: $24,Multiple lines: Yes
5296-PSYVW,0.01,24.55,-59.49,no offer,Monthly bill: $25,Payment method: Electronic check
4299-OPXEJ,0.012,19.55,-59.5,no offer,Monthly bill: $20,Paperless billing: Yes
1813-JLKWR,0.012,19.8,-59.5,no offer,Monthly bill: $20,gender: Female
6139-ZZRBQ,0.012,20.05,-59.5,no offer,Monthly bill: $20,Senior citizen
9087-EYCPR,0.009,25.0,-59.5,no offer,Monthly bill: $25,Multiple lines: Yes
4534-WGCIR,0.009,25.15,-59.5,no offer,Monthly bill: $25,Multiple lines: Yes
4979-HPRFL,0.01,24.15,-59.5,no offer,Monthly bill: $24,Multiple lines: Yes
8896-RAZCR,0.012,19.9,-59.5,no offer,Monthly bill: $20,gender: Female
9068-FHQHD,0.011,20.15,-59.51,no offer,Monthly bill: $20,gender: Female
1619-YWUBB,0.009,24.95,-59.51,no offer,Monthly bill: $25,Multiple lines: Yes
6917-FIJHC,0.009,26.0,-59.51,no offer,Monthly bill: $26,Multiple lines: Yes
8361-LBRDI,0.009,24.35,-59.51,no offer,Monthly bill: $24,Multiple lines: Yes
1705-GUHPV,0.009,24.2,-59.51,no offer,Monthly bill: $24,Multiple lines: Yes
5016-LIPDW,0.012,19.4,-59.51,no offer,Monthly bill: $19,Partner: Yes
9938-PRCVK,0.011,19.7,-59.52,no offer,Monthly bill: $20,gender: Female
3764-MNMOI,0.012,19.2,-59.52,no offer,Monthly bill: $19,Dependents: No
8922-NPKBJ,0.012,19.35,-59.52,no offer,Monthly bill: $19,Partner: Yes
4807-IZYOZ,0.011,20.65,-59.52,no offer,Monthly bill: $21,Dependents: No
1231-YNDEK,0.012,19.15,-59.52,no offer,Monthly bill: $19,Paperless billing: Yes
3967-VQOGC,0.009,24.9,-59.52,no offer,Monthly bill: $25,Multiple lines: Yes
3027-YNWZU,0.009,25.0,-59.52,no offer,Monthly bill: $25,Multiple lines: Yes
0795-XCCTE,0.009,25.4,-59.52,no offer,Monthly bill: $25,Senior citizen
6370-ZVHDV,0.009,25.3,-59.52,no offer,Monthly bill: $25,Multiple lines: Yes
5242-UOWHD,0.011,20.35,-59.53,no offer,Monthly bill: $20,Partner: Yes
4565-NLZBV,0.009,24.65,-59.53,no offer,Monthly bill: $25,Multiple lines: Yes
3212-KXOCR,0.01,21.0,-59.53,no offer,Monthly bill: $21,Dependents: No
0386-CWRGM,0.011,19.4,-59.53,no offer,Monthly bill: $19,gender: Female
9916-AYHTC,0.011,19.85,-59.53,no offer,Monthly bill: $20,Dependents: No
1635-NZATJ,0.009,25.45,-59.53,no offer,Monthly bill: $25,Senior citizen
1926-QUZNN,0.009,25.25,-59.53,no offer,Monthly bill: $25,Multiple lines: Yes
0603-TPMIB,0.008,25.45,-59.53,no offer,Monthly bill: $25,Multiple lines: Yes
4176-RELJR,0.008,25.1,-59.54,no offer,Monthly bill: $25,Senior citizen
1215-EXRMO,0.01,20.55,-59.54,no offer,Monthly bill: $21,Dependents: No
9953-ZMKSM,0.008,25.25,-59.54,no offer,Monthly bill: $25,Multiple lines: Yes
0508-SQWPL,0.011,20.1,-59.54,no offer,Monthly bill: $20,Paperless billing: Yes
7416-CKTEP,0.011,19.6,-59.54,no offer,Monthly bill: $20,Paperless billing: Yes
5115-SQAAU,0.008,25.6,-59.54,no offer,Monthly bill: $26,Multiple lines: Yes
3836-FZSDJ,0.009,24.85,-59.54,no offer,Monthly bill: $25,Senior citizen
0932-YIXYU,0.01,20.25,-59.55,no offer,Monthly bill: $20,Dependents: No
5529-GIBVH,0.01,20.15,-59.55,no offer,Monthly bill: $20,Dependents: No
2817-LVCPP,0.011,19.4,-59.55,no offer,Monthly bill: $19,Dependents: No
1085-LDWAM,0.01,20.35,-59.55,no offer,Monthly bill: $20,Paperless billing: Yes
1820-DJFPH,0.009,24.05,-59.55,no offer,Monthly bill: $24,Multiple lines: Yes
3913-RDSJZ,0.008,25.55,-59.55,no offer,Monthly bill: $26,Multiple lines: Yes
6024-RUGGH,0.008,25.2,-59.55,no offer,Monthly bill: $25,Multiple lines: Yes
5334-AFQJB,0.008,25.1,-59.55,no offer,Monthly bill: $25,Senior citizen
4742-TXUEX,0.011,19.3,-59.55,no offer,Monthly bill: $19,gender: Female
3873-WOSBC,0.008,25.6,-59.56,no offer,Monthly bill: $26,Multiple lines: Yes
6134-KWTBV,0.009,23.4,-59.56,no offer,Monthly bill: $23,Multiple lines: Yes
4698-KVLLG,0.01,19.6,-59.56,no offer,Monthly bill: $20,Senior citizen
2228-BZDEE,0.01,20.1,-59.56,no offer,Monthly bill: $20,Dependents: No
9646-NMHXE,0.01,19.65,-59.56,no offer,Monthly bill: $20,Dependents: No
6619-RPLQZ,0.01,20.85,-59.56,no offer,Monthly bill: $21,gender: Female
3696-DFHHB,0.008,25.5,-59.56,no offer,Monthly bill: $26,Multiple lines: Yes
1131-QQZEB,0.009,23.95,-59.56,no offer,Monthly bill: $24,Senior citizen
6425-JWTDV,0.011,19.25,-59.56,no offer,Monthly bill: $19,Dependents: No
3118-UHVVQ,0.008,25.8,-59.56,no offer,Monthly bill: $26,Multiple lines: Yes
9337-SRRNI,0.008,25.3,-59.56,no offer,Monthly bill: $25,Multiple lines: Yes
2097-YVPKN,0.008,25.75,-59.56,no offer,Monthly bill: $26,Multiple lines: Yes
1862-QRWPE,0.01,20.65,-59.56,no offer,Monthly bill: $21,gender: Female
3170-NMYVV,0.01,20.15,-59.57,no offer,Monthly bill: $20,gender: Female
6518-PPLMZ,0.01,19.4,-59.57,no offer,Monthly bill: $19,Paperless billing: Yes
8701-DGLVH,0.01,20.45,-59.57,no offer,Monthly bill: $20,Dependents: No
9975-GPKZU,0.01,19.75,-59.57,no offer,Monthly bill: $20,Partner: Yes
1955-IBMMB,0.01,20.2,-59.57,no offer,Monthly bill: $20,Paperless billing: Yes
7033-CLAMM,0.01,20.2,-59.57,no offer,Monthly bill: $20,gender: Female
6485-QXWWE,0.008,26.0,-59.57,no offer,Monthly bill: $26,Multiple lines: Yes
0281-CNTZX,0.01,19.95,-59.57,no offer,Monthly bill: $20,Paperless billing: Yes
4361-FEBGN,0.01,20.15,-59.58,no offer,Monthly bill: $20,Dependents: No
1767-CJKBA,0.008,25.1,-59.58,no offer,Monthly bill: $25,Multiple lines: Yes
2696-RZVZW,0.008,25.05,-59.58,no offer,Monthly bill: $25,Multiple lines: Yes
5970-GHJAW,0.01,19.95,-59.58,no offer,Monthly bill: $20,Partner: Yes
6734-PSBAW,0.008,23.55,-59.58,no offer,Monthly bill: $24,Multiple lines: Yes
3635-QQRQD,0.01,20.05,-59.58,no offer,Monthly bill: $20,Paperless billing: Yes
7242-EDTYC,0.01,19.55,-59.58,no offer,Monthly bill: $20,Partner: No
3190-ITQXP,0.009,20.25,-59.59,no offer,Monthly bill: $20,gender: Female
6217-KDYWC,0.01,19.6,-59.59,no offer,Monthly bill: $20,Paperless billing: Yes
8540-ZQGEA,0.009,20.05,-59.59,no offer,Monthly bill: $20,Dependents: No
7706-YLMQA,0.01,19.7,-59.59,no offer,Monthly bill: $20,Dependents: No
8735-SDUFN,0.008,24.3,-59.59,no offer,Monthly bill: $24,Senior citizen
4625-XMOYM,0.007,26.25,-59.59,no offer,Monthly bill: $26,Multiple lines: Yes
1167-OYZJF,0.009,20.05,-59.59,no offer,Monthly bill: $20,Senior citizen
9430-NKQLY,0.008,25.1,-59.59,no offer,Monthly bill: $25,Multiple lines: Yes
9397-TZSHA,0.008,24.6,-59.59,no offer,Monthly bill: $25,Multiple lines: Yes
9173-IVZVP,0.009,20.9,-59.59,no offer,Monthly bill: $21,gender: Female
6484-LATFU,0.008,24.55,-59.59,no offer,Monthly bill: $25,Multiple lines: Yes
6010-DDPPW,0.008,25.15,-59.59,no offer,Monthly bill: $25,Multiple lines: Yes
3154-HMWUU,0.009,20.5,-59.59,no offer,Monthly bill: $20,Paperless billing: Yes
2072-ZVJJX,0.008,25.25,-59.59,no offer,Monthly bill: $25,Multiple lines: Yes
4231-LZUYM,0.007,25.65,-59.6,no offer,Monthly bill: $26,Multiple lines: Yes
3768-VHXQO,0.008,24.85,-59.6,no offer,Monthly bill: $25,Multiple lines: Yes
4443-EMBNA,0.008,24.75,-59.6,no offer,Monthly bill: $25,Multiple lines: Yes
5743-KHMNA,0.007,25.55,-59.61,no offer,Monthly bill: $26,Multiple lines: Yes
9251-AWQGT,0.009,20.0,-59.61,no offer,Monthly bill: $20,gender: Female
3359-DSRKA,0.009,19.85,-59.61,no offer,Monthly bill: $20,Paperless billing: Yes
1697-LYYYX,0.01,19.1,-59.61,no offer,Monthly bill: $19,gender: Female
8946-BFWSG,0.007,25.25,-59.61,no offer,Monthly bill: $25,Multiple lines: Yes
0971-QIFJK,0.007,24.25,-59.61,no offer,Monthly bill: $24,Multiple lines: Yes
1709-EJDOX,0.009,19.75,-59.61,no offer,Monthly bill: $20,gender: Female
1241-FPMOF,0.009,19.65,-59.61,no offer,Monthly bill: $20,Dependents: No
7096-ZNBZI,0.007,26.45,-59.61,no offer,Monthly bill: $26,Multiple lines: Yes
8838-GPHZP,0.009,20.6,-59.62,no offer,Monthly bill: $21,Paperless billing: Yes
4589-IUAJB,0.007,24.25,-59.62,no offer,Monthly bill: $24,Multiple lines: Yes
6625-FLENO,0.008,20.75,-59.62,no offer,Monthly bill: $21,Dependents: No
2230-XTUWL,0.009,19.55,-59.62,no offer,Monthly bill: $20,gender: Female
8774-GSBUN,0.007,25.4,-59.62,no offer,Monthly bill: $25,Multiple lines: Yes
4312-KFRXN,0.007,25.4,-59.62,no offer,Monthly bill: $25,Multiple lines: Yes
9084-OAYKL,0.008,20.8,-59.62,no offer,Monthly bill: $21,Dependents: No
0485-ZBSLN,0.007,24.75,-59.63,no offer,Monthly bill: $25,Multiple lines: Yes
2675-IJRGJ,0.009,19.65,-59.63,no offer,Monthly bill: $20,Dependents: No
9081-WWXKP,0.008,20.25,-59.63,no offer,Monthly bill: $20,gender: Female
7225-IILWY,0.007,25.75,-59.63,no offer,Monthly bill: $26,Multiple lines: Yes
9504-YAZWB,0.008,20.25,-59.63,no offer,Monthly bill: $20,Dependents: No
6685-XSHHU,0.008,20.95,-59.63,no offer,Monthly bill: $21,Paperless billing: Yes
2509-TFPJU,0.007,25.75,-59.63,no offer,Monthly bill: $26,Multiple lines: Yes
0780-XNZFN,0.008,20.65,-59.63,no offer,Monthly bill: $21,Dependents: No
3454-JFUBC,0.009,20.0,-59.63,no offer,Monthly bill: $20,Senior citizen
6762-NSODU,0.009,19.4,-59.63,no offer,Monthly bill: $19,gender: Female
6892-BOGQE,0.008,20.9,-59.64,no offer,Monthly bill: $21,Paperless billing: Yes
2050-ONYDQ,0.006,26.0,-59.64,no offer,Monthly bill: $26,Multiple lines: Yes
9574-BOSMD,0.007,25.4,-59.64,no offer,Monthly bill: $25,Multiple lines: Yes
9507-HSMMZ,0.008,20.0,-59.64,no offer,Monthly bill: $20,Dependents: No
8092-NLTGF,0.007,24.75,-59.64,no offer,Monthly bill: $25,Multiple lines: Yes
4656-CAURT,0.007,23.95,-59.64,no offer,Monthly bill: $24,Multiple lines: Yes
1657-DYMBM,0.008,19.9,-59.64,no offer,Monthly bill: $20,Dependents: No
4707-MAXGU,0.006,25.85,-59.64,no offer,Monthly bill: $26,Multiple lines: Yes
3970-XGJDU,0.009,19.2,-59.64,no offer,Monthly bill: $19,Paperless billing: Yes
7634-HLQJR,0.008,20.05,-59.64,no offer,Monthly bill: $20,gender: Female
8237-ULIXL,0.007,24.85,-59.64,no offer,Monthly bill: $25,Multiple lines: Yes
5846-ABOBJ,0.007,24.45,-59.64,no offer,Monthly bill: $24,Multiple lines: Yes
9565-AXSMR,0.008,19.2,-59.65,no offer,Monthly bill: $19,Partner: Yes
6857-TKDJV,0.007,24.65,-59.65,no offer,Monthly bill: $25,Multiple lines: Yes
8129-GMVGI,0.008,20.05,-59.65,no offer,Monthly bill: $20,gender: Female
1574-DYCWE,0.008,19.95,-59.65,no offer,Monthly bill: $20,gender: Female
6582-PLFUU,0.008,19.55,-59.65,no offer,Monthly bill: $20,Partner: Yes
6340-DACFT,0.008,20.55,-59.65,no offer,Monthly bill: $21,gender: Female
7493-GVFIO,0.008,20.55,-59.65,no offer,Monthly bill: $21,Dependents: No
2418-TPEUN,0.008,19.8,-59.65,no offer,Monthly bill: $20,Paperless billing: Yes
9153-BTBVV,0.006,25.0,-59.66,no offer,Monthly bill: $25,Multiple lines: Yes
4990-ALDGW,0.008,20.75,-59.66,no offer,Monthly bill: $21,Dependents: No
1299-AURJA,0.006,24.7,-59.66,no offer,Monthly bill: $25,Multiple lines: Yes
5854-KSRBJ,0.006,25.4,-59.66,no offer,Monthly bill: $25,Multiple lines: Yes
3261-CQXOL,0.006,25.45,-59.66,no offer,Monthly bill: $25,Multiple lines: Yes
5567-GZKQY,0.008,20.3,-59.66,no offer,Monthly bill: $20,Dependents: No
0621-CXBKL,0.008,18.7,-59.66,no offer,Monthly bill: $19,Dependents: No
3810-PJUHR,0.006,25.35,-59.66,no offer,Monthly bill: $25,Multiple lines: Yes
7161-DFHUF,0.007,23.85,-59.66,no offer,Monthly bill: $24,Multiple lines: Yes
1460-UZPRJ,0.008,19.95,-59.66,no offer,Monthly bill: $20,Dependents: No
2400-FEQME,0.008,20.5,-59.66,no offer,Monthly bill: $20,Partner: Yes
9814-AOUDH,0.008,19.5,-59.66,no offer,Monthly bill: $20,Dependents: No
7114-AEOZE,0.008,19.85,-59.66,no offer,Monthly bill: $20,Dependents: No
8780-IHCRN,0.006,24.65,-59.66,no offer,Monthly bill: $25,Multiple lines: Yes
1306-RPWXZ,0.008,20.45,-59.66,no offer,Monthly bill: $20,gender: Female
7427-AUFPY,0.008,19.65,-59.67,no offer,Monthly bill: $20,Dependents: No
6651-RLGGM,0.006,26.3,-59.67,no offer,Monthly bill: $26,Multiple lines: Yes
9764-REAFF,0.008,18.4,-59.67,no offer,Monthly bill: $18,Dependents: No
7115-IRDHS,0.006,24.65,-59.67,no offer,Monthly bill: $25,Multiple lines: Yes
8957-THMOA,0.007,20.15,-59.67,no offer,Monthly bill: $20,gender: Female
6976-BWGLQ,0.006,25.2,-59.67,no offer,Monthly bill: $25,Multiple lines: Yes
3620-EHIMZ,0.008,19.35,-59.67,no offer,Monthly bill: $19,gender: Female
6349-JDHQP,0.008,19.85,-59.67,no offer,Monthly bill: $20,Dependents: No
7167-PCEYD,0.008,19.8,-59.67,no offer,Monthly bill: $20,Paperless billing: Yes
2169-RRLFW,0.006,25.6,-59.67,no offer,Monthly bill: $26,Multiple lines: Yes
9257-AZMTZ,0.008,20.1,-59.67,no offer,Monthly bill: $20,gender: Female
9371-BITHB,0.008,19.85,-59.67,no offer,Monthly bill: $20,gender: Female
8755-OGKNA,0.008,19.5,-59.67,no offer,Monthly bill: $20,gender: Female
8727-JQFHV,0.007,20.75,-59.68,no offer,Monthly bill: $21,Partner: Yes
7941-RCJOW,0.008,19.55,-59.68,no offer,Monthly bill: $20,Paperless billing: Yes
8464-EETCQ,0.008,18.8,-59.68,no offer,Monthly bill: $19,Dependents: No
5884-FBCTL,0.006,25.1,-59.68,no offer,Monthly bill: $25,Multiple lines: Yes
1987-AUELQ,0.006,25.05,-59.68,no offer,Monthly bill: $25,Multiple lines: Yes
5793-YOLJN,0.007,21.0,-59.68,no offer,Monthly bill: $21,gender: Female
0607-DAAHE,0.007,19.75,-59.68,no offer,Monthly bill: $20,Partner: No
5598-IKHQQ,0.006,25.45,-59.68,no offer,Monthly bill: $25,Multiple lines: Yes
7711-GQBZC,0.006,24.7,-59.68,no offer,Monthly bill: $25,Multiple lines: Yes
2007-QVGAW,0.008,19.35,-59.68,no offer,Monthly bill: $19,Paperless billing: Yes
0704-VCUMB,0.007,20.25,-59.68,no offer,Monthly bill: $20,Dependents: No
4195-PNGZS,0.006,24.45,-59.68,no offer,Monthly bill: $24,Multiple lines: Yes
9838-BFCQT,0.006,26.1,-59.68,no offer,Monthly bill: $26,Multiple lines: Yes
4836-WNFNO,0.006,25.0,-59.69,no offer,Monthly bill: $25,Multiple lines: Yes
5656-JAMLX,0.007,19.85,-59.69,no offer,Monthly bill: $20,Dependents: No
4193-IBKSW,0.006,24.75,-59.69,no offer,Monthly bill: $25,Multiple lines: Yes
2525-GVKQU,0.007,20.6,-59.69,no offer,Monthly bill: $21,Dependents: No
3973-SKMLN,0.007,19.9,-59.69,no offer,Monthly bill: $20,Paperless billing: Yes
3646-ITDGM,0.007,19.7,-59.69,no offer,Monthly bill: $20,Dependents: No
0374-FIUCA,0.007,20.4,-59.69,no offer,Monthly bill: $20,Paperless billing: Yes
8224-KDLKN,0.006,25.0,-59.69,no offer,Monthly bill: $25,Multiple lines: Yes
6963-KQYQB,0.006,24.05,-59.69,no offer,Monthly bill: $24,Multiple lines: Yes
7684-XSZIY,0.006,24.3,-59.69,no offer,Monthly bill: $24,Multiple lines: Yes
6323-AYBRX,0.007,19.35,-59.69,no offer,Monthly bill: $19,Dependents: No
2569-WGERO,0.007,21.15,-59.69,no offer,Monthly bill: $21,Paperless billing: Yes
5821-MMEIL,0.007,19.9,-59.69,no offer,Monthly bill: $20,Dependents: No
0394-YONDK,0.006,25.15,-59.69,no offer,Monthly bill: $25,Multiple lines: Yes
7293-LSCDV,0.008,19.25,-59.69,no offer,Monthly bill: $19,Paperless billing: Yes
8380-MQINP,0.007,20.3,-59.69,no offer,Monthly bill: $20,gender: Female
7643-RCHXS,0.007,19.35,-59.69,no offer,Monthly bill: $19,Payment method: Electronic check
0174-QRVVY,0.006,25.35,-59.69,no offer,Monthly bill: $25,Multiple lines: Yes
1555-HAPSU,0.006,23.9,-59.69,no offer,Monthly bill: $24,Multiple lines: Yes
8749-TZYEC,0.006,24.8,-59.7,no offer,Monthly bill: $25,Multiple lines: Yes
9135-HSWOC,0.007,19.7,-59.7,no offer,Monthly bill: $20,Paperless billing: Yes
0402-OAMEN,0.006,24.45,-59.7,no offer,Monthly bill: $24,Multiple lines: Yes
6181-AXXYF,0.006,24.75,-59.7,no offer,Monthly bill: $25,Multiple lines: Yes
0480-KYJVA,0.006,24.25,-59.7,no offer,Monthly bill: $24,Multiple lines: Yes
8544-JNBOX,0.007,20.8,-59.7,no offer,Monthly bill: $21,Paperless billing: Yes
7980-MHFLQ,0.006,24.9,-59.7,no offer,Monthly bill: $25,Multiple lines: Yes
3498-LZGQZ,0.007,19.15,-59.7,no offer,Monthly bill: $19,Paperless billing: Yes
1293-BSEUN,0.007,20.7,-59.7,no offer,Monthly bill: $21,Paperless billing: Yes
3777-XROBG,0.007,19.55,-59.7,no offer,Monthly bill: $20,gender: Female
2075-PUEPR,0.007,19.35,-59.7,no offer,Monthly bill: $19,Partner: Yes
7717-BICXI,0.007,20.55,-59.7,no offer,Monthly bill: $21,Partner: Yes
7729-XBTWX,0.007,19.75,-59.71,no offer,Monthly bill: $20,Paperless billing: Yes
3308-DGHKL,0.007,19.3,-59.71,no offer,Monthly bill: $19,Paperless billing: Yes
9500-WBGRP,0.007,19.1,-59.71,no offer,Monthly bill: $19,Paperless billing: Yes
8857-CUPFQ,0.007,19.25,-59.71,no offer,Monthly bill: $19,Dependents: No
7558-IMLMT,0.007,20.8,-59.71,no offer,Monthly bill: $21,Paperless billing: Yes
8711-LOBKY,0.007,19.85,-59.71,no offer,Monthly bill: $20,Partner: Yes
2900-PHPLN,0.007,19.55,-59.71,no offer,Monthly bill: $20,Senior citizen
3507-GASNP,0.007,19.95,-59.72,no offer,Monthly bill: $20,Partner: No
7010-BRBUU,0.005,24.1,-59.72,no offer,Monthly bill: $24,Multiple lines: Yes
9365-CSLBQ,0.005,24.35,-59.72,no offer,Monthly bill: $24,Multiple lines: Yes
8514-VZHEB,0.007,19.5,-59.72,no offer,Monthly bill: $20,Partner: Yes
8747-UDCOI,0.007,19.35,-59.73,no offer,Monthly bill: $19,Dependents: No
0040-HALCW,0.006,20.4,-59.73,no offer,Monthly bill: $20,Partner: Yes
2718-YSKCS,0.006,19.6,-59.73,no offer,Monthly bill: $20,Paperless billing: Yes
0962-CQPWQ,0.006,20.3,-59.73,no offer,Monthly bill: $20,gender: Female
3774-VBNXY,0.006,20.2,-59.73,no offer,Monthly bill: $20,gender: Female
1098-KFQEC,0.006,19.4,-59.73,no offer,Monthly bill: $19,gender: Female
8165-ZJRNM,0.005,23.75,-59.73,no offer,Monthly bill: $24,Multiple lines: Yes
2181-TIDSV,0.006,19.95,-59.73,no offer,Monthly bill: $20,Paperless billing: Yes
0397-ZXWQF,0.006,20.5,-59.73,no offer,Monthly bill: $20,Dependents: No
5848-FHRFC,0.006,20.05,-59.73,no offer,Monthly bill: $20,Dependents: No
1399-OUPJN,0.006,19.75,-59.73,no offer,Monthly bill: $20,gender: Female
8164-OCKUJ,0.006,20.6,-59.73,no offer,Monthly bill: $21,gender: Female
4821-WQOYN,0.006,20.1,-59.73,no offer,Monthly bill: $20,Paperless billing: Yes
9972-EWRJS,0.007,19.25,-59.73,no offer,Monthly bill: $19,Paperless billing: Yes
2346-LOCWC,0.006,20.5,-59.73,no offer,Monthly bill: $20,gender: Female
7268-WNTCP,0.006,20.45,-59.74,no offer,Monthly bill: $20,Partner: Yes
0847-HGRML,0.006,20.0,-59.74,no offer,Monthly bill: $20,Partner: No
8917-SZTTJ,0.006,19.65,-59.74,no offer,Monthly bill: $20,Partner: Yes
5146-YYFRZ,0.006,19.95,-59.74,no offer,Monthly bill: $20,Dependents: No
6855-VLGOS,0.006,20.55,-59.74,no offer,Monthly bill: $21,Payment method: Electronic check
5730-DBDSI,0.006,19.7,-59.74,no offer,Monthly bill: $20,Dependents: No
3457-PQBYH,0.006,20.3,-59.74,no offer,Monthly bill: $20,gender: Female
0613-WUXUM,0.006,19.2,-59.74,no offer,Monthly bill: $19,Paperless billing: Yes
7606-BPHHN,0.006,19.8,-59.74,no offer,Monthly bill: $20,Paperless billing: Yes
6734-JDTTV,0.006,19.85,-59.74,no offer,Monthly bill: $20,Paperless billing: Yes
1302-TPUBN,0.006,19.35,-59.74,no offer,Monthly bill: $19,Dependents: No
2236-HILPA,0.006,20.65,-59.74,no offer,Monthly bill: $21,Partner: Yes
8043-PNYSD,0.006,19.55,-59.75,no offer,Monthly bill: $20,Partner: Yes
6345-FZOQH,0.006,19.9,-59.75,no offer,Monthly bill: $20,Dependents: No
2146-EGVDT,0.006,19.3,-59.75,no offer,Monthly bill: $19,Partner: Yes
2616-FLVQC,0.006,19.55,-59.75,no offer,Monthly bill: $20,Dependents: No
6285-FTQBF,0.004,25.55,-59.75,no offer,Monthly bill: $26,Multiple lines: Yes
3274-NSDWE,0.006,19.6,-59.75,no offer,Monthly bill: $20,Dependents: No
7695-PKLCZ,0.006,20.5,-59.75,no offer,Monthly bill: $20,Dependents: No
5893-KCLGT,0.006,19.75,-59.76,no offer,Monthly bill: $20,Paperless billing: Yes
1945-XISKS,0.006,19.65,-59.76,no offer,Monthly bill: $20,Dependents: No
5902-WBLSE,0.006,20.15,-59.76,no offer,Monthly bill: $20,Paperless billing: Yes
0562-HKHML,0.005,23.9,-59.76,no offer,Monthly bill: $24,Multiple lines: Yes
7157-SMCFK,0.006,19.75,-59.76,no offer,Monthly bill: $20,Partner: No
7463-IFMQU,0.005,20.05,-59.76,no offer,Monthly bill: $20,Dependents: No
0505-SPOOW,0.006,19.8,-59.76,no offer,Monthly bill: $20,Dependents: No
7328-ZJAJO,0.006,19.5,-59.76,no offer,Monthly bill: $20,gender: Female
7515-LODFU,0.006,20.3,-59.76,no offer,Monthly bill: $20,Senior citizen
8347-GDTMP,0.006,19.45,-59.77,no offer,Monthly bill: $19,Dependents: No
6585-WCEWR,0.005,20.35,-59.77,no offer,Monthly bill: $20,Payment method: Electronic check
6848-HJTXY,0.005,19.45,-59.77,no offer,Monthly bill: $19,Dependents: No
6980-IMXXE,0.005,20.2,-59.77,no offer,Monthly bill: $20,gender: Female
2626-VEEWG,0.005,19.4,-59.77,no offer,Monthly bill: $19,Paperless billing: Yes
0825-CPPQH,0.005,19.1,-59.78,no offer,Monthly bill: $19,Dependents: No
2429-AYKKO,0.005,19.85,-59.78,no offer,Monthly bill: $20,Dependents: No
1591-XWLGB,0.005,19.85,-59.78,no offer,Monthly bill: $20,Dependents: No
6060-QBMGV,0.005,19.85,-59.78,no offer,Monthly bill: $20,Dependents: No
9625-RZFUK,0.005,19.7,-59.78,no offer,Monthly bill: $20,Partner: Yes
2545-LXYVJ,0.005,20.7,-59.78,no offer,Monthly bill: $21,Dependents: No
1830-IPXVJ,0.005,19.75,-59.78,no offer,Monthly bill: $20,gender: Female
3910-MRQOY,0.005,19.4,-59.78,no offer,Monthly bill: $19,Dependents: No
1927-QEWMY,0.005,20.5,-59.78,no offer,Monthly bill: $20,Dependents: No
2804-ETQDK,0.005,20.55,-59.79,no offer,Monthly bill: $21,Partner: No
7673-BQGKU,0.005,20.15,-59.79,no offer,Monthly bill: $20,gender: Female
7969-FFOWG,0.005,19.9,-59.79,no offer,Monthly bill: $20,Partner: Yes
5799-JRCZO,0.005,19.5,-59.79,no offer,Monthly bill: $20,gender: Female
7602-DBTOU,0.005,19.6,-59.79,no offer,Monthly bill: $20,Dependents: No
8434-VGEQQ,0.005,20.55,-59.79,no offer,Monthly bill: $21,Partner: Yes
8232-UTFOZ,0.005,19.95,-59.79,no offer,Monthly bill: $20,Dependents: No
3976-HXHCE,0.005,19.3,-59.79,no offer,Monthly bill: $19,Dependents: No
3678-MNGZX,0.005,19.95,-59.79,no offer,Monthly bill: $20,Partner: Yes
8966-SNIZF,0.005,19.45,-59.79,no offer,Monthly bill: $19,Dependents: No
1764-VUUMT,0.005,19.95,-59.79,no offer,Monthly bill: $20,Partner: No
9800-OUIGR,0.005,20.0,-59.79,no offer,Monthly bill: $20,Partner: Yes
6621-NRZAK,0.005,20.0,-59.79,no offer,Monthly bill: $20,gender: Female
7064-JHXCE,0.005,20.05,-59.8,no offer,Monthly bill: $20,Partner: Yes
0902-XKXPN,0.005,20.2,-59.8,no offer,Monthly bill: $20,Partner: Yes
8285-ABVLB,0.005,19.85,-59.8,no offer,Monthly bill: $20,Dependents: No
8229-BUJHX,0.005,20.5,-59.8,no offer,Monthly bill: $20,gender: Female
9537-JALFH,0.005,19.9,-59.8,no offer,Monthly bill: $20,Partner: Yes
7083-MIOPC,0.004,20.25,-59.81,no offer,Monthly bill: $20,Dependents: No
0831-JNISG,0.004,19.8,-59.81,no offer,Monthly bill: $20,Partner: Yes
6928-ONTRW,0.004,19.7,-59.81,no offer,Monthly bill: $20,gender: Female
0264-CNITK,0.004,20.1,-59.81,no offer,Monthly bill: $20,gender: Female
2607-DHDAK,0.005,19.8,-59.81,no offer,Monthly bill: $20,Paperless billing: Yes
3279-DYZQM,0.004,19.45,-59.81,no offer,Monthly bill: $19,Partner: Yes
4817-KEQSP,0.004,19.85,-59.81,no offer,Monthly bill: $20,gender: Female
0640-YJTPY,0.004,21.0,-59.81,no offer,Monthly bill: $21,Partner: Yes
4957-SREEC,0.004,20.35,-59.81,no offer,Monthly bill: $20,Partner: Yes
2984-RGEYA,0.004,19.75,-59.82,no offer,Monthly bill: $20,gender: Female
8750-QWZAJ,0.004,19.8,-59.82,no offer,Monthly bill: $20,gender: Female
0404-AHASP,0.004,19.7,-59.82,no offer,Monthly bill: $20,Dependents: No
0794-YVSGE,0.004,20.3,-59.82,no offer,Monthly bill: $20,Partner: Yes
0784-ZQJZX,0.004,19.9,-59.82,no offer,Monthly bill: $20,Partner: No
1403-GYAFU,0.004,20.05,-59.82,no offer,Monthly bill: $20,Partner: Yes
5346-BZCHP,0.004,19.4,-59.82,no offer,Monthly bill: $19,gender: Female
0042-RLHYP,0.004,19.7,-59.82,no offer,Monthly bill: $20,gender: Female
3996-ZNWYK,0.004,19.8,-59.82,no offer,Monthly bill: $20,Senior citizen
4277-BWBML,0.004,19.95,-59.82,no offer,Monthly bill: $20,Partner: Yes
5787-KXGIY,0.004,19.3,-59.83,no offer,Monthly bill: $19,Dependents: No
0464-WJTKO,0.004,20.1,-59.83,no offer,Monthly bill: $20,gender: Female
3642-BYHDO,0.004,19.9,-59.83,no offer,Monthly bill: $20,gender: Female
7876-DNYAP,0.004,19.8,-59.83,no offer,Monthly bill: $20,gender: Female
1166-PQLGG,0.004,19.55,-59.83,no offer,Monthly bill: $20,gender: Female
3173-WSSUE,0.004,19.7,-59.84,no offer,Monthly bill: $20,gender: Female
1052-QJIBV,0.004,19.9,-59.84,no offer,Monthly bill: $20,gender: Female
4086-WITJG,0.003,19.7,-59.85,no offer,Monthly bill: $20,Partner: Yes
2848-YXSMW,0.003,19.4,-59.86,no offer,Monthly bill: $19,Partner: Yes
